provider,dataset,ourSubCategory,ourMainCategory,shortDescription,category,subcategory
"Merit Network, Inc.",BGP route hijacking May ,Adverse Events,Macro-level Internet Characteristics,BGP route hijacking event ,BGP Routing Data,BGP Routing Data
"Merit Network, Inc.",BGP_route_hijack_,Adverse Events,Macro-level Internet Characteristics,A BGP route hijacking incident ,BGP Routing Data,BGP Routing Data
University of Southern California-Information Sciences Institute,internet_outage_adaptive_a,Adverse Events,Macro-level Internet Characteristics,supplement data for A12,Address Space Allocation Data,Network Outage
University of Southern California-Information Sciences Institute,internet_outage_survey_it,Adverse Events,Macro-level Internet Characteristics,outages in a sample of IPv4 /24 blocks,Address Space Allocation Data,Network Outage
Packet Clearing House,PCH - BGP Outage Data,Adverse Events,Macro-level Internet Characteristics,Logs of Internet outage events.,BGP Routing Data,BGP Routing Data
Packet Clearing House,PCH - Routing Prefix Origin Inconsistencies,Adverse Events,Macro-level Internet Characteristics,Daily tables of BGP inconsistencies,BGP Routing Data,Routing Prefix Origin Inconsistencies
"Merit Network, Inc.",Darkhex (6 concurrent /8 collections),Alerts,Defender Artifacts,Blackhole Packet Capture of 5/8,Blackhole Address Space Data,Longitudinal Blackhole Address Space Data
"Merit Network, Inc.",Darknet ,Alerts,Defender Artifacts,Blackhole Packet Capture of 1/8,Blackhole Address Space Data,Longitudinal Blackhole Address Space Data
"Merit Network, Inc.",Darknet bad_,Alerts,Defender Artifacts,Blackhole Packet Capture of bad_184/8,Blackhole Address Space Data,Longitudinal Blackhole Address Space Data
University of Wisconsin,DSHIELD Logs,Alerts,Defender Artifacts,Firewall/IDS logs from 1700+ networks,IDS and Firewall Data,Global Intrusion Detection Database
University of Michigan,HTTPS ecosystem,Alerts,Defender Artifacts,scans of the HTTPS ecosystem,Application Layer Security Data,SSL Certificate Data
"Merit Network, Inc.",Longitudinal Darknet ,Alerts,Defender Artifacts,Network telescope data from 35/8 block,Blackhole Address Space Data,Longitudinal Blackhole Address Space Data
"Merit Network, Inc.",Network Scanners ,Alerts,Defender Artifacts,Network scanners from Darknet monitor,Blackhole Address Space Data,Network Scanning appearing in Darknet data
UCSD - Center for Applied Internet Data Analysis,Three Days Of Conficker Dataset,Alerts,Defender Artifacts,Three days of UCSD Network Telescope dat,Blackhole Address Space Data,UCSD Archived Network Telescope Data
UCSD - Center for Applied Internet Data Analysis,Two-Days-in-2008 Telescope Dataset,Alerts,Defender Artifacts,Two days of UCSD Network Telescope data,Blackhole Address Space Data,UCSD Archived Network Telescope Data
UCSD - Center for Applied Internet Data Analysis,UCSD Industry Evaluation Near-Real Time Network Telescope Dataset,Alerts,Defender Artifacts,One-Year-Old Traces from the UCSD Networ,Blackhole Address Space Data,UCSD Real-time Network Telescope Data
UCSD - Center for Applied Internet Data Analysis,UCSD Real-time Network Telescope Data,Alerts,Defender Artifacts,Traces from the UCSD Network Telescope,Blackhole Address Space Data,UCSD Real-time Network Telescope Data
University of Wisconsin,Network Time Protocol (NTP) packet traces,Applications,Macro-level Internet Characteristics,Network Time Protocol (NTP) packet traces,IP Packet Headers,IP Packet Headers
University of Wisconsin,Web Cookie Data,Applications,Macro-level Internet Characteristics,Web Cookies,Traffic Flow Data,Traffic Flow Data
University of Southern California-Information Sciences Institute,attack-servpath-tcpsyn-,Attacks,Attacker Related,tcp syn attack with background traffic,IP Packet Headers,IP Packet Headers
University of Southern California-Information Sciences Institute,attack-servpath-udp,Attacks,Attacker Related,short attack on UDP port 22 captured at ,IP Packet Headers,IP Packet Headers
University of Southern California-Information Sciences Institute,attack-tcpsyn-,Attacks,Attacker Related,tcp syn attack with background traffic,IP Packet Headers,IP Packet Headers
University of Southern California-Information Sciences Institute,attack-udp,Attacks,Attacker Related,attack on UDP port 22,IP Packet Headers,IP Packet Headers
UCSD - Center for Applied Internet Data Analysis,Backscatter-,Attacks,Attacker Related,Quarterly DoS backscatter traces,Blackhole Address Space Data,UCSD Archived Network Telescope Data
UCSD - Center for Applied Internet Data Analysis,Backscatter-tocs,Attacks,Attacker Related,Quarterly DoS backscatter traces,Blackhole Address Space Data,UCSD Archived Network Telescope Data
UCSD - Center for Applied Internet Data Analysis,CAIDA DDoS 2007 Attack Dataset,Attacks,Attacker Related,Anonymized traffic from a DDoS Attack,IP Packet Headers,DDoS Attack IP Packet Headers
UCSD - Center for Applied Internet Data Analysis,CAIDA Two-Days-In-2008 Telescope Dataset,Attacks,Attacker Related,Dataset of two full days of traces from ,IP Packet Headers,DDoS Attack IP Packet Headers
UCSD - Center for Applied Internet Data Analysis,Code Red Dataset,Attacks,Attacker Related,Data for the CodeRed Worm outbreak,Blackhole Address Space Data,UCSD Archived Network Telescope Data
Georgia Tech,Conficker Botnet Sinkhole Connection Data,Attacks,Attacker Related,Conficker Client Connection Data,Sinkhole Data,Botnet Sinkhole Data
Colorado State University,CSUSpamLogs,Attacks,Attacker Related,Spam Logs from a Large University,Unsolicited Bulk Email Data,CSU Spam Logs
"Merit Network, Inc.",DDOS_Chargen_,Attacks,Attacker Related,Internet traffic data containing a DDoS attack based on UDP Chargen protocol,Traffic Flow Data,Traffic Flow Data
"Merit Network, Inc.",DNS AMPL DDOS DEC,Attacks,Attacker Related,A DNS-based amplification DDOS attack,Traffic Flow Data,Traffic Flow Data
University of Southern California-Information Sciences Institute,DoS_,Attacks,Attacker Related,DoS TCP SYN/ACK trace,IP Packet Headers,IP Packet Headers
University of Southern California-Information Sciences Institute,DoS_traces-,Attacks,Attacker Related,Set of 3 DoS attacks from 2002,IP Packet Headers,IP Packet Headers
Georgia Tech,Flashback Botnet Sinkhole Connection Data,Attacks,Attacker Related,Flashback Client Connection Data,Sinkhole Data,Botnet Sinkhole Data
Colorado State University,FRGP_SSDP_Reflection_DDoS_Attack_Traffic-,Attacks,Attacker Related,SSDP reflection attack,Traffic Flow Data,Continuous Flow Data
Colorado State University,FRGPNTPFlowData-,Attacks,Attacker Related,NTP reflection attack,Traffic Flow Data,Continuous Flow Data
Georgia Tech,GT Malware Passive DNS Data Daily Feed,Attacks,Attacker Related,GT Malware Passive DNS Data Daily Feed,DNS Data,GT Malware Passive DNS Data Daily Feed
Georgia Tech,GT Malware Unsolicited Email Daily Feed,Attacks,Attacker Related,GT Malware Unsolicited Email Daily Feed,Unsolicited Bulk Email Data,GT Malware Unsolicited Email Daily Feed
Georgia Tech,Historical GT Malware Passive DNS Data ,Attacks,Attacker Related,GT Malware Passive DNS Data 2011-2013,DNS Data,GT Historical Malware Passive DNS Data
University of Michigan,ims-bagle_backdoor,Attacks,Attacker Related,IMS data from the Bagle backdoor,Blackhole Address Space Data,Blackhole Address Space Data
University of Michigan,ims-dabber,Attacks,Attacker Related,IMS data from the Dabber worm,Blackhole Address Space Data,Blackhole Address Space Data
University of Michigan,ims-mydoom_backdoor,Attacks,Attacker Related,IMS data from the MyDoom backdoor,Blackhole Address Space Data,Blackhole Address Space Data
University of Michigan,ims-mysqlbot,Attacks,Attacker Related,IMS data from the MySQLbot worm,Blackhole Address Space Data,Blackhole Address Space Data
University of Michigan,ims-sasser,Attacks,Attacker Related,IMS data from the Sasser worm,Blackhole Address Space Data,Blackhole Address Space Data
University of Michigan,ims-tcp42_wins,Attacks,Attacker Related,IMS data from the TCP/42 WINS worm,Blackhole Address Space Data,Blackhole Address Space Data
University of Michigan,ims-tcp6101_veritas,Attacks,Attacker Related,IMS data from the TCP/6101 Veritas worm,Blackhole Address Space Data,Blackhole Address Space Data
University of Michigan,ims-trend-,Attacks,Attacker Related,IMS Trend data,Blackhole Address Space Data,Blackhole Address Space Data
University of Michigan,ims-witty,Attacks,Attacker Related,IMS data from the Witty worm,Blackhole Address Space Data,Blackhole Address Space Data
University of Southern California-Information Sciences Institute,internet_address_hitlist_it,Attacks,Attacker Related,IPhitlist based on census up to it28w,Address Space Allocation Data,IP Hit Lists
University of Southern California-Information Sciences Institute,internet_address_hitlist_standing_w-,Attacks,Attacker Related,Standing request for histlist datasets,Address Space Allocation Data,Standing IP Hit Lists
University of Southern California-Information Sciences Institute,iperf_emulated_attacks-,Attacks,Attacker Related,Emulated attacks in enterprise traffic,Synthetically Generated Data,Experimental Data
Georgia Tech,Kraken Botnet Sinkhole Connection Data,Attacks,Attacker Related,Kraken Client Connection Data,Sinkhole Data,Botnet Sinkhole Data
"Merit Network, Inc.",Mirai scanning ,Attacks,Attacker Related,Network scanning attributed to the Mirai worm. The worm infects IoT devices and tries to propagate by scanning for insecure Telnet channels. ,Blackhole Address Space Data,Network Scanning appearing in Darknet data
"Merit Network, Inc.",NTP DDoS ,Attacks,Attacker Related,NTP Denial of Service attacks,Traffic Flow Data,Traffic Flow Data
"Merit Network, Inc.",PAM13 dataset (Reputation Block Lists),Attacks,Attacker Related,Blacklisted IPs,Traffic Flow Data,Traffic Flow Data
UCSD - Center for Applied Internet Data Analysis,Patch Tuesday Dataset,Attacks,Attacker Related,Two months of aggregated data from the U,Blackhole Address Space Data,UCSD Archived Network Telescope Data
"Merit Network, Inc.",RADB DDoS ,Attacks,Attacker Related,A DDoS event against the RADb service,Traffic Flow Data,Traffic Flow Data
"Merit Network, Inc.",SIP_scanning_2016 ,Attacks,Attacker Related,Malicious scanning related to SIP,Traffic Flow Data,Traffic Flow Data
"Merit Network, Inc.",SSDP DDoS attack ,Attacks,Attacker Related,A DDoS attack based on the SSDP protocol,Traffic Flow Data,Traffic Flow Data
"Merit Network, Inc.",syn-flood-attack,Attacks,Attacker Related,Netflow data for a syn flood,Traffic Flow Data,Traffic Flow Data
UCSD - Center for Applied Internet Data Analysis,UCSD Telescope Darknet Scanners dataset,Attacks,Attacker Related,IPs for h-scans of the network telescope,Blackhole Address Space Data,UCSD Archived Network Telescope Data
UCSD - Center for Applied Internet Data Analysis,UCSD Telescope Sipscan dataset,Attacks,Attacker Related,Information about UDP packets captured during the Sipscan event (Jan-Feb 2011),Blackhole Address Space Data,UCSD Archived Network Telescope Data
University of Southern California-Information Sciences Institute,UniformAttack_traces-,Attacks,Attacker Related,Artificial traces with uniform attacks,IP Packet Headers,IP Packet Headers
UCSD - Center for Applied Internet Data Analysis,Witty Worm Dataset,Attacks,Attacker Related,Data for the Witty Worm outbreak,Blackhole Address Space Data,UCSD Archived Network Telescope Data
University of Southern California-Information Sciences Institute,Bottleneck_traces-,Benchmark,Macro-level Internet Characteristics,bottleneck trace at USC Internet2 link,IP Packet Headers,IP Packet Headers
Packet Clearing House,E2ENRM,Benchmark,Macro-level Internet Characteristics,End-to-End Network Reliability Metrics,Performance and Quality Measurements,VOIP Measurement Data
Packet Clearing House,FCC US ISP Broadband Performance Characterization,Benchmark,Macro-level Internet Characteristics,US ISP broadband characterization,Performance and Quality Measurements,Broadband Measurement Data
International Computer Science Institute (ICSI),Netalyzr,Benchmark,Macro-level Internet Characteristics,Partially redacted Netalyzr data,Performance and Quality Measurements,Netalyzr Data
Indiana University,Certificates Data,Configurations,Defender Artifacts,Certificate fields from the certificates,Application Layer Security Data,X509 Certificates
Colorado State University,IPReputationList,Configurations,Defender Artifacts,IP Reputation List from eSoft.com,Unsolicited Bulk Email Data,IP Reputation Lists
UCSD - Center for Applied Internet Data Analysis,"April 24, 2003 OC48 Peering Point Trace",Network Traces,Macro-level Internet Characteristics,4/24/2003 OC48 Trace,IP Packet Headers,OC48 Peering Point IP Packet Headers
UCSD - Center for Applied Internet Data Analysis,"August 14, 2002 OC48 Peering Point Trace",Network Traces,Macro-level Internet Characteristics,8/14/2002 OC48 Trace,IP Packet Headers,OC48 Peering Point IP Packet Headers
UCSD - Center for Applied Internet Data Analysis,CAIDA Anonymized 2007 Internet Traces,Network Traces,Macro-level Internet Characteristics,packet headers at AMPATH exchange,IP Packet Headers,DDoS Attack IP Packet Headers
"Merit Network, Inc.",Departmental-Netflow-Trace-,Network Traces,Macro-level Internet Characteristics,Departmental Netflow,Traffic Flow Data,Traffic Flow Data
University of Southern California-Information Sciences Institute,DITL_I,Network Traces,Macro-level Internet Characteristics,USC's Internet 2 traffic for DITL 2008,IP Packet Headers,IP Packet Headers
Colorado State University,FRGPContinuousFlowData,Network Traces,Macro-level Internet Characteristics,FRGP Continuous Flow Data,Traffic Flow Data,Continuous Flow Data
Colorado State University,FRGPContinuousFlowData_sample-,Network Traces,Macro-level Internet Characteristics,ARGUS flow data,Traffic Flow Data,Continuous Flow Data
UCSD - Center for Applied Internet Data Analysis,"January 15, 2003 OC48 Peering Point Trace",Network Traces,Macro-level Internet Characteristics,1/15/2003 OC48 Trace,IP Packet Headers,OC48 Peering Point IP Packet Headers
University of Southern California-Information Sciences Institute,lander_sample-,Network Traces,Macro-level Internet Characteristics,Sample packet headers from LANDER,IP Packet Headers,IP Packet Headers
University of Southern California-Information Sciences Institute,long_flows_D,Network Traces,Macro-level Internet Characteristics,2 days of IP flows in 2009.,Traffic Flow Data,Long-lived Flow Summarization-Host Only Anon
"Merit Network, Inc.",Netflow-,Network Traces,Macro-level Internet Characteristics,Traffic Collected from Chicago.,Traffic Flow Data,Traffic Flow Data
"Merit Network, Inc.",netflow-site,Benchmark,Macro-level Internet Characteristics,Sampled netflow measurements,Traffic Flow Data,Traffic Flow Data
University of Southern California-Information Sciences Institute,p,Network Traces,Macro-level Internet Characteristics,Passive TCP headers to eval p2p,IP Packet Headers,IP Packet Headers
University of Southern California-Information Sciences Institute,passive_active-,Network Traces,Macro-level Internet Characteristics,Active and passive service discovery,IP Packet Headers,IP Packet Headers
University of Southern California-Information Sciences Institute,tcp-reset-study-,Network Traces,Macro-level Internet Characteristics,analysis of tcp resets on provider link,IP Packet Headers,IP Packet Headers
UCSD - Center for Applied Internet Data Analysis,The Industry Evaluation IPv4 and IPv6 Topology Dataset,Benchmark,Macro-level Internet Characteristics,Samples of the CAIDA IPv4 and IPv6 Topol,Internet Topology Data,IPV4 Internet Topology Measured from Ark Platform Current
University of Michigan,UMICH-Departmental-Netflow-Trace-,Network Traces,Macro-level Internet Characteristics,Departmental Netflow ,Blackhole Address Space Data,Blackhole Address Space Data
University of Southern California-Information Sciences Institute,usc_lander_active_tracing_scrambled,Network Traces,Macro-level Internet Characteristics,On-going measurements at Los Nettos,IP Packet Headers,IP Packet Headers
University of Southern California-Information Sciences Institute,usc_lander_ongoing_tracing_scrambled,Network Traces,Macro-level Internet Characteristics,On-going measurements at Los Nettos,IP Packet Headers,IP Packet Headers
University of Southern California-Information Sciences Institute,usc_lander_ongoing_tracing_scrambled-,Network Traces,Macro-level Internet Characteristics,On-going measurements at Los Nettos,IP Packet Headers,IP Packet Headers
University of Southern California-Information Sciences Institute,usc_lander_passive_active-,Network Traces,Macro-level Internet Characteristics,enterprise active and passive flows,IP Packet Headers,IP Packet Headers
University of Southern California-Information Sciences Institute,usc_lander_tcp_syns-,Network Traces,Macro-level Internet Characteristics,Week-long TCP SYN records,IP Packet Headers,IP Packet Headers
University of Southern California-Information Sciences Institute,usc-lander-,Network Traces,Macro-level Internet Characteristics,SYN records over weeks to study patterns,IP Packet Headers,IP Packet Headers
Packet Clearing House,DARPA Scalable Network Monitoring (SNM) Program Traffic,Synthetic Data,Synthetic Data,The 2009 DARPA dataset is a synthesized ,Synthetically Generated Data,Synthetic Mixed Traffic from Scalable Network Monitoring Program
University of Southern California-Information Sciences Institute,DoS_DNS_amplification-,Synthetic Data,Synthetic Data,DoS DNS Amplification Attack,Synthetically Generated Data,Experimental Data
Packet Clearing House,Insider Threat Data Corpus,Synthetic Data,Synthetic Data,"Synthesized traffic presenting twelve potential insider threat scenarios, six true and six false positives. ",Synthetically Generated Data,Experimental Data
Packet Clearing House,NCCDC ,Synthetic Data,Synthetic Data,2008 NC Cyber Defense Competition,Synthetically Generated Data,Synthetic Cyber Exercise Data
Packet Clearing House,Skaion 2006 IARPA Dataset,Synthetic Data,Synthetic Data,Attacks and synthetic background traffic,Synthetically Generated Data,Synthetic data with attack scenario
University of Southern California-Information Sciences Institute,T-DNS-experiments-,Synthetic Data,Synthetic Data,t-DNS: Connection-Oriented DNS exp. data,Synthetically Generated Data,Experimental Data
University of Southern California-Information Sciences Institute,UniformAttack_Traces_Generated,Synthetic Data,Synthetic Data,Artificial traces with uniform attacks,Synthetically Generated Data,Experimental Data
Packet Clearing House,200paul.woodynet.pch.net.xml,Topology,Macro-level Internet Characteristics,routing topology view from PCH router <,BGP Routing Data,BGP Routing Data
UCSD - Center for Applied Internet Data Analysis,Active Topology Measurements with Skitter,Topology,Macro-level Internet Characteristics,Active measurements of the Internet,Internet Topology Data,Active Topology Measurements with Skitter
Packet Clearing House,amsix.woodynet.pch.net,Topology,Macro-level Internet Characteristics,routing topology view from a PCH router,BGP Routing Data,BGP Routing Data
University of Southern California-Information Sciences Institute,Anycast_Enumeration_from_PlanetLab_to_TLDns-20120402,Topology,Macro-level Internet Characteristics,"DNS and traceroute, PlanetLab to TLDs.",Internet Topology Data,Anycast Enumeration
University of Southern California-Information Sciences Institute,Anycast_Enumeration_from_rDNS_to_AS,Topology,Macro-level Internet Characteristics,DNS probes from rDNS servers to AS112.,Internet Topology Data,Anycast Enumeration
University of Southern California-Information Sciences Institute,as_to_org_mapping_inferred_truth-,Topology,Macro-level Internet Characteristics,The ASes clustered into 9 organizations,Internet Topology Data,AS Organizational Data
University of Southern California-Information Sciences Institute,as_to_org_mapping_subsidiary_linkage-,Topology,Macro-level Internet Characteristics,Links between ASes and subsidiaries,Internet Topology Data,AS Organizational Data
University of Southern California-Information Sciences Institute,as_to_org_mapping-,Topology,Macro-level Internet Characteristics,Mapping from ASes to organizations,Internet Topology Data,AS Organizational Data
Packet Clearing House,bdix.woodynet.pch.net,Topology,Macro-level Internet Characteristics,routing topology view from a PCH router,BGP Routing Data,BGP Routing Data
"Merit Network, Inc.",BGP Data,Topology,Macro-level Internet Characteristics,RIBs and Updates from Merit's BGP peers,BGP Routing Data,BGP Routing Data
University of Wisconsin,BGP Logs,Topology,Macro-level Internet Characteristics,BGP Updates and Tables,BGP Routing Data,Large State Educational Network BGP Update Messages and BGP Routing Table Dumps I
"Merit Network, Inc.",bgp-dumps,Topology,Macro-level Internet Characteristics,BGP Routing Table Dumps,BGP Routing Data,BGP Routing Data
"Merit Network, Inc.",bgp-updates,Topology,Macro-level Internet Characteristics,BGP messages,BGP Routing Data,BGP Routing Data
UCSD - Center for Applied Internet Data Analysis,Border mapping dataset,Topology,Macro-level Internet Characteristics,Border routers owned by the network hosting Ark VPs with the connected neighbor routers,Internet Topology Data,Internet Topology Data Kit Current
University of Southern California-Information Sciences Institute,classify_internet_address_blocks-,Topology,Macro-level Internet Characteristics,Active probes to classify addr blocks,Address Space Allocation Data,Internet Address Block Classification
University of Southern California-Information Sciences Institute,DITL_B_Root-,Topology,Macro-level Internet Characteristics,B root traffic for DITL 2013,DNS Data,Anonymized DNS Data
University of Southern California-Information Sciences Institute,DNS_Backscatter_M_Root_anon-,Adverse Events,Macro-level Internet Characteristics,DNS Backscatter Data,DNS Data,Anonymized DNS Data
Packet Clearing House,equinix-ashburn.woodynet.pch.net,Topology,Macro-level Internet Characteristics,routing topology view from a PCH router,BGP Routing Data,BGP Routing Data
Packet Clearing House,equinix-la.woodynet.pch.net,Topology,Macro-level Internet Characteristics,routing topology view from a PCH router,BGP Routing Data,BGP Routing Data
Packet Clearing House,equinix-sin.woodynet.pch.net,Topology,Macro-level Internet Characteristics,routing topology view from a PCH router,BGP Routing Data,BGP Routing Data
University of Southern California-Information Sciences Institute,geoloc_,Topology,Macro-level Internet Characteristics,IP Geolocation,Internet Topology Data,IP Address Geolocation Data
University of Southern California-Information Sciences Institute,geoloc_sparse_prefixes-,Topology,Macro-level Internet Characteristics,IP Geolocation,Internet Topology Data,IP Address Geolocation Data
University of Southern California-Information Sciences Institute,geoloc_university_ground_truth-,Topology,Macro-level Internet Characteristics,Geolocation ground truth data,Internet Topology Data,IP Address Geolocation Data
Packet Clearing House,hkix.woodynet.pch.net,Topology,Macro-level Internet Characteristics,routing topology view from a PCH router,BGP Routing Data,BGP Routing Data
University of Wisconsin,Internet Atlas,Topology,Macro-level Internet Characteristics,Internet physical infrastructure portal,Infrastructure Data,Critical Infrastructure Situational Awareness
Packet Clearing House,Internet Routing Topology Archive,Adverse Events,Macro-level Internet Characteristics,routing topology view from PCH routers,BGP Routing Data,Routing Outage Data
University of Southern California-Information Sciences Institute,internet_adddress_census_it,Topology,Macro-level Internet Characteristics,ping census of allocated IPv4 addresses,Address Space Allocation Data,Internet Census and Survey Data
University of Southern California-Information Sciences Institute,internet_address_census_it,Topology,Macro-level Internet Characteristics,ping census of allocated IPv4 addresses,Address Space Allocation Data,Internet Census and Survey Data
University of Southern California-Information Sciences Institute,internet_address_census_standing_c-,Topology,Macro-level Internet Characteristics,Standing request for ping census of IPv4,Address Space Allocation Data,Standing Internet & Census Survey Data
University of Southern California-Information Sciences Institute,internet_address_census_standing_j-,Topology,Macro-level Internet Characteristics,Standing request for ping census of IPv4,Address Space Allocation Data,Standing Internet & Census Survey Data
University of Southern California-Information Sciences Institute,internet_address_census_standing_w-,Topology,Macro-level Internet Characteristics,Standing request for ping census of IPv4,Address Space Allocation Data,Standing Internet & Census Survey Data
University of Southern California-Information Sciences Institute,internet_address_history_it,Topology,Macro-level Internet Characteristics,IP history based on census up to it43w,Address Space Allocation Data,Internet Census and Survey Data
University of Southern California-Information Sciences Institute,internet_address_history_standing_w-,Topology,Macro-level Internet Characteristics,standing IP history datasets,Address Space Allocation Data,Standing Internet & Census Survey Data
University of Southern California-Information Sciences Institute,internet_address_survey_icmp,Topology,Macro-level Internet Characteristics,ping census of allocated IPv4 addresses,Address Space Allocation Data,Internet Census and Survey Data
University of Southern California-Information Sciences Institute,internet_address_survey_it,Topology,Macro-level Internet Characteristics,ping census of allocated IPv4 addresses,Address Space Allocation Data,Internet Census and Survey Data
University of Southern California-Information Sciences Institute,internet_address_survey_reprobing_it,Topology,Macro-level Internet Characteristics,multi-ping survey of some IPv4 addresses,Address Space Allocation Data,Internet Census and Survey Data
University of Southern California-Information Sciences Institute,internet_address_survey_standing_c-,Topology,Macro-level Internet Characteristics,Standing request for multi-ping survey,Address Space Allocation Data,Standing Internet & Census Survey Data
University of Southern California-Information Sciences Institute,internet_address_survey_standing_j-,Topology,Macro-level Internet Characteristics,Standing request for multi-ping survey,Address Space Allocation Data,Standing Internet & Census Survey Data
University of Southern California-Information Sciences Institute,internet_address_survey_standing_w-,Topology,Macro-level Internet Characteristics,Standing request for multi-ping survey,Address Space Allocation Data,Standing Internet & Census Survey Data
University of Southern California-Information Sciences Institute,internet_address_survey_tcp,Topology,Macro-level Internet Characteristics,TCP probe census of alloc IPv4 addresses,Address Space Allocation Data,Internet Census and Survey Data
University of Southern California-Information Sciences Institute,internet_router_map_planetlab-,Topology,Macro-level Internet Characteristics,Router-level map of the Internet.,Address Space Allocation Data,Internet Census and Survey Data
UCSD - Center for Applied Internet Data Analysis,IPv4 2013 census dataset,Topology,Macro-level Internet Characteristics,IPv4 address taxonomy for 24 addr blocks,Address Space Allocation Data,Internet Address Block Classification
UCSD - Center for Applied Internet Data Analysis,IPv4 Prefix-Probing Current,Topology,Macro-level Internet Characteristics,Announced BGP prefixes from RIPE and RouteViews BGP data gathered with BGPStream.,Internet Topology Data,IPV4 Internet Topology Measured from Ark Platform Current
UCSD - Center for Applied Internet Data Analysis,IPv4 Routed /24 DNS Names,Topology,Macro-level Internet Characteristics,Domain names for IPAs in Ark traces,Internet Topology Data,IPV4 Internet Topology measured from Ark Platform older than 2 years
UCSD - Center for Applied Internet Data Analysis,IPv4 Routed /24 DNS Names Current,Topology,Macro-level Internet Characteristics,Domain names for IP addresses in recent ,Internet Topology Data,IPV4 Internet Topology Measured from Ark Platform Current
UCSD - Center for Applied Internet Data Analysis,IPv4 Routed /24 Topology,Topology,Macro-level Internet Characteristics,Ark data for studying Internet topology,Internet Topology Data,IPV4 Internet Topology measured from Ark Platform older than 2 years
UCSD - Center for Applied Internet Data Analysis,IPv4 Routed /24 Topology Current,Topology,Macro-level Internet Characteristics,Recent Ark data for studying Internet to,Internet Topology Data,IPV4 Internet Topology Measured from Ark Platform Current
UCSD - Center for Applied Internet Data Analysis,IPv6 Topology,Topology,Macro-level Internet Characteristics,Ark data for studying IPv6 topology,Internet Topology Data,IPV6 Internet Topology Measured from Ark Platform
UCSD - Center for Applied Internet Data Analysis,ITDK ,Topology,Macro-level Internet Characteristics,Ark ITDK for 2009 Dec 14 - 2010 Jan 13,Internet Topology Data,Internet Topology Data Kit Older than 2 years
Packet Clearing House,jinx.woodynet.pch.net,Topology,Macro-level Internet Characteristics,routing topology view from a PCH router,BGP Routing Data,BGP Routing Data
Packet Clearing House,laiix.woodynet.pch.net,Topology,Macro-level Internet Characteristics,routing topology view from a PCH router,BGP Routing Data,BGP Routing Data
Packet Clearing House,linx.woodynet.pch.net,Topology,Macro-level Internet Characteristics,routing topology view from a PCH router,BGP Routing Data,BGP Routing Data
Packet Clearing House,netnod.woodynet.pch.net,Topology,Macro-level Internet Characteristics,routing topology view from a PCH router,BGP Routing Data,BGP Routing Data
Packet Clearing House,nota.woodynet.pch.net,Topology,Macro-level Internet Characteristics,routing topology view from a PCH router,BGP Routing Data,BGP Routing Data
Packet Clearing House,npix.woodynet.pch.net,Topology,Macro-level Internet Characteristics,routing topology view from a PCH router,BGP Routing Data,BGP Routing Data
Packet Clearing House,nyiix.woodynet.pch.net,Topology,Macro-level Internet Characteristics,routing topology view from a PCH router,BGP Routing Data,BGP Routing Data
Packet Clearing House,PCH - BGP routing table data,Topology,Macro-level Internet Characteristics,BGP routing table data,BGP Routing Data,BGP Routing Data
Packet Clearing House,PCH - Cable System Topology,Topology,Macro-level Internet Characteristics,Topology of international cable system.,Infrastructure Data,Cable System Topology
Packet Clearing House,PCH - DNS Query Metadata,Topology,Macro-level Internet Characteristics,Statistics on DNS query types over time.,DNS Data,DNS Query Metadata
Packet Clearing House,PCH - IXP Member Lists,Topology,Macro-level Internet Characteristics,A directory of Internet exchange points.,Infrastructure Data,IXP Member Lists
"Merit Network, Inc.",RADb - Routing Assets Database,Topology,Macro-level Internet Characteristics,Network routing information ,BGP Routing Data,Routing Address Database Data
University of Southern California-Information Sciences Institute,rdns_ipv,Topology,Macro-level Internet Characteristics,Reverse DNS IPv4,DNS Data,Public DNS Data
University of Southern California-Information Sciences Institute,Root_DNS_Event-,Topology,Macro-level Internet Characteristics,DNS CHAOS data for all Root Letters,Internet Topology Data,Anycast Enumeration
Packet Clearing House,Routing Topology Views,Topology,Macro-level Internet Characteristics,Routing topology views from PCH routers,BGP Routing Data,BGP Routing Data
University of Southern California-Information Sciences Institute,Service_Enumeration_Google-,Topology,Macro-level Internet Characteristics,Mapping Googl's infrastructure.,Internet Topology Data,Anycast Enumeration
UCSD - Center for Applied Internet Data Analysis,Skitter Internet Topology Data Kits (ITDKs),Topology,Macro-level Internet Characteristics,Skitter ITDKs for Apr 2002 and Apr 2003,Internet Topology Data,Active Topology Measurements with Skitter
University of Southern California-Information Sciences Institute,survey_validation_tcpvsicmp-20071009,Topology,Macro-level Internet Characteristics,"TCP, ICMP effectiveness probing hosts",Address Space Allocation Data,Internet Census and Survey Data
Test Data Provider 1,Test Dataset 1 - Quasi-Restricted Commercial,Topology,Macro-level Internet Characteristics,Short Description,DNS Data,DNS Query Metadata
Test Data Provider 1,Test Dataset 1 - Quasi-Restricted Non-Commercial,Topology,Macro-level Internet Characteristics,Short Description,DNS Data,DNS Query Metadata
Test Data Provider 1,Test Dataset 1 - Restricted Commercial,Topology,Macro-level Internet Characteristics,Short Description,DNS Data,DNS Query Metadata
Test Data Provider 1,Test Dataset 1 - Restricted Non-Commercial,Topology,Macro-level Internet Characteristics,Short Description,DNS Data,DNS Query Metadata
Test Data Provider 1,Test Dataset 1 - Unrestricted Commercial,Topology,Macro-level Internet Characteristics,Short Description,DNS Data,DNS Query Metadata
Test Data Provider 1,Test Dataset 1 - Unrestricted Non-Commercial,Topology,Macro-level Internet Characteristics,Short Description,DNS Data,DNS Query Metadata
Test Data Provider 2,Test Dataset 2 - Quasi-Restricted Commercial,Topology,Macro-level Internet Characteristics,Short Description,DNS Data,DNS Query Metadata
Test Data Provider 2,Test Dataset 2 - Restricted Commercial,Topology,Macro-level Internet Characteristics,Short Description,DNS Data,DNS Query Metadata
Test Data Provider 2,Test Dataset 2 - Unrestricted Commercial,Topology,Macro-level Internet Characteristics,Short Description,DNS Data,DNS Query Metadata
Test Data Provider 3,Test Dataset 3 - Quasi-Restricted Commercial,Topology,Macro-level Internet Characteristics,Short Description,DNS Data,DNS Query Metadata
Test Data Provider 3,Test Dataset 3 - Restricted Commercial,Topology,Macro-level Internet Characteristics,Short Description,DNS Data,DNS Query Metadata
Test Data Provider 3,Test Dataset 3 - Unrestricted Commercial,Topology,Macro-level Internet Characteristics,Short Description,DNS Data,DNS Query Metadata
University of Wisconsin,US Long-haul Infrastructure Topology,Topology,Macro-level Internet Characteristics,Map of US long-haul infrastructure,Infrastructure Data,US Long-Haul Infrastructure Topology