Paper ID,Coder,Paper name,URL,Conference,Year,DHS funding,Data Used or Produced?,Description,Public?,In IMPACT / PREDICT?,Data link,Research or Industry?,Data Category
,Muwei,Website-Targeted False Content Injection by Network Operators',https://www.usenix.org/conference/usenixsecurity16/technical-sessions/presentation/nakibly,USENIX,2016,No,Produced,Grouping and analyzing injections,No,No,\,Research,Adverse Events
,Hannah,The MALICIA Dataset: Identification and Analysis of Drive-by Download Operations.,https://lirias.kuleuven.be/bitstream/123456789/464045/1/malicia_dataset.pdf,International Journal of Information Security,2015,No,Produced,"collect over time how exploit servers are configured, which exploits they use, and what malware they distribute, grouping servers with similar configurations intooperations",Yes,No,http://malicia-project.com/,Research,Attacks
,Hannah,Search + Seizure: The Effectiveness of Interventions on SEO Campaigns,http://conferences2.sigcomm.org/imc/2014/papers/p359.pdf,IMC (Internet Measurement Conference),2014,No,Produced,"provide the first large-scale empirical characterization of SEO abuse for luxury brands. fetch visitor data for each store by visiting the publicly ac- cessible default AWStats URL, In the PSR data set, we found 68,193 ‰ÛÏhacked‰Ûù search results.",No,No,\,Research,Attacks
,Hannah,AUDACIOUS: User-Driven Access Control with Unmodified Operating Systems,https://dl.acm.org/authorize?N14357,CCS,2016,No,Produced,1060 errors acros 88 of the top 100 free applications in the Android application store caused by event and click forgery,No,No,\,Research,Attacks
,Hannah,New Security Threats Caused by IMS-based SMS Service in 4G LTE Networks,https://dl.acm.org/authorize.cfm?key=N14328,CCS,2016,No,Produced,Attacks based on those vulnerabilities crafted,Yes,No,Data in paper,Research,Attacks
,Hannah,Analyzing Forged SSL Certificates in the Wild,http://ieeexplore.ieee.org/stamp/stamp.jsp?tp=&arnumber=6956558,SP,2014,No,Produced,~6K websites with forged SSL certificates,No,No,\,Research,Attacks
,Hannah,An Empirical Comparison of Botnet Detection Methods,https://pdfs.semanticscholar.org/eabb/a0b46f4325d28d6e02f4ebbf70f40a1263a5.pdf,N/A,2014,No,Produced, dataset consisted in a set of virtualized computers running the Microsoft Windows XP SP2 operating system on top of a Linux Debian host,Yes,No,https://mcfp.felk.cvut.cz/,Research,Attacks
,Hannah,Toward Understanding Distributed Blackhole Placement,http://dl.acm.org/citation.cfm?id=1029627,WORM 2004,2004,No,Produced,"Three  successively more specific views of traffic to a network of distributed blackhole sensors. The data was recorded over a one month period with SYN responders on TCP port 135, 445, 4444, and 9996 across all sensors",Yes,No,\,Research,Attacks
,Hannah,Reliable Third-Party Library Detection in Android and its Security Applications,https://dl.acm.org/authorize.cfm?key=N14369,CCS,2016,No,Produced,"360 affected packages from 23 distinct apps with vulnerability of Dropbox SDK versions 1.5.4 and 1.6.1,  394 affected packages from 51 distinct apps with an account hijacking vulnerability, 667 app versions of 296 distinct apps with a cumulative install-base of 3.7bn using ad libs with verified crypto misuse",No,No,\,Research,Attacks
,Muwei,Estimating the costs of consumer-facing cybercrime: A tailored instrument and representative data for six EU countries,http://weis2016.econinfosec.org/wp-content/uploads/sites/2/2016/05/WEIS_2016_paper_54-2.pdf,WEIS,2016,No,Produced,"We develop an instrument to measure the prevalence of cybercrime and the costs to consumers. We collected representative data for adult Internet users in the following six European member states (in protocol order): Germany (DE), Estonia (EE), Italy (IT), the Netherlands (NL), Poland (PL), and the United Kingdom (UK).",Yes(regional EU),No,http:// ecrime-project.eu/,Research,Attacks
,Muwei,Consumer Attitudes Toward Data Breach Notifications and Loss of Personal Information,http://weis2016.econinfosec.org/wp-content/uploads/sites/2/2016/05/WEIS_2016_paper_11-2.pdf,WEIS,2016,No,Produced,"The survey was conducted using the American Life Panel, a nationally representative panel of more than 6,000 adults who participate in Internet-based surveys covering a diverse set of issues. Fielded between May 15 and June 1, 2015, the survey was designed to provide a snapshot of the frequency of breach notifications and the types of data compromised, as well as consumer reactions to the breach, the notification process, and the affected company. Our survey was fielded between May 14 and June 1, 2015, to 2,618 adults.",No,No,/,Research,Attacks
,Muwei,National-level risk assessment: A multi-country study of malware infections,http://weis2016.econinfosec.org/wp-content/uploads/sites/2/2016/06/WEIS_2016_paper_38-2-1.pdf,WEIS,2016,No,Produced,"Calculating Infection Rate basing on geometry. The five less infected countries were Aland Islands (1.4%), Japan (3%), Cayman Islands (3.4%), Finland (3.6%) and Liechtenstien (3.7%), while the five most infected countries were Ethiopia (63.8%), Iraq (54.5%), Pakistan (54.2%), Yemen (51.8%) and Sudan (51.2%)",No,No,/,Research,Attacks
,Muwei,Strategic News Bundling and Privacy Breach Disclosures,http://weis2016.econinfosec.org/wp-content/uploads/sites/2/2016/05/WEIS_2016_paper_20-1.pdf,WEIS,2016,No,Produced,I build a novel dataset of privacy breaches and hacking from publicly available data from different privacy specialized websites. I construct a large dataset of stocks and news reports of publicly traded companies ,No,No,/,Research,Attacks
,Muwei,RAPTOR: Routing Attacks on Privacy in Tor,https://www.usenix.org/system/files/conference/usenixsecurity15/sec15-paper-sun.pdf,USENIX,2015,No,Produced,"Attack Tor and measure the actual forwarding path taken by packets entering and exiting the Tor network. 62500 totally possible Tor circuits. #2. 612+ million BGP updates per-taining to 550,000 IP prefixes collected by six RIPE- maintained BGP Looking Glass",Yes,No,https://collector.torproject.org,Research,Attacks
,Muwei,Seeing through Network-Protocol Obfuscation,http://dl.acm.org/citation.cfm?doid=2810103.2813715,CCS,2015,No,Produced,"packet-level traces for Tor Pluggable Transport traffic collected in controlled environments, website fingerprint attack",No,No,/,Research,Attacks
,Muwei,Dissecting Android Malware: Characterization and Evolution.,http://nieh.net/teaching/e6998/papers/OAKLAND12.pdf,IEEE Security and Privacy,2012,No,Produced,"We obtain the list by carefully examining the related security announcements, threat reports, and blog contents from existing mobile anti- virus companies and active researchers, Our dataset has 1260 samples",No,No,/,Research,Attacks
,Muwei,Certified PUP: Abuse in Authenticode Code Signing,http://dl.acm.org/citation.cfm?doid=2810103.2813669,CCS,2015,No,Produced,"The certificate blacklist output by our infrastructure contains 2,170 CA-issued code signing certificates",No,No,/,Research,Attacks
,Muwei,The Ever-Changing Labyrinth: A Large-Scale Analysis of Wildcard DNS Powered Blackhat SEO',https://www.usenix.org/conference/usenixsecurity16/technical-sessions/presentation/du,USENIX,2016,No,Produced,"examined over 13 million domains under 22 TLDs/SLDs and discovered over 458K SEO domains. Finally, we measured the spider-pool ecosystem on top of these domains and analyzed the crawling results from 21 spider pools",No,No,/,Research,Attacks
,Muwei,A Comprehensive Measurement Study of Domain Generating Malware',https://www.usenix.org/conference/usenixsecurity16/technical-sessions/presentation/plohmann,USENIX,2016,No,Produced,43 DGA based malware famillies and variants,Yes,No,https://dgarchive.caad.fkie.fraunhofer.de,Research,Attacks
,Muwei,Towards Measuring and Mitigating Social Engineering Software Download Attacks',https://www.usenix.org/conference/usenixsecurity16/technical-sessions/presentation/nelms,USENIX,2016,No,Produced,collect and reconstruct more than two thousand examples of in-thewild SE download attacks from live network traffic.,No,No,/,Research,Attacks
,Muwei,Finding Unknown Malice in 10 Seconds: Mass Vetting for New Threats at the Google-Play Scale,https://www.usenix.org/conference/usenixsecurity15/technical-sessions/presentation/chen-kai,USENIX,2015,No,Produced,"Over the 127,429 malicious apps detected in our study",No,No,/,Research,Attacks
,Muwei,Evilcohort: detecting communities of malicious accounts on online services,https://www.usenix.org/system/files/conference/usenixsecurity15/sec15-paper-stringhini.pdf,USENIX,2015,Yes,Produced,"In total, Lis com- posed of 66,509 malicious accounts",No,No,/,Research,Attacks
,Hannah,Traveling the Silk Road: A Measurement Analysis of a Large Anonymous Online Marketplace,https://www.andrew.cmu.edu/user/nicolasc/publications/TR-CMU-CyLab-12-018.pdf,WWW 2013 (22nd international world wide web conference),2013,No,Produced,"gather and analyze data over eight months between the end of 2011 and 2012, including daily crawls of the marketplace for nearly six months in 2012 (February 3, 2012 ‰ÛÒ July 24, 2012)",Yes,No,https://arima.cylab.cmu.edu/sr/,Research,Cybercrime Infrastructure
,Muwei,MyTrackingChoices: Pacifying the Ad-Block War by Enforcing User Privacy Preferences,http://weis2016.econinfosec.org/wp-content/uploads/sites/2/2016/05/WEIS_2016_paper_48.pdf,WEIS,2016,No,Produced,"we have approximately 76000 entries for English language. Three additional lists of unigrams and bigrams, although with a fewer number of entries, are also available for French, Spanish and Italian.The collected data is from those users of MyTrackingChoices who downloaded it directly from Chrome Web Store. In order to study blocking ad behaviors.",No,No,/,Research,Cybercrime Infrastructure
,Muwei,Measuring the longitudinal evolution of the online anonymous marketplace ecosystem,https://www.usenix.org/system/files/conference/usenixsecurity15/sec15-paper-soska.pdf,USENIX,2015,Yes,Produced,crawling online anonymous marketplaces,No,No,/,Research,Cybercrime Infrastructure
,Hannah,Chainsaw: Chained Automated Workflow-based Exploit Generation,http://dl.acm.org/citation.cfm?id=2978380,CCS,2016,No,Produced,199 first- and second-order injection exploits,Only a few were discussed,\,Some specific exploits in data paper,Research,Exploits
,Hannah,The Sounds of the Phones: Dangers of Zero-Effort Second Factor Login based on Ambient Audio,https://dl.acm.org/authorize.cfm?key=N14303,CCS,2016,No,Produced,General population statistics via an online survey to determine the phone usage habits and patterns relevant to attacks,No,No,\,Research,Offline Characteristics
,Hannah,When CSI Meets Public WiFi: Inferring Your Mobile Phone Password via WiFi Signals,https://dl.acm.org/authorize.cfm?key=N14314,CCS,2016,No,Produced,Study of ten volunteers and their touch screen usage related to entering passcodes,No,No,\,Research,Offline Characteristics
,Muwei,International Comparison of Bank Fraud Reimbursement: Customer Perceptions and Contractual Terms,http://weis2016.econinfosec.org/wp-content/uploads/sites/2/2016/05/WEIS_2016_paper_78-1.pdf,WEIS,2016,No,Produced," We surveyed the terms and conditions of 30 banks operating in 25 countries. The terms and conditions were reviewed to identify instructions or advice on security. This included how users should handle the PINs associated with their cards, as well as telephone and Internet banking credentials. The documents are worked through by 151 participants.",No,No,/,Research,Offline Characteristics
,Muwei,To Pin or Not to Pin‰ÛÓHelping App Developers Bullet Proof Their TLS Connections,https://www.usenix.org/system/files/conference/usenixsecurity15/sec15-paper-oltrogge.pdf,USENIX,2015,No,Produced,"we instrument telemetry data from a popular anti-virus software provider. We evaluate the update behaviour of 871,911 unique users from January 2014 to December 2014",No,No,/,Research,Offline Characteristics
,Muwei,To Pin or Not to Pin‰ÛÓHelping App Developers Bullet Proof Their TLS Connections,https://www.usenix.org/system/files/conference/usenixsecurity15/sec15-paper-oltrogge.pdf,USENIX,2015,No,Produced,We there- fore collected feedback from 45 developers of apps for which we would recommend pinning.,No,No,/,Research,Offline Characteristics
,Muwei,De-anonymizing Programmers via Code Stylometry,https://www.usenix.org/system/files/conference/usenixsecurity15/sec15-paper-caliskan-islam.pdf,USENIX,2015,No,Produced,"We collected a larger dataset of 1,600 programmers from various years. Each of the programmers had 9 source code samples.",No,No,/,Research,Offline Characteristics
,Muwei,Investigating the Computer Security Practices and Needs of Journalists,https://www.usenix.org/conference/usenixsecurity15/technical-sessions/presentation/mcgregor,USENIX,2015,No,Produced,We interviewed 15 journalists employed in a range of well-respected journalistic institutions in the United States and France,No,No,/,Research,Offline Characteristics
,Muwei,The Million-Key Question‰ÛÓInvestigating the Origins of RSA Public Keys,https://www.usenix.org/system/files/conference/usenixsecurity16/sec16_paper_svenda.pdf,USENIX,2016,No,Produced,"analysed over 60 million freshly generated key pairs from 22 open- and closedsource libraries and from 16 different smartcards, revealing significant leakage",No,No,/,Research,Password Lists
,Muwei,Measuring Real-World Accuracies and Biases in Modeling Password Guessability,https://www.usenix.org/conference/usenixsecurity15/technical-sessions/presentation/ur,USENIX,2015,No,Produced,we leverage passwords that our group col- lected for prior studies of password-composition poli- cies,No,No,/,Research,Password Lists
,Hannah,Reliable Third-Party Library Detection in Android and its Security Applications,https://dl.acm.org/authorize.cfm?key=N14369,CCS,2016,No,Produced,"Comprehensive repository of third-party libraries and applications containing 164 libraries of different categories and a total of 2,065 versions, version histories for the top 50 apps of each category on Play between Sep 2015 and July 2016, accumulating to 96,995 packages from 3,590 apps, meta-information, such as app and library release dates, ",No,No,\,Research,PopulationEnumeration
,Muwei,A Large-Scale Analysis of the Security of Embedded Firmwares,https://www.usenix.org/conference/usenixsecurity14/technical-sessions/presentation/costin,USENIX,2014,No,Produced,"we collected an initial set of 759,273 files (totaling 1.8TB of storage space) from publicly accessible firmware update sites",No,No,/,Research,PopulationEnumeration
,Muwei,The SICILIAN Defense: Signature-based Whitelisting of Web JavaScript,http://dl.acm.org/citation.cfm?doid=2810103.2813710,CCS,2015,No,Produced,"Based on our observation on 33,302 scripts hosted on Alexa‰Ûªs top 500 sites, 93% of the scripts remain static over time and the rest 7% change",No,No,/,Research,PopulationEnumeration
,Muwei,Tracing Information Flows Between Ad Exchanges Using Retargeted Ads',https://www.usenix.org/conference/usenixsecurity16/technical-sessions/presentation/bashir,USENIX,2016,No,Produced,"Crawl to get we collected 571,636 unique images about ads in total",No,No,/,Research,PopulationEnumeration
,Muwei,An In-Depth Analysis of Disassembly on Full-Scale x86/x64 Binaries',https://www.usenix.org/conference/usenixsecurity16/technical-sessions/presentation/bashir,USENIX,2016,No,Produced,We explore a wide variety of 981 realistic binaries,No,No,/,Research,PopulationEnumeration
,Muwei,Internet Jones and the Raiders of the Lost Trackers: An Archaeological Study of Web Tracking from 1996 to 2016',https://www.usenix.org/conference/usenixsecurity16/technical-sessions/presentation/lerner,USENIX,2016,No,Produced,"collects tracking- relevant data, such as third-party requests, cookies, and the use of certain JavaScript APIs",No,No,/,Research,PopulationEnumeration
,Muwei,On Demystifying the Android Application Framework: Re-Visiting Android Permission Specification Analysis',https://www.usenix.org/conference/usenixsecurity16/technical-sessions/presentation/backes_android,USENIX,2016,No,Produced,collect complexity information about the application framework,Yes,No,http://www.axplorer.org,Research,PopulationEnumeration
,Muwei,Harvesting Inconsistent Security Configurations in Custom Android ROMs via Differential Analysis',https://www.usenix.org/conference/usenixsecurity16/technical-sessions/presentation/aafer,USENIX,2016,No,Produced,"We collected 591 Android ROMs from Samsung Updates [4], other sources [3, 1, 2], and physical devices. These images are customized by 11 vendors, for around 135 models, 45 regions and 8 carriers.",No,No,/,Research,PopulationEnumeration
,Muwei,Protecting Privacy of BLE Device Users',https://www.usenix.org/conference/usenixsecurity16/technical-sessions/presentation/fawaz,USENIX,2016,No,Produced,study the behavior of more than 200 types of BLE-equipped devices,No,No,/,Research,PopulationEnumeration
,Hannah,Friendship and mobility: User movement in location-based social networks.,http://cs.stanford.edu/people/jure/pubs/mobile-kdd11.pdf,KDD,2011,No,Produced,"Gowalla data contains 6, 442, 890 check-in locations of 196,586 users over the period of Feb. 2009 to Oct. 2010.",No,No,\,Research,Regular Network/Behavior Data
,Hannah,"Geolife: A collaborative social networking service among user, location and trajectory.",http://sites.computer.org/debull/A10june/geolife.pdf,Bulletin of the IEEE Computer Society Technical Committee on Data Engineering,2010,No,Produced,"Geolife data was collected from 182 users in a period of over three years. It recorded a wide range of users‰Ûª outdoor movements, represented by a series of tuples containing latitude, longitude and timestamp.",Yes,No,\,Research,Regular Network/Behavior Data
,Muwei,Seeing through Network-Protocol Obfuscation,http://dl.acm.org/citation.cfm?doid=2810103.2813715,CCS,2015,No,Produced,packet-level traffic traces collected at various locations in a campus network,No,No,/,Research,Regular Network/Behavior Data
,Muwei,Website-Targeted False Content Injection by Network Operators',https://www.usenix.org/conference/usenixsecurity16/technical-sessions/presentation/nakibly,USENIX,2016,No,Produced,"In ad- dition, we list the length of time we monitored the traffic as well as the total volume traffic and number of sessions the monitoring system processed. In aggregate, we mon- itored the traffic of more than 75,000 users, while pro- cessing 1.4 petabits carried by 129 million HTTP ses- sions contacting servers having more than 1.5 million distinct IP addresses.",No,No,/,Research,Regular Network/Behavior Data
,Muwei,Towards Detecting Anomalous User Behavior in Online Social Networks,https://www.usenix.org/conference/usenixsecurity14/technical-sessions/presentation/viswanath,USENIX,2014,No,Produced,collect data for over 6.8K users using real-world ground-truth data about normal and anomalous user behavior on Facebook.,No,No,/,Research,Regular Network/Behavior Data
,Muwei,Towards Detecting Anomalous User Behavior in Online Social Networks,https://www.usenix.org/conference/usenixsecurity14/technical-sessions/presentation/viswanath,USENIX,2014,No,Produced,"collected the publicly visible like and Timeline [34] activity of 13,991 users over the 26 month period ending in August 2013",No,No,/,Research,Regular Network/Behavior Data
,Muwei,Evilcohort: detecting communities of malicious accounts on online services,https://www.usenix.org/system/files/conference/usenixsecurity15/sec15-paper-stringhini.pdf,USENIX,2015,Yes,Produced,"Our dataset was composed of the emails generated by 21,387,006 distinct online accounts over a period of one day. In total, this dataset contained 72,471,992 emails.",No,No,/,Research,Regular Network/Behavior Data
,Hannah,Uncovering Network Tarpits with Degreaser,http://dl.acm.org/citation.cfm?id=2664285,N/A,2014,Yes,Produced,107 different tarpit subnetworks ranging in size from /16 (with up to 2^16 fake hosts) to /24 (with up to 2^8 fake hosts),No,\,\,Research,Topology/ScanData
,Hannah,A Systematic Analysis of the Juniper Dual EC Incident,https://dl.acm.org/authorize.cfm?key=N14378,CCS,2016,No,Produced,"Internet-wide scan of all IPv4 addresses on port 500, with various messages sent/recieved with certain criteria",No,No,\,Research,Topology/ScanData
,Muwei,Circuit Fingerprinting Attacks: Passive Deanonymization of Tor Hidden Services,https://www.usenix.org/system/files/conference/usenixsecurity15/sec15-paper-kwon.pdf,USENIX,2015,No,Produced,this experiment is to understand the usage of IP and RP circuits from the hidden server and from the client points of view.,Yes,No,http://people.csail.mit.edu/kwonal/hswf.tar.gz,Research,Topology/ScanData
,Muwei,Circuit Fingerprinting Attacks: Passive Deanonymization of Tor Hidden Services,https://www.usenix.org/system/files/conference/usenixsecurity15/sec15-paper-kwon.pdf,USENIX,2015,No,Produced,gathered data to test OP servicing a normal user and a hidden service for both closed and open world settings,Yes,No,http://people.csail.mit.edu/kwonal/hswf.tar.gz,Research,Topology/ScanData
,Muwei,In the Compression Hornet‰Ûªs Nest: A Security Study of Data Compression in Network Services,https://www.usenix.org/conference/usenixsecurity15/technical-sessions/presentation/pellegrino,USENIX,2015,No,Produced,"Nmap Security Scanner tool, HTTP servers of the first 1000 domains of the Alexa DB",No,No,/,Research,Topology/ScanData
,Muwei,A Measurement Study on Co-residence Threat inside the Cloud,https://www.usenix.org/conference/usenixsecurity15/technical-sessions/presentation/xu,USENIX,2015,No,Produced,"Trace-routing from our instances to over 650,000 target instances takes more than 8 days",No,No,/,Research,Topology/ScanData
,Muwei,Analysis of the HTTPS Certificate Ecosystem,http://conferences.sigcomm.org/imc/2013/papers/imc257-durumericAemb.pdf,Sigcomm,2013,Yes,Produced,"completed 110 exhaustive scans of the public IPv4 address space. we completed upwards of 400 billion SYN probes and 2.55 billion TLS handshakes, collecting and parsing 42.4 million unique X.509 certificates from 109 million hosts.",No,No,/,Research,Topology/ScanData
,Muwei,A Comprehensive Measurement Study of Domain Generating Malware',https://www.usenix.org/conference/usenixsecurity16/technical-sessions/presentation/plohmann,USENIX,2016,No,Produced,"Taking data of 3 months starting in May 2015 from this feed, we examined a total of 1,235,443 sandbox runs, performing a total of 15,660,256 DNS queries to- wards 959,607 unique domain names.",No,No,/,Research,Topology/ScanData
,Hannah,"Twice the Bits, Twice the Trouble: Vulnerabilities Induced by Migrating to 64-Bit Platforms",https://dl.acm.org/authorize.cfm?key=N14374,CCS,2016,No,Produced,"Found vulnerabilities related to integers, migrating from 32 bit and larger address space",Yes,No,Data in paper,Research,Vulnerabilities
,Hannah,UniSan: Proactive Kernel Memory Initialization to Eliminate Data Leakages,https://dl.acm.org/authorize.cfm?key=N14304,CCS,2016,Yes,Produced,"Discovered many previously unknown information leak vulnerabilities in the latest Linux and Android kernels, 19 of which have been confirmed by Linux maintainers and Google, ","Sent to Google and Linux, Yes",No,http://www.cvedetails.com/vulnerabilities-by-types.php,Research,Vulnerabilities
,Hannah,UniSan: Proactive Kernel Memory Initialization to Eliminate Data Leakages,https://dl.acm.org/authorize.cfm?key=N14304,CCS,2016,Yes,Produced,conducted another study of kernel information leak vulnerabilities reported after 2013,No,No,\,Research,Vulnerabilities
,Hannah,New Security Threats Caused by IMS-based SMS Service in 4G LTE Networks,https://dl.acm.org/authorize.cfm?key=N14328,CCS,2016,No,Produced,Vulnerabilities found,Yes,No,Data in paper,Research,Vulnerabilities
,Hannah,The Misuse of Android Unix Domain Sockets and Security Implications,https://dl.acm.org/authorize.cfm?key=N14247,CCS,2016,No,Produced,Identified vulnerabilities in Android daemons and apps,No (sent to developers),No,https://sites.google.com/site/unixdomainsocketstudy/home,Research,Vulnerabilities
,Hannah,On the Practical (In-)Security of 64-bit Block Ciphers Collision Attacks on HTTP over TLS and OpenVPN,https://dl.acm.org/authorize.cfm?key=N14377,CCS,2016,No,Produced,"Various vulnerabilities in Mozilla Firefox, OpenVPN, OpenSSL, Akami, Apple, Microsoft",Yes,No,https://sweet32.info/,Research,Vulnerabilities
,Hannah,Scalable Graph-based Bug Search for Firmware Images,https://dl.acm.org/authorize.cfm?key=N14379,CCS,2016,No,Produced,"Freely available vulnerability database for this effort and for the broader research community, 23 vulnerabilities in firmware images",Yes/(sent to developers),No,\,Research,Vulnerabilities
,Hannah,Call Me Back! Attacks on System Server and System Apps in Android through Synchronous Callback,https://dl.acm.org/authorize.cfm?key=N14248,CCS,2016,No,Produced,Identified six previously unknown vulnerabilities in Android service systems,No (sent to Google),"No",Data in paper,Research,Vulnerabilities
,Muwei,In the Compression Hornet‰Ûªs Nest: A Security Study of Data Compression in Network Services,https://www.usenix.org/conference/usenixsecurity15/technical-sessions/presentation/pellegrino,USENIX,2015,No,Produced,review three popular communication protocols and test 19 implementations against highly-compressed protocol messages and find nine vulerabilities,Yes,No,https://cve.mitre.org/cgi-bin/cvename.cgi?name=CVE-2014-0118,Research,Vulnerabilities
,Muwei,Vulnerability Disclosure in the Age of Social Media: Exploiting Twitter for Predicting Real-World Exploits,https://www.usenix.org/conference/usenixsecurity15/technical-sessions/presentation/sabottke,USENIX,2015,No,Produced,"We collect data over a period of one year, from Febru- ary 2014 to January 2015. Out of the 1.1 billion tweets collected during this period, 287,717 contain explicit ref- erences to CVE IDs",No,No,/,Research,Vulnerabilities
,Muwei,From Facepalm to Brain Bender: Exploring Client-Side Cross-Site Scripting,http://dl.acm.org/citation.cfm?doid=2810103.2813625,CCS,2015,No,Produced,"analyze a set of 1,273 real-world vulnerabilities contained on the Alexa Top 10k domains using a specifically designed architecture",No,No,/,Research,Vulnerabilities
,Muwei,"Hey, You Have a Problem: On the Feasibility of Large-Scale Web Vulnerability Notification',",https://www.usenix.org/conference/usenixsecurity16/technical-sessions/presentation/stock,USENIX,2016,No,Produced,"survey existing communication channels and evaluate their usability in an automated notification process. Using a data set of over 44,000 vulnerable Web sites",No,No,/,Research,Vulnerabilities
,Muwei,"You‰Ûªve Got Vulnerability: Exploring Effective Vulnerability Notifications""",https://www.usenix.org/conference/usenixsecurity16/technical-sessions/presentation/li,USENIX,2016,No,Produced,monitored vulnerable systems for several weeks to determine their rate of remediation,No,No,/,Research,Vulnerabilities
,Muwei,VCCFinder: Finding Potential Vulnerabilities in Open-Source Projects to Assist Code Audits,http://dl.acm.org/citation.cfm?doid=2810103.2813604,CCS,2015,No,Produced,we created a database of commits that introduced known vulnerabilities in open- source projects and which features we extracted from the commits.,Yes,No,https://www.dropbox.com/s/x1shbyw0nmd2x45/vcc-database.dump?dl=0,Research,Vulnerabilities
,Muwei,IDENTITY THEFT AS A TEACHABLE MOMENT,http://weis2016.econinfosec.org/wp-content/uploads/sites/2/2016/05/WEIS_2016_paper_14-1.pdf,WEIS,2016,No,Used," We use the Federal Reserve Bank of New York Consumer Credit Panel/Equifax data set (hereafter, CCP), combined with additional information on the timing (placement) and type of fraud alerts obtained from Equifax by the Payment Cards Center.",No,No,\,Research,Adverse Events
,Muwei,A Look at Targeted Attacks Through the Lense of an NGO,https://www.usenix.org/conference/usenixsecurity14/technical-sessions/presentation/le-blond,USENIX,2014,No,Used,"we analyze 1,493 suspicious emails col- lected over a four-year period by two members of the World Uyghur Congress (WUC)",No,No,/,Research,Adverse Events
,Hannah,Shades of Grey: On the effectiveness of reputation-based ‰ÛÏblacklists‰Ûù,http://nsrg.eecs.umich.edu/publications/malware08_final.pdf,MALWARE 2008,2008,Yes,Used,"Spam received by a large academic network consisting of 7,000 unique hosts, with millions of email messages, over a period 10 days in June of 2008",No,No,\,Industry,Attacks
,Hannah,The Blaster Worm: Then and Now,http://ieeexplore.ieee.org/stamp/stamp.jsp?arnumber=1492337,IEEE Security and Privacy 3(4),2005,Yes,Used,IMS data of Blaster in August 2003 and 2004,No,No,\,Research,Attacks
,Hannah,Data Reduction for the Scalable Automated Analysis of Distributed Darknet Traffic,http://dl.acm.org/citation.cfm?id=1251107,IMC 2005,2005,Yes,Used,"Data from 14 darknet monitors ranging in size from a /25 monitor to a /17 monitor over a period of 10 days between August 18, 2004 and August 28, 2004,   ",No,No,\,Research,Attacks
,Hannah,CREDAL: Towards Locating a Memory Corruption Vulnerability with Your Core Dump,https://dl.acm.org/authorize.cfm?key=N14373,CCS,2016,No,Used,80 crashes corresponding to the memory corruption vulnerabilities,Yes,No,https://www.exploit-db.com/,Industry,Attacks
,Hannah,FeatureSmith: Automatically Engineering Features for Malware Detection by Mining the Security Literature,https://dl.acm.org/authorize.cfm?key=N14392,CCS,2016,No,Used,Drebin dataset,Yes,No,\,Industry,Attacks
,Hannah,FeatureSmith: Automatically Engineering Features for Malware Detection by Mining the Security Literature,https://dl.acm.org/authorize.cfm?key=N14392,CCS,2016,No,Used, list  of  malware  families,Yes,No,https://forensics.spreitzenbarth.de/android-malware/,Industry,Attacks
,Hannah,Detecting Advanced Persistent Threats using Fractal Dimension based Machine Learning Classification ,http://dl.acm.org/citation.cfm?id=2875484,ACM on Privacy and Security Analytics,2016,No,Used,"APTs were collected from Contagio malware database, ",Yes,No,https://www.mediafire.com/folder/c2az029ch6cke/TRAFFIC_PATTERNS_COLLECTION#734479hwy1b97 ,Industry,Attacks
,Hannah,"Feature Selection for Robust Backscatter DDoSDetection",http://ieeexplore.ieee.org/stamp/stamp.jsp?arnumber=7365905,LCN Workshop,2015,No,Used,specific  darknet  dataset  including  mostly  DDoS  traffic  collected in 2012 via UCSD Network Telescope,Yes,No,http://www.caida.org/data/passive/telescope-educationaldataset.xml,Industry,Attacks
,Hannah,"Feature Selection for Robust Backscatter DDoSDetection",http://ieeexplore.ieee.org/stamp/stamp.jsp?arnumber=7365905,LCN Workshop,2015,No,Used,specific  darknet  dataset  including only  normal traffic  from  2008 via UCSD Network Telescope,Yes,No,http://www.caida.org/data/passive/passive2008dataset.xml,Industry,Attacks
,Hannah,"Feature Selection for Robust Backscatter DDoSDetection",http://ieeexplore.ieee.org/stamp/stamp.jsp?arnumber=7365905,LCN Workshop,2015,No,Used,specific  darknet  dataset  including only  normal traffic  from  2014 via UCSD Network Telescope,Yes,No,http://www.caida.org/data/passive/passive2014dataset.xml,Industry,Attacks
,Hannah,Statistical Deobfuscation of Android Applications,https://dl.acm.org/authorize.cfm?key=N14368,CCS,2016,No,Used,one sample from each of the 49 malware families,No,No,\,Industry,Attacks
,Hannah,Data Reduction for the Scalable Automated Analysis of Distributed Darknet Traffic,http://dl.acm.org/citation.cfm?id=1251107,IMC 2005,2005,Yes,Used,"Number of source IP addresses at each of the 41 darknets during a 21-day period, from March 19th through April 9th, 2005,",No,No,\,Research,Attacks
,Hannah,Data Reduction for the Scalable Automated Analysis of Distributed Darknet Traffic,http://dl.acm.org/citation.cfm?id=1251107,IMC 2005,2005,Yes,Used,"31 darknets, we examined the top 10 destination ports, based on the number of packets, and compared these lists across darknet",No,No,\,Research,Attacks
,Hannah,"Lost in Space: Improving Inference ofIPv4 Address Space Utilization",http://www.caida.org/publications/papers/2014/lost_in_space/lost_in_space.pdf,N/A,2014,No,Used,"full packet traces from the/8 network telescope operated at the University of California San Diego,",Yes,No,http://www.caida.org/projects/network_telescope/,Industry,Attacks
,Hannah,Entropy-Based Characterization of Internet Background Radiation,http://www.mdpi.com/1099-4300/17/1/74/htm#b18-entropy-17-00074,SAM,2015,No,Used,"Representative portion of the IBR for three weeks of April, 2012, with a 10-minute time scope",Yes,Yes                    DS-381,http://www.caida.org/data/passive/telescope-patch-tuesday_dataset.xml,Industry,Attacks
,Hannah,"Feature Selection for Robust Backscatter DDoSDetection",http://ieeexplore.ieee.org/stamp/stamp.jsp?arnumber=7365905,LCN Workshop,2015,No,Used,specific  darknet  dataset  including  mostly  DDoS  traffic  collected in 2007 via UCSD Network Telescope,Yes,Yes              DS-117,http://www.caida.org/data/passive/ddos-20070804dataset.xml,Industry,Attacks
,Hannah,"Feature Selection for Robust Backscatter DDoSDetection",http://ieeexplore.ieee.org/stamp/stamp.jsp?arnumber=7365905,LCN Workshop,2015,No,Used,specific  darknet  dataset  including  mostly  DDoS  traffic  collected in 2008 via UCSD Network Telescope,Yes,Yes              DS-380,http://www.caida.org/data/passive/backscatter2008dataset.xml,Industry,Attacks
,Muwei,National-level risk assessment: A multi-country study of malware infections,http://weis2016.econinfosec.org/wp-content/uploads/sites/2/2016/06/WEIS_2016_paper_38-2-1.pdf,WEIS,2016,No,Used,"The data was collected by Microsoft Malicious Software Removal Tool (MSRT), a malware cleaner utility that scans computers for infections of specific, prevalent malicious software and helps remove these infections",No,No,/,Industry,Attacks
,Muwei,Strategic News Bundling and Privacy Breach Disclosures,http://weis2016.econinfosec.org/wp-content/uploads/sites/2/2016/05/WEIS_2016_paper_20-1.pdf,WEIS,2016,No,Used,Datalossdb.org,Yes,No,Datalossdb.org,Industry,Attacks
,Muwei,Strategic News Bundling and Privacy Breach Disclosures,http://weis2016.econinfosec.org/wp-content/uploads/sites/2/2016/05/WEIS_2016_paper_20-1.pdf,WEIS,2016,No,Used,Databreaches.net,Yes,No,Databreaches.net,Industry,Attacks
,Muwei,Strategic News Bundling and Privacy Breach Disclosures,http://weis2016.econinfosec.org/wp-content/uploads/sites/2/2016/05/WEIS_2016_paper_20-1.pdf,WEIS,2016,No,Used,PHIprivacy.net,Yes,No,PHIprivacy.net,Industry,Attacks
,Muwei,Strategic News Bundling and Privacy Breach Disclosures,http://weis2016.econinfosec.org/wp-content/uploads/sites/2/2016/05/WEIS_2016_paper_20-1.pdf,WEIS,2016,No,Used,Privacy Rights Clearinghouse,Yes,No,https://www.privacyrights.org,Industry,Attacks
,Muwei,Certified PUP: Abuse in Authenticode Code Signing,http://dl.acm.org/citation.cfm?doid=2810103.2813665,CCS,2015,No,Used,VirusShare,Yes,No,https://virusshare.com,Industry,Attacks
,Muwei,Certified PUP: Abuse in Authenticode Code Signing,http://dl.acm.org/citation.cfm?doid=2810103.2813666,CCS,2015,No,Used,We also obtain from Italian collaborators a dataset of unlabeled older samples and collect a small dataset of samples with encrypted network traffic,No,No,/,Research,Attacks
,Muwei,Certified PUP: Abuse in Authenticode Code Signing,http://dl.acm.org/citation.cfm?doid=2810103.2813667,CCS,2015,No,Used,Malicia,Yes,No,http://link.springer.com/article/10.1007/s10207-014-0248-7,Research,Attacks
,Muwei,Certified PUP: Abuse in Authenticode Code Signing,http://dl.acm.org/citation.cfm?doid=2810103.2813668,CCS,2015,No,Used,CCSS Forum certificate blacklist,Yes,No,http://www.ccssforum.org/,Industry,Attacks
,Muwei,MalGene: Automatic Extraction of Malware Analysis Evasion Signature,http://dl.acm.org/citation.cfm?doid=2810103.2813642,CCS,2015,No,Used,"For the evaluation of our system, we re- ceived 3,107 evasive samples identified by the BareCloud",No,No,/,Research,Attacks
,Muwei,Measuring the longitudinal evolution of the online anonymous marketplace ecosystem,https://www.usenix.org/system/files/conference/usenixsecurity15/sec15-paper-soska.pdf,USENIX,2015,Yes,Used,SilkRoad data,Yes,No,,Research,Cybercrime Infrastructure
,Hannah,An In-Depth Study of More Than Ten Years of Java Exploitation,https://dl.acm.org/authorize.cfm?key=N14393,CCS,2016,No,Used,87 publicly available Java exploits (Metasploit (22 exploits),Yes,No,"https://github.com/rapid7/metasploit-framework/tree/master/external/source/exploits",Industry,Exploits
,Hannah,An In-Depth Study of More Than Ten Years of Java Exploitation,https://dl.acm.org/authorize.cfm?key=N14393,CCS,2016,No,Used,Exploit-DB (2),Yes,No,https://www.exploit-db.com,Industry,Exploits
,Hannah,An In-Depth Study of More Than Ten Years of Java Exploitation,https://dl.acm.org/authorize.cfm?key=N14393,CCS,2016,No,Used,"Packet Storm (5), ",Yes,No,https://packetstormsecurity.com,Industry,Exploits
,Hannah,An In-Depth Study of More Than Ten Years of Java Exploitation,https://dl.acm.org/authorize.cfm?key=N14393,CCS,2016,No,Used," from the security research company Security Explorations (52), ",Yes,No,http://www.security-explorations.com/en/SE-2012-01-poc.html,Industry,Exploits
,Hannah,An In-Depth Study of More Than Ten Years of Java Exploitation,https://dl.acm.org/authorize.cfm?key=N14393,CCS,2016,No,Used,an online repository for Java exploits) and associated CVE identifiers,Yes,No,https://bitbucket.org/bhermann/java-exploit-library,Industry,Exploits
,Muwei,Vulnerability Disclosure in the Age of Social Media: Exploiting Twitter for Predicting Real-World Exploits,https://www.usenix.org/conference/usenixsecurity15/technical-sessions/presentation/sabottke,USENIX,2015,No,Used,exploits from ExploitDB,Yes,No,https://www.exploit-db.com,Industry,Exploits
,Muwei,Vulnerability Disclosure in the Age of Social Media: Exploiting Twitter for Predicting Real-World Exploits,https://www.usenix.org/conference/usenixsecurity15/technical-sessions/presentation/sabottke,USENIX,2015,No,Used,exploits from OS-VDB,Yes,No,http://www. osvdb.org,Industry,Exploits
,Muwei,Vulnerability Disclosure in the Age of Social Media: Exploiting Twitter for Predicting Real-World Exploits,https://www.usenix.org/conference/usenixsecurity15/technical-sessions/presentation/sabottke,USENIX,2015,No,Used,exploits from Microsoft security advisories,Yes,No,/,Industry,Exploits
,Muwei,Vulnerability Disclosure in the Age of Social Media: Exploiting Twitter for Predicting Real-World Exploits,https://www.usenix.org/conference/usenixsecurity15/technical-sessions/presentation/sabottke,USENIX,2015,No,Used,exploits from Symantec's anti-virus and intrusion protection signatures,Yes,No,http://delivery.acm.org/10.1145/2390000/2382427/p17-allodi.pdf?ip=129.244.98.101&id=2382427&acc=ACTIVE%20SERVICE&key=F82E6B88364EF649%2E7A1E49A63A6E1C24%2E4D4702B0C3E38B35%2E4D4702B0C3E38B35&CFID=939631853&CFTOKEN=10862392&__acm__=1495556357_b6dc7f0097fe7ba2e03c4524535834dd,Research,Exploits
,Muwei,Android Root and its Providers: A Double-Edged Sword,http://dl.acm.org/citation.cfm?doid=2810103.2813716,CCS,2015,No,Used,Exploit DB database,Yes,No,https://exploit-db.com/,Industry,Exploits
,Muwei,Android Root and its Providers: A Double-Edged Sword,http://dl.acm.org/citation.cfm?doid=2810103.2813717,CCS,2015,No,Used,It‰Ûªs Bugs All the Way Down,Yes,No,http://vulnfactory.org/,Industry,Exploits
,Hannah,How I Learned to be Secure: a Census-Representative Survey of Security Advice Sources and Behavior,https://dl.acm.org/authorize.cfm?key=N14384,CCS,2016,No,Used,"U.S.-census-representative survey of 526 users, cognitive interviews with five demographically-diverse participants",No,No,\,Industry,Offline Characteristics
,Hannah,Acing the IOC Game: Toward Automatic Discovery and Analysis of Open-Source Cyber Threat Intelligence,https://dl.acm.org/authorize.cfm?key=N14391,CCS,2016,No,Used,"71,000 articles collected from 45 leading technical blogs",No,No,\,Industry,Offline Characteristics
,Hannah,POPE: Partial Order Preserving Encoding,https://dl.acm.org/authorize.cfm?key=N14329,CCS,2016,No,Used, 2 million public employee salary figures (California public employee payroll data from 2014,Yes,No,http://transparentcalifornia.com/downloads/,Industry,Offline Characteristics
,Hannah,ë£oì oìâ‰ÛÒ Forward Secure Searchable Encryption,https://dl.acm.org/authorize.cfm?key=N14320,CCS,2016,No,Used,English Wikipedia,Yes,No,\,Industry,Offline Characteristics
,Hannah,EpicRec: Towards Practical Differentially Private Framework for Personalized Recommendation,https://dl.acm.org/authorize.cfm?key=N14355,CCS,2016,No,Used,MovieLens a movie rating dataset collected by the GroupLens Research Project,Yes,No,http://grouplens.org/datasets/movielens ,Industry,Offline Characteristics
,Hannah,EpicRec: Towards Practical Differentially Private Framework for Personalized Recommendation,https://dl.acm.org/authorize.cfm?key=N14355,CCS,2016,No,Used," Yelp2: a business rating data provided by RecSys Challenge 2013,",Yes,No,https://www.kaggle.com/c/yelp-recsys-2013/data ,Industry,Offline Characteristics
,Hannah,FeatureSmith: Automatically Engineering Features for Malware Detection by Mining the Security Literature,https://dl.acm.org/authorize.cfm?key=N14392,CCS,2016,No,Used,"Papers from the IEEE Symposium on Security and Privacy (S&P‰Ûª08‰ÛÒS&P‰Ûª15),  the Computer  Security  Foundations  Symposium  (CSF‰Ûª00‰ÛÒCSF‰Ûª14), and  USENIX  Security  (Sec‰Ûª11), ",Yes,No,\,Industry,Offline Characteristics
,Hannah,Membership Privacy in MicroRNA-based Studies,https://dl.acm.org/authorize.cfm?key=N14366,CCS,2016,No,Used,"The dataset containing more than 1,000 miRNA ex-pression profiles publicly available in the gene expression omnibus (GEO) database under reference GSE6174","Yes",No,\,Industry,Offline Characteristics
,Muwei,Strategic News Bundling and Privacy Breach Disclosures,http://weis2016.econinfosec.org/wp-content/uploads/sites/2/2016/05/WEIS_2016_paper_20-1.pdf,WEIS,2016,No,Used,The data for stock prices comes from the Center for Research in Security Prices ,Yes,No,http://www.crsp.com,Industry,Offline Characteristics
,Muwei,Strategic News Bundling and Privacy Breach Disclosures,http://weis2016.econinfosec.org/wp-content/uploads/sites/2/2016/05/WEIS_2016_paper_20-1.pdf,WEIS,2016,No,Used,I use Standard Industrial Classification (SIC) industry numbers for each company from CRS Pusing Wharton Research Data Services.,Yes,No,http://www.whartonwrds.com,Industry,Offline Characteristics
,Muwei,Drops for Stuff: An Analysis of Reshipping Mule Scams,http://dl.acm.org/citation.cfm?doid=2810103.2813620,CCS,2015,Yes,Used,"During this time we obtained a comprehensive and detailed dataset on seven reshipping scam websites and their operations, spanning from 2010 to 2015",No,No,/,Industry,Offline Characteristics
,Muwei,Measuring Real-World Accuracies and Biases in Modeling Password Guessability,https://www.usenix.org/conference/usenixsecurity15/technical-sessions/presentation/ur,USENIX,2015,No,Used,RockYou leak passwords,Yes,No,/,Industry,Password Lists
,Muwei,Measuring Real-World Accuracies and Biases in Modeling Password Guessability,https://www.usenix.org/conference/usenixsecurity15/technical-sessions/presentation/ur,USENIX,2015,No,Used,Yahoo! Voices leak passwords,Yes,No,/,Industry,Password Lists
,Hannah,The Misuse of Android Unix Domain Sockets and Security Implications,https://dl.acm.org/authorize.cfm?key=N14247,CCS,2016,No,Used,"APK files that corresponded to 14,644 apps on Google Play",No,No,\,Industry,PopulationEnumeration
,Hannah,Call Me Back! Attacks on System Server and System Apps in Android through Synchronous Callback,https://dl.acm.org/authorize.cfm?key=N14248,CCS,2016,No,Used,"1,591 service interfaces of Android 5.1.0",No,No,\,Industry,PopulationEnumeration
,Hannah,Scalable Graph-based Bug Search for Firmware Images,https://dl.acm.org/authorize.cfm?key=N14379,CCS,2016,No,Used,"dataset of over 568,134 functions, Each function in the baseline dataset has atleast two instances:  one for query and another for search",No,No,\,Research,PopulationEnumeration
,Hannah,Statistical Deobfuscation of Android Applications,https://dl.acm.org/authorize.cfm?key=N14368,CCS,2016,No,Used,1784 non-obfuscated Android applications from F-Droid,Yes,No,\,Industry,PopulationEnumeration
,Hannah,CSPAutoGen: Black-box Enforcement of Content Security Policy upon Real-world Websites,https://dl.acm.org/authorize.cfm?key=N14383,CCS,2016,No,Used,"Alexa Top 50 websites, ",Yes,No,\,Industry,PopulationEnumeration
,Hannah,Scalable Graph-based Bug Search for Firmware Images,https://dl.acm.org/authorize.cfm?key=N14379,CCS,2016,No,Used,"Firmware images from 8,126 devices across three architectures and 26 vendors,  ",Yes,No,\,Research,PopulationEnumeration
,Hannah,Measuring IPv6 Adoption,http://web.engr.illinois.edu/~mdbailey/publications/sigcomm14_ipv6.pdf,SIGCOMM,2014,Yes,Used,"Verisign TLD Packets: IPv4 Jun 2011 ‰ÛÒ Dec 2013 4 global sites, 5 of 13 gTLD NS letters (.com/.net),‰äö4.5Bn queries,",No,No,\,Industry,PopulationEnumeration
,Hannah,Measuring IPv6 Adoption,http://web.engr.illinois.edu/~mdbailey/publications/sigcomm14_ipv6.pdf,SIGCOMM,2014,Yes,Used,"Verisign TLD Packets: IPv6Jun 2011 ‰ÛÒ Dec 2013 15 global sites, both gTLD NS letters (.com/.net) w/IPv6, 647M queries,",No,No,\,Industry,PopulationEnumeration
,Muwei,MyTrackingChoices: Pacifying the Ad-Block War by Enforcing User Privacy Preferences,http://weis2016.econinfosec.org/wp-content/uploads/sites/2/2016/05/WEIS_2016_paper_48.pdf,WEIS,2016,No,Used,Alexa top 500Alexa.com‰Ûªs 500 top Web sites for almost each of the top-level categories,Yes,No,https://www.alexa.com,Industry,PopulationEnumeration
,Muwei,Inference Attacks on Property-Preserving Encrypted Databases,http://dl.acm.org/citation.cfm?doid=2810103.2813651,CCS,2015,No,Used,"Texas Inpatient Public Use Data File (PUDF), which is provided by the Texas Department of State Health Services",Yes,No,http://www.dshs.texas.gov/THCIC/Hospitals/Download.shtm,Industry,PopulationEnumeration
,Muwei,Inference Attacks on Property-Preserving Encrypted Databases,http://dl.acm.org/citation.cfm?doid=2810103.2813652,CCS,2015,No,Used,2004 HCUP/NIS database,Yes,No,www.hcup- us.ahrq.gov/databases.jsp,Industry,PopulationEnumeration
,Muwei,Inference Attacks on Property-Preserving Encrypted Databases,http://dl.acm.org/citation.cfm?doid=2810103.2813653,CCS,2015,No,Used,Statewide Plan- ning and Research Cooperative System (SPARCS) Inpatient data from the state of New York,Yes,No,https://health.data.ny.gov/Health/Hospital- Inpatient- Discharges- SPARCS- De- Identified/u4ud- w55t,Industry,PopulationEnumeration
,Muwei,Observing and Preventing Leakage in MapReduce,http://dl.acm.org/citation.cfm?doid=2810103.2813695,CCS,2015,No,Used,U.S. 1990 Census Sample,Yes,No,https://archive.ics.uci.edu/ml/datasets.html,Industry,PopulationEnumeration
,Muwei,Observing and Preventing Leakage in MapReduce,http://dl.acm.org/citation.cfm?doid=2810103.2813695,CCS,2015,No,Used,New York 2013 Taxi Rides,Yes,No,http://www.andresmh.com/nyctaxitrips/,Industry,PopulationEnumeration
,Muwei,Internet Jones and the Raiders of the Lost Trackers: An Archaeological Study of Web Tracking from 1996 to 2016',https://www.usenix.org/conference/usenixsecurity16/technical-sessions/presentation/lerner,USENIX,2016,No,Used,Wayback Machine,Yes,No,https://archive.org,Industry,PopulationEnumeration
,Muwei,Reassembleable Disassembling,https://www.usenix.org/conference/usenixsecurity15/technical-sessions/presentation/wang-shuai,USENIX,2015,No,Used,"The first set, referred to as COREUTILS, is the entire GNU core utilities including 103 utility programs for file, shell, and text manipula- tion",Yes,No,http://www.gnu.org/software/coreutils/coreutils.html,Industry,PopulationEnumeration
,Muwei,Finding Unknown Malice in 10 Seconds: Mass Vetting for New Threats at the Google-Play Scale,https://www.usenix.org/conference/usenixsecurity15/technical-sessions/presentation/chen-kai,USENIX,2015,No,Used,"We collected 1.2 million apps from 33 Android markets, including over 400,000 from Google Play, 596,437 from 28 app stores in China, 61,866 from European stores and 27,047 from other US stores",Yes,No,/,Industry,PopulationEnumeration
,Muwei,To Pin or Not to Pin‰ÛÓHelping App Developers Bullet Proof Their TLS Connections,https://www.usenix.org/system/files/conference/usenixsecurity15/sec15-paper-oltrogge.pdf,USENIX,2015,No,Used,"apps from Google Play. 639,283 Android applications we down- loaded from Google Play in October 2014",Yes,No,/https://play.google.com/store,Industry,PopulationEnumeration
,Muwei,De-anonymizing Programmers via Code Stylometry,https://www.usenix.org/system/files/conference/usenixsecurity15/sec15-paper-caliskan-islam.pdf,USENIX,2015,No,Used,"source code of solutions to programming tasks from the international programming competition Google Code Jam (GCJ), made public in 2008",Yes,No,hhtps://code.google.com/codejam,Industry,PopulationEnumeration
,Muwei,Trends and Lessons from Three Years Fighting Malicious Extensions,https://www.usenix.org/conference/usenixsecurity15/technical-sessions/presentation/jagpal,USENIX,2015,No,Used,"Our evaluation dataset consists of 99,818 extensions scored by WebEval between January 2012‰ÛÒ2015",Yes,No,https://www.one45.com/products/webeval/,Industry,PopulationEnumeration
,Hannah,Measuring IPv6 Adoption,http://web.engr.illinois.edu/~mdbailey/publications/sigcomm14_ipv6.pdf,SIGCOMM,2014,Yes,Used,"Alexa Top Host Probing Apr 2011 ‰ÛÒ Dec 2013 10,000 servers probed twice/month",No,No,http://www.alexa.com/topsites,Industry,PopulationEnumeration
,Hannah,Measuring IPv6 Adoption,http://web.engr.illinois.edu/~mdbailey/publications/sigcomm14_ipv6.pdf,SIGCOMM,2014,Yes,Used,"Google IPv6 Client Adoption Sep 2008 ‰ÛÒ Dec 2013 millions of daily global samples,",Yes,No,https://www.google.com/intl/en/ipv6/statistics.html,Industry,PopulationEnumeration
,Hannah,Measuring IPv6 Adoption,http://web.engr.illinois.edu/~mdbailey/publications/sigcomm14_ipv6.pdf,SIGCOMM,2014,Yes,Used," Verisign TLD Zone Files Apr 2007 ‰ÛÒ Jan 2014 daily snapshots of‰äö2.5 million A+AAAA glue records (.com & .net), ",Yes,No,\,Industry,PopulationEnumeration
,Hannah,Remote Detection of Bottleneck Links Using Spectral and Statistical Methods,https://www.isi.edu/~johnh/PAPERS/He09a.pdf,Computer Networks V 53 (N. 3),2009,No,Used,"Iperf to generate TCP and UDP packet streams, which mimic TCP file downloads or UDP CBR traffic",No,No,\,Research,Regular Network/Behavior Data
,Hannah,Predicting Users‰Ûª Motivations behind Location Check-Ins and Utility Implications of Privacy Protection Mechanisms,http://www.shokri.org/files/Shokri-NDSS2015.pdf,NDSS,2015,No,Used,Participants‰Ûª actual check-ins on Foursquare posted over the last 24 months,No,No,\,Research,Regular Network/Behavior Data
,Hannah,Limiting the Impact of Stealthy Attacks on Industrial Control Systems,https://dl.acm.org/authorize.cfm?key=N14326,CCS,2016,No,Used,Network data collected from an operational large-scale Supervisory Control and Data Acquisition (SCADA) system that manages more than 100 Programmable Logic Controllers,No,No,\,Industry,Regular Network/Behavior Data
,Hannah,What Else is Revealed by Order-Revealing Encryption?,https://dl.acm.org/authorize.cfm?key=N14321,CCS,2016,No,Used,real geographic datasets Cal,Yes,No,http://www.cs.utah.edu/~lifeifei/SpatialDataset.htm,Industry,Regular Network/Behavior Data
,Hannah,What Else is Revealed by Order-Revealing Encryption?,https://dl.acm.org/authorize.cfm?key=N14321,CCS,2016,No,Used,real geographic dataset SpitzLoc,Yes,No,\,Industry,Regular Network/Behavior Data
,Hannah,What Else is Revealed by Order-Revealing Encryption?,https://dl.acm.org/authorize.cfm?key=N14321,CCS,2016,No,Used,one real time-stamp dataset SpitzTime,Yes,No,http://www.zeit.de/datenschutz/malte-spitz-data-retention,Industry,Regular Network/Behavior Data
,Hannah,EpicRec: Towards Practical Differentially Private Framework for Personalized Recommendation,https://dl.acm.org/authorize.cfm?key=N14355,CCS,2016,No,Used,metadata from the public ‰ÛÏMy API Films‰Ûù website,Yes,No,http://www.myapifilms.com/index.jsp,Industry,Regular Network/Behavior Data
,Hannah,Heavy Hitter Estimation over Set-Valued Data with Local Differential Privacy,https://dl.acm.org/authorize.cfm?key=N14356,CCS,2016,No,Used,AOL keyword search log,Yes,No,\,Industry,Regular Network/Behavior Data
,Hannah,Heavy Hitter Estimation over Set-Valued Data with Local Differential Privacy,https://dl.acm.org/authorize.cfm?key=N14356,CCS,2016,No,Used, Kosarak click stream datasets,Yes,No,\,Industry,Regular Network/Behavior Data
,Hannah,"Lost in Space: Improving Inference ofIPv4 Address Space Utilization",http://www.caida.org/publications/papers/2014/lost_in_space/lost_in_space.pdf,N/A,2014,No,Used,"per-flow logs from a vantage point monitoring traffic of about 25,000 residential ADSL customers of a major European ISP,",Yes,No,\,Research,Regular Network/Behavior Data
,Hannah,"Lost in Space: Improving Inference ofIPv4 Address Space Utilization",http://www.caida.org/publications/papers/2014/lost_in_space/lost_in_space.pdf,N/A,2014,No,Used,"large European IXP interconnecting more than 490 networks, exchanging more than 400 PB monthly,",Yes,No,\,Research,Regular Network/Behavior Data
,Hannah,"Lost in Space: Improving Inference ofIPv4 Address Space Utilization",http://www.caida.org/publications/papers/2014/lost_in_space/lost_in_space.pdf,N/A,2014,No,Used,"unsampled NetFlow records from all the border routers of SWITCH,",Yes,No,http://www.switch.ch/,Industry,Regular Network/Behavior Data
,Hannah,Evidence of spatial embedding in the IPv4 router-level Internet network,https://arxiv.org/pdf/1410.3340v1.pdf,N/A,2014,No,Used,geolocation acquired from the MaxMind Geolite database for a subset of the routers to varying levels of precision ,Yes,No,\,Industry,Regular Network/Behavior Data
,Hannah,"Twice the Bits, Twice the Trouble: Vulnerabilities Induced by Migrating to 64-Bit Platforms",https://dl.acm.org/authorize.cfm?key=N14374,CCS,2016,No,Used,200 popular open-source projects hosted on GitHub,Yes,No,\,Industry,Regular Network/Behavior Data
,Hannah,Spectral Fractal Dimension Trajectory to Measure Cognitive Complexity of Malicious DNS Traffic,http://worldcomp-proceedings.com/proc/p2016/SAM3798.pdf,SAM,2016,No,Used,Data set from our experiment in which a PCAP file is captured from a lab computer which is being used for browsing and software development for the cyber security project,No,No,\,Research,Regular Network/Behavior Data
,Hannah,Deep Learning with Differential Privacy,https://dl.acm.org/authorize.cfm?key=N14365,CCS,2016,No,Used,The  popular image datasets: CIFAR-10,"Yes",No,\,Industry,Regular Network/Behavior Data
,Hannah,Deep Learning with Differential Privacy,https://dl.acm.org/authorize.cfm?key=N14365,CCS,2016,No,Used,"The  popular image datasets: MNIST","Yes",No,\,Industry,Regular Network/Behavior Data
,Hannah,TaintART: A Practical Multi-level Information-Flow Tracking System for Android RunTime,https://dl.acm.org/authorize.cfm?key=N14367,CCS,2016,No,Used,"Test  popular  apps  in  the ‰ÛÏtop  chart‰Ûù  downloaded  from  the Google official market (Google Play) in May 2016, ",Yes,No,\,Industry,Regular Network/Behavior Data
,Hannah,Measuring IPv6 Adoption,http://web.engr.illinois.edu/~mdbailey/publications/sigcomm14_ipv6.pdf,SIGCOMM,2014,Yes,Used,"Arbor Networks ISP Traffic Data Mar 2010 ‰ÛÒ Dec 2013‰äö33-50% of global Internet traffic; 2013 daily median: 50 terabits/sec (avg.),",No,No,\,Industry,Regular Network/Behavior Data
,Hannah,Scalable Graph-based Bug Search for Firmware Images,https://dl.acm.org/authorize.cfm?key=N14379,CCS,2016,No,Used,public dataset based upon two publicly-available firmware images ,Yes,No,"ftp://ftp.dd-wrt.com/others/eko/BrainSlayer-V24-preSP2/2013/05-27-2013-r21676/senao-eoc5610/linux.bin , http://www.downloads.netgear.com/files/GDC/READYNAS-100/ReadyNASOS-6.1.6-arm.zip ",Industry,Regular Network/Behavior Data
,Muwei,Towards Detecting Anomalous User Behavior in Online Social Networks,https://www.usenix.org/conference/usenixsecurity14/technical-sessions/presentation/viswanath,USENIX,2014,No,Used,"Yelp dataset consists of all 92,725 Yelp reviewers in the San Francisco area",No,No,/,Industry,Regular Network/Behavior Data
,Muwei,Towards Detecting Anomalous User Behavior in Online Social Networks,https://www.usenix.org/conference/usenixsecurity14/technical-sessions/presentation/viswanath,USENIX,2014,No,Used,Twitter dataset consists of a random sample of 100K out of the 19M Twitter users who joined before August 2009,No,No,/,Industry,Regular Network/Behavior Data
,Muwei,Evilcohort: detecting communities of malicious accounts on online services,https://www.usenix.org/system/files/conference/usenixsecurity15/sec15-paper-stringhini.pdf,USENIX,2015,Yes,Used,"this dataset contains 1.2 billion email- sending events, generated by an average of 25 million accounts per day. This data was collected according to the webmail provider‰Ûªs terms of service, and was only ac- cessed on their premises by a company‰Ûªs employee.",No,No,/,Industry,Regular Network/Behavior Data
,Muwei,Evilcohort: detecting communities of malicious accounts on online services,https://www.usenix.org/system/files/conference/usenixsecurity15/sec15-paper-stringhini.pdf,USENIX,2015,Yes,Used,"Our second dataset is composed of login events col- lected from four different OSNs, spanning a period of 8 days.",No,No,/,Industry,Regular Network/Behavior Data
,Muwei,EASEAndroid: Automatic Policy Analysis and Refinement for Security Enhanced Android via Large-Scale Semi-Supervised Learning,https://www.usenix.org/conference/usenixsecurity15/technical-sessions/presentation/wang-ruowen,USENIX,2015,No,Used,We make use of 1.3 mil- lion audit logs over the entire 2014 from real-world de- vices running Android 4.3,No,No,/,Industry,Regular Network/Behavior Data
,Hannah,What Else is Revealed by Order-Revealing Encryption?,https://dl.acm.org/authorize.cfm?key=N14321,CCS,2016,No,Used,one synthetic geographic distribution Globe,Yes,No,\,Research,Synthetic Data
,Hannah,Detection of Low-Rate Attacks in Computer Networks,http://www.isi.edu/~johnh/PAPERS/Thatte08a.pdf,IEEE Global Internet Symposium 2008,2008,Yes,Used,Real Internet traces,Yes,Yes                DS-049,\,Industry,Synthetic Data
,Hannah,A polyscale autonomous sliding window for cognitive machine classification of malicious Internet traffic,https://www.researchgate.net/publication/293695267_A_polyscale_autonomous_sliding_window_for_cognitive_machine_classification_of_malicious_Internet_traffic,SAM,2015,No,Used,PREDICT ID USC-Lander/ DoS_DNS_amplification-20130617 (2013-06-17) to (2013-06-17),Yes,Yes               PREDICT ID USC-Lander,\,Industry,Synthetic Data
,Hannah,A Cognitive Multifractal Approach to Characterize Complexity of Non-Stationary and Malicious DNS Data Traffic Using Adaptive Sliding Window ,https://www.computer.org/csdl/proceedings/icci*cc/2015/7290/00/07259368.pdf,IEEE on Congnitive Computing,2015,No,Used,PREDICT ID USC-Lander! DoS_DNS_amplification-20130617 ,Yes,Yes               PREDICT ID USC-Lander,\,Industry,Synthetic Data
,Hannah,DPSense: Differentially Private Crowdsourced Spectrum Sensing,https://dl.acm.org/authorize.cfm?key=N14354,CCS,2016,No,Used,extracting the traces from the center of Rome from CRAWDAD dataset roma/taxi,No,No,http://crawdad.org/roma/taxi/20140717 (original dataset),Industry,Topology/ScanData
,Hannah,High Fidelity Data Reduction for Big Data Security Dependency Analyses,https://dl.acm.org/authorize.cfm?key=N14371,CCS,2016,No,Used,Data logs collected from more than 30 machines with various server models and operating systems,No,No,\,Industry,Topology/ScanData
,Hannah,On Measuring the Geographic Diversity of Internet Routes,https://arxiv.org/pdf/1601.01116v1.pdf,N/A,2016,No,Used,Traceroute dataset from IPlane,No,No,\,Industry,Topology/ScanData
,Hannah,Analyzing Forged SSL Certificates in the Wild,http://ieeexplore.ieee.org/stamp/stamp.jsp?tp=&arnumber=6956558,SP,2014,No,Used,"3,447,719 real world SSL connections",No,No,\,Industry,Topology/ScanData
,Hannah,The Internet Motion Sensor: A Distributed Blackhole Monitoring System,http://web.eecs.umich.edu/~farnam/pubs/2005-bc-ndss.pdf,NDSS 2005,2005,No,Used,"One-week period of measurement, the IMS system observed over 286,000 unique IP addresses displaying the characteristics  of  Blaster  activity (Basically lots of their scans of their sensors from different date ranges were used)",No,No,\,Research,Topology/ScanData
,Hannah,SmartWalk: Enhancing Social Network Security via Adaptive Random Walks,https://dl.acm.org/authorize.cfm?key=N14370,CCS,2016,No,Used,10 various large-scale real-world social network topologies  that  mainly  come  from  the  Stanford  Large  Network Dataset  Collection ,Yes,No,http://snap.stanford.edu/data,Industry,Topology/ScanData
,Hannah,Metric tree-like structures in real-life networks: an empirical study,https://arxiv.org/pdf/1402.3364.pdf,N/A,2016,No,Used,"PPI,              ",Yes,No,"http://www3.nd.edu/~networks/resources.htm",Industry,Topology/ScanData
,Hannah,Metric tree-like structures in real-life networks: an empirical study,https://arxiv.org/pdf/1402.3364.pdf,N/A,2016,No,Used,"Yeast,",Yes,No,http://vlado.fmf.uni-lj.si/pub/networks/data/bio/Yeast/Yeast.htm,Industry,Topology/ScanData
,Hannah,Metric tree-like structures in real-life networks: an empirical study,https://arxiv.org/pdf/1402.3364.pdf,N/A,2016,No,Used,"Homo,",Yes,No,https://thebiogrid.org/,Industry,Topology/ScanData
,Hannah,Metric tree-like structures in real-life networks: an empirical study,https://arxiv.org/pdf/1402.3364.pdf,N/A,2016,No,Used,"DutchElite,",Yes,No,http://vlado.fmf.uni-lj.si/pub/networks/data/2mode/DutchElite.htm,Industry,Topology/ScanData
,Hannah,Metric tree-like structures in real-life networks: an empirical study,https://arxiv.org/pdf/1402.3364.pdf,N/A,2016,No,Used,"EVA,",Yes,No,http://vlado.fmf.uni-lj.si/pub/networks/data/econ/Eva/Eva.htm,Industry,Topology/ScanData
,Hannah,Metric tree-like structures in real-life networks: an empirical study,https://arxiv.org/pdf/1402.3364.pdf,N/A,2016,No,Used,"Erdos,",Yes,No,http://vlado.fmf.uni-lj.si/pub/networks/data/Erdos/Erdos02.net,Industry,Topology/ScanData
,Hannah,Metric tree-like structures in real-life networks: an empirical study,https://arxiv.org/pdf/1402.3364.pdf,N/A,2016,No,Used,"DBLB-coauth,",Yes,No,http://snap.stanford.edu/data/com-DBLP.html,Industry,Topology/ScanData
,Hannah,Metric tree-like structures in real-life networks: an empirical study,https://arxiv.org/pdf/1402.3364.pdf,N/A,2016,No,Used,"EPA,",Yes,No,http://www.cs.cornell.edu/courses/cs685/2002fa/,Industry,Topology/ScanData
,Hannah,Metric tree-like structures in real-life networks: an empirical study,https://arxiv.org/pdf/1402.3364.pdf,N/A,2016,No,Used,"California,",Yes,No,http://www.cs.cornell.edu/courses/cs685/2002fa/,Industry,Topology/ScanData
,Hannah,Metric tree-like structures in real-life networks: an empirical study,https://arxiv.org/pdf/1402.3364.pdf,N/A,2016,No,Used,"Routeview,",Yes,No,http://www.routeviews.org/,Industry,Topology/ScanData
,Hannah,Metric tree-like structures in real-life networks: an empirical study,https://arxiv.org/pdf/1402.3364.pdf,N/A,2016,No,Used,"AS_Caida,",Yes,No,http://www.caida.org/data/internet-topology-data-kit/,Industry,Topology/ScanData
,Hannah,Metric tree-like structures in real-life networks: an empirical study,https://arxiv.org/pdf/1402.3364.pdf,N/A,2016,No,Used,"Dimes 3/2010,",Yes,No,http://www.netdimes.org/new/,Industry,Topology/ScanData
,Hannah,Metric tree-like structures in real-life networks: an empirical study,https://arxiv.org/pdf/1402.3364.pdf,N/A,2016,No,Used,"Aqualab,",Yes,No,http://www.aqualab.cs.northwestern.edu/projects,Industry,Topology/ScanData
,Hannah,Metric tree-like structures in real-life networks: an empirical study,https://arxiv.org/pdf/1402.3364.pdf,N/A,2016,No,Used,"Itdk,",Yes,No,http://www.caida.org/data/as-relationships/,Industry,Topology/ScanData
,Hannah,Metric tree-like structures in real-life networks: an empirical study,https://arxiv.org/pdf/1402.3364.pdf,N/A,2016,No,Used,Amazon,Yes,No,http://snap.stanford.edu/data/com-Amazon.html,Industry,Topology/ScanData
,Hannah,A Novel Methodology of Router-To-AS Mapping inspired by Community Discovery,https://arxiv.org/ftp/arxiv/papers/1512/1512.03916.pdf,N/A,2015,No,Used,PeeringDB,Yes,No,https://www.peeringdb.com/help/public_faq.php,Industry,Topology/ScanData
,Hannah,"Lost in Space: Improving Inference ofIPv4 Address Space Utilization",http://www.caida.org/publications/papers/2014/lost_in_space/lost_in_space.pdf,N/A,2014,No,Used,Seven passive and active measurement datasets collected from July 2013 through Oct 2013 (full  packet  traces  from  a  large darknet; (ii) netflow logs from a national academic network; (iii) sampled packet traces from a large IXP; (iv) traffic  classification  logs  from  residential  customers  of a  European  ISP),No,No,\,Industry,Topology/ScanData
,Hannah,"Lost in Space: Improving Inference ofIPv4 Address Space Utilization",http://www.caida.org/publications/papers/2014/lost_in_space/lost_in_space.pdf,N/A,2014,No,Used,"BGP announcements captured by all collectors (24 collectors peering with 184 peers) of the Routeviews project,",Yes,No,http://www.routeviews.org/,Industry,Topology/ScanData
,Hannah,"Lost in Space: Improving Inference ofIPv4 Address Space Utilization",http://www.caida.org/publications/papers/2014/lost_in_space/lost_in_space.pdf,N/A,2014,No,Used,"dataset compiled by Geoff Huston, which merges the extended delegation files from the 5 RIRs with IANA‰Ûªs published registries, ",Yes,No,http://bgp.potaroo.net/stats/nro/archive/delegated-nro-extended-20131001,Industry,Topology/ScanData
,Hannah,"Lost in Space: Improving Inference ofIPv4 Address Space Utilization",http://www.caida.org/publications/papers/2014/lost_in_space/lost_in_space.pdf,N/A,2014,No,Used,"BGP announcements captured by all collectors (24 collectors peering with 184 peers) of the RIPE RIS project,",Yes,No,http://www.ripe.net/ris/,Industry,Topology/ScanData
,Hannah,"Lost in Space: Improving Inference ofIPv4 Address Space Utilization",http://www.caida.org/publications/papers/2014/lost_in_space/lost_in_space.pdf,N/A,2014,No,Used,"Project Sonar‰Ûªs HTTP (TCP port 80) scan of the entire IPv4 address space on October 29, 2013",Yes,No,"https://community.rapid7.com/community/infosec/sonar/blog",Industry,Topology/ScanData
,Hannah,"Lost in Space: Improving Inference ofIPv4 Address Space Utilization",http://www.caida.org/publications/papers/2014/lost_in_space/lost_in_space.pdf,N/A,2014,No,Used,"establish a mapping from /24 block to ASN, we merged all CAIDA‰Ûªs Routeviews Prefix to AS mappings files for July 2013",Yes,No,http://www.caida.org/data/routing/routeviews-prefix2as.xml,Industry,Topology/ScanData
,Hannah,"Lost in Space: Improving Inference ofIPv4 Address Space Utilization",http://www.caida.org/publications/papers/2014/lost_in_space/lost_in_space.pdf,N/A,2014,No,Used,geolocated each /24 block using Digital Element‰Ûªs NetAcuity  Edge  database  from  6  July  2013,Yes,No,http://www.digital-element.net/ip_intelligence/ip_intelligence.html,Industry,Topology/ScanData
,Hannah,Spectral Fractal Dimension Trajectory to Measure Cognitive Complexity of Malicious DNS Traffic,http://worldcomp-proceedings.com/proc/p2016/SAM3798.pdf,SAM,2016,No,Used,Data set from CAIDA USA which contains internet traces from optical fiber internet connectivity from 2002 and 2003,Yes,No,https://data.caida.org/datasets/oc48/oc48-original/,Industry,Topology/ScanData
,Hannah,Measuring IPv6 Adoption,http://web.engr.illinois.edu/~mdbailey/publications/sigcomm14_ipv6.pdf,SIGCOMM,2014,Yes,Used,"RIR Address Allocations Jan 2004 ‰ÛÒ Jan 2014‰äö18K allocation snapshots (5 daily),",Yes,No,\,Industry,Topology/ScanData
,Hannah,Measuring IPv6 Adoption,http://web.engr.illinois.edu/~mdbailey/publications/sigcomm14_ipv6.pdf,SIGCOMM,2014,Yes,Used, Routing: Route Views Jan 2004 ‰ÛÒ Jan 2014,Yes,No,http://www.routeviews.org/,Industry,Topology/ScanData
,Hannah,Measuring IPv6 Adoption,http://web.engr.illinois.edu/~mdbailey/publications/sigcomm14_ipv6.pdf,SIGCOMM,2014,Yes,Used,"Routing: RIPE Jan 2004 ‰ÛÒ Jan 2014,",Yes,No,https://www.ripe.net/analyse/internet-measurements/routing-information-service-ris/ris-raw-data,Industry,Topology/ScanData
,Hannah,Measuring IPv6 Adoption,http://web.engr.illinois.edu/~mdbailey/publications/sigcomm14_ipv6.pdf,SIGCOMM,2014,Yes,Used,"CAIDA Ark Performance Data Dec 2008 ‰ÛÒ Dec 2013‰äö10 million IPs probed daily,",Yes,No,http://www.caida.org/projects/ark/,Industry,Topology/ScanData
,Hannah,On the Practical (In-)Security of 64-bit Block Ciphers Collision Attacks on HTTP over TLS and OpenVPN,https://dl.acm.org/authorize.cfm?key=N14377,CCS,2016,No,Used,Large number of HTTP requests,No,"No",\,Research,Topology/ScanData
,Hannah,On Measuring the Geographic Diversity of Internet Routes,https://arxiv.org/pdf/1601.01116v1.pdf,N/A,2016,No,Used,CAIDA's ITDK kit,Yes,Yes,http://www.caida.org/data/internet-topology-data-kit,Industry,Topology/ScanData
,Hannah,A Novel Methodology of Router-To-AS Mapping inspired by Community Discovery,https://arxiv.org/ftp/arxiv/papers/1512/1512.03916.pdf,N/A,2015,No,Used,CAIDA ITDK Macroscopic Internet Topology Data Kit,Yes,Yes                       DS-305,"http://data.caida.org/datasets/topology/ark/ipv4/itdk/2012",Industry,Topology/ScanData
,Hannah,Evidence of spatial embedding in the IPv4 router-level Internet network,https://arxiv.org/pdf/1410.3340v1.pdf,N/A,2014,No,Used,"Internet Topology Data Kit,  ",Yes,Yes                      DS-454,http://www.caida.org/data/Internet-topology-data-kit,Industry,Topology/ScanData
,Hannah,Router-level community structure of the Internet Autonomous Systems,http://epjdatascience.springeropen.com/articles/10.1140/epjds/s13688-015-0048-y,N/A,2015,No,Used,"CAIDA router-level Internet map from October 19th, 2011",Yes,Yes                     DS-205,http://www.caida.org/data/active/ipv4_routed_24_topology_dataset.xml,Industry,Topology/ScanData
,Hannah,"Lost in Space: Improving Inference ofIPv4 Address Space Utilization",http://www.caida.org/publications/papers/2014/lost_in_space/lost_in_space.pdf,N/A,2014,No,Used,"ISI Internet Census dataset it55w20130723,",Yes,Yes                    DS-402,http://www.isi.edu/ant/traces/internet_address_census_it55w-20130723.README.txt,Industry,Topology/ScanData
,Hannah,Understanding Address Usage in the Visible Internet,http://www.isi.edu/~johnh/PAPERS/Cai09b.pdf,USC/ISI Technical Report,2009,No,Used,"Internet ICMP surveys, 4.4M IP addresses probed the ping survey Nearly half of these (2.2M) have hostnames in the ISC reverse DNS survey",Yes,Yes                   DS-063,http://www.isi.edu/ant/lander,Industry,Topology/ScanData
,Hannah,Understanding Address Usage in the Visible Internet,http://www.isi.edu/~johnh/PAPERS/Cai09b.pdf,USC/ISI Technical Report,2009,No,Used,"Internet ICMP surveys, 4.4M IP addresses probed the ping survey Nearly half of these (2.2M) have hostnames in the ISC reverse DNS survey",Yes,Yes                  DS-037,http://www.isi.edu/ant/lander,Industry,Topology/ScanData
,Hannah,"Lost in Space: Improving Inference ofIPv4 Address Space Utilization",http://www.caida.org/publications/papers/2014/lost_in_space/lost_in_space.pdf,N/A,2014,No,Used,ICMP traceroutes performed by CAIDA‰Ûªs Archipelago to each /24 in the routed IPv4 address  space  between  July  and  September  2013,Yes,Yes                DS-198,http://www.caida.org/data/active/ipv4_routed_24_topology_dataset.xml,Industry,Topology/ScanData
,Hannah,Toward Understanding Distributed Blackhole Placement,http://dl.acm.org/citation.cfm?id=1029627,WORM 2004,2004,No,Used,BGP updates data from RouteViews BGP monitor,Yes,Yes               //DS-384,\,Industry,Topology/ScanData
,Hannah,Detecting Advanced Persistent Threats using Fractal Dimension based Machine Learning Classification ,http://dl.acm.org/citation.cfm?id=2875484,ACM on Privacy and Security Analytics,2016,No,Used,DARPA Scalable Network Monitoring (SNM) Program Traffic,Yes,Yes               DS-303,\,Industry,Topology/ScanData
,Hannah,Timeouts: Beware Surprisingly High Delay,http://dl.acm.org/citation.cfm?id=2815704,IMC on Internet Measurements,2015,No,Used,"Data from 103 surveys taken between April 2006 and February 2015, consisting of all echo requests that were sent as part of the surveys in this period, as well as all echo responses  that  were  received,  Zmap scans",Yes,Yes             DS-391, http://www.isi.edu/ant/traces/topology/addresssurveys/binformatdescription.html,Industry,Topology/ScanData
,Hannah,Uncovering Network Tarpits with Degreaser,http://dl.acm.org/citation.cfm?id=2664285,N/A,2014,Yes,Used,"Scan of the /24 network by attempting to establish TCP connections to each IP address in the subnet and capture the packets for further analysis, additional scans of the internet",Yes,Yes           DS-439,https://scans.io/study/sonar.http                                                                        http://www.isi.edu/ant/address/                                                          http://www.caida.org/data/passive/passive_2013_dataset.xml,Industry,Topology/ScanData
,Hannah,Spectral Fractal Dimension Trajectory to Measure Cognitive Complexity of Malicious DNS Traffic,http://worldcomp-proceedings.com/proc/p2016/SAM3798.pdf,SAM,2016,No,Used,"Data set from PREDICT USA which contains  traces of a DNS distributed denial of service attack (DDOS), ",Yes,Yes      USC-Lander,\,Industry,Topology/ScanData
,Muwei,RAPTOR: Routing Attacks on Privacy in Tor,https://www.usenix.org/system/files/conference/usenixsecurity15/sec15-paper-sun.pdf,USENIX,2015,No,Used,gathered BGP updates from Routeviews,Yes,No,http://www.routeviews.org/.,Research,Topology/ScanData
,Muwei,An Internet-Wide View of Internet-Wide Scanning,https://www.usenix.org/conference/usenixsecurity14/technical-sessions/presentation/durumeric,USENIX,2014,Yes,Used,Mutiple scan data from scans.io,Yes,No,https://scans.io,Industry,Topology/ScanData
,Muwei,A Large-Scale Analysis of the Security of Embedded Firmwares,https://www.usenix.org/conference/usenixsecurity14/technical-sessions/presentation/costin,USENIX,2014,No,Used,Use the public ZMap datasets,Yes,No,https://zmap.io,Industry,Topology/ScanData
,Muwei,Maneuvering Around Clouds: Bypassing Cloud-based Security Providers,http://dl.acm.org/citation.cfm?doid=2810103.2813633,CCS,2015,No,Used,publicly available data of Rapid7‰Ûªs Project Sonar,Yes,No,https://sonar.labs.rapid7.com,Industry,Topology/ScanData
,Muwei,A Comprehensive Measurement Study of Domain Generating Malware',https://www.usenix.org/conference/usenixsecurity16/technical-sessions/presentation/plohmann,USENIX,2016,No,Used,WHOIS dataset,Yes,No,https:// www.domaintools.com/company/,Industry,Topology/ScanData
,Hannah,CREDAL: Towards Locating a Memory Corruption Vulnerability with Your Core Dump,https://dl.acm.org/authorize.cfm?key=N14373,CCS,2016,No,Used,73  memory  corruption  vulnerabilities archived in Offensive Security Exploit Database,Yes,No,https://www.exploit-db.com/,Industry,Vulnerabilities
,Hannah,Making Smart Contracts Smarter,https://dl.acm.org/authorize.cfm?key=N14351,CCS,2016,No,Used,"19,366 smart contracts from the blockchain as of May 5,  2016",Yes,No,\,Industry,Vulnerabilities
,Hannah,Reliable Third-Party Library Detection in Android and its Security Applications,https://dl.acm.org/authorize.cfm?key=N14369,CCS,2016,No,Used,API misuse vulnerabilities,Yes,No,\,Industry,Vulnerabilities
,Muwei,"Given Enough Eyeballs, All Bugs Are Shallow? Revisiting Eric Raymond with Bug Bounty Programs",http://weis2016.econinfosec.org/wp-content/uploads/sites/2/2015/08/WEIS_2016_paper_76.pdf,WEIS,2016,No,Used," We have investigated a public data set of 35 public bug bounty programs from the HackerOne website. We collected the rewards received by security researchers, with their timestamps",Yes,No,https://hackerone.com/,Industry,Vulnerabilities
,Muwei,Android Root and its Providers: A Double-Edged Sword,http://dl.acm.org/citation.cfm?doid=2810103.2813714,CCS,2015,No,Used,CVE database,Yes,No,https://cve.mitre.org,Industry,Vulnerabilities
,Muwei,Android Root and its Providers: A Double-Edged Sword,http://dl.acm.org/citation.cfm?doid=2810103.2813715,CCS,2015,No,Used,Android Vulnerabilities,Yes,No,http://androidvulnerabilities.org/all.html,Industry,Vulnerabilities
,Muwei,VCCFinder: Finding Potential Vulnerabilities in Open-Source Projects to Assist Code Audits,http://dl.acm.org/citation.cfm?doid=2810103.2813605,CCS,2015,No,Used,CVE database,Yes,No,https://cve.mitre.org,Industry,Vulnerabilities
,Hannah," Measurement and Analysis ofPrivate Key Sharing in the HTTPS Ecosystem",https://dl.acm.org/authorize.cfm?key=N14381,CCS,2016,No,Used," SSL certificates from full IPv4 scans,      ",Yes,No,https://scans.io/study/sonar.ssl,Industry,Topology/ScanData
,Hannah," Measurement and Analysis ofPrivate Key Sharing in the HTTPS Ecosystem",https://dl.acm.org/authorize.cfm?key=N14381,CCS,2016,No,Used," full IPv4 reverse DNS scans,",Yes,No,https://scans.io/study/sonar.rdns,Industry,Topology/ScanData
,Hannah," Measurement and Analysis ofPrivate Key Sharing in the HTTPS Ecosystem",https://dl.acm.org/authorize.cfm?key=N14381,CCS,2016,No,Used," Route-Views datasets,",Yes,No,http://www.caida.org/data/routing/routeviews-prefix2as.xml,Industry,Topology/ScanData
,Hannah," Measurement and Analysis ofPrivate Key Sharing in the HTTPS Ecosystem",https://dl.acm.org/authorize.cfm?key=N14381,CCS,2016,No,Used,"CAIDA‰Ûªs AS-to-Organization dataset,",Yes,No,http://www.caida.org/data/as-organizations/,Industry,Topology/ScanData
,Hannah," Measurement and Analysis ofPrivate Key Sharing in the HTTPS Ecosystem",https://dl.acm.org/authorize.cfm?key=N14381,CCS,2016,No,Used, WHOIS data,Yes,No,https://www.whoisxmlapi.com/    http://bulkwhoisapi.com/,Industry,Topology/ScanData
,Hannah," Measurement and Analysis ofPrivate Key Sharing in the HTTPS Ecosystem",https://dl.acm.org/authorize.cfm?key=N14381,CCS,2016,No,Used," 1,781,962outsourced leaf certificates",Yes,No,https://support.apple.com/en-us/HT202858,Industry,Topology/ScanData
,Hannah," Measurement and Analysis ofPrivate Key Sharing in the HTTPS Ecosystem",https://dl.acm.org/authorize.cfm?key=N14381,CCS,2016,No,Used,"3,275,635 self-managed leaf certificates",No,No,\,Research,Topology/ScanData
,Hannah,"Measuring and Characterizing IPv6 RouterAvailability",http://www.caida.org/publications/papers/2015/measuring_characterizing_ipv6_router/measuring_characterizing_ipv6_router.pdf,Passive Active Network Workshop,2015,No,Used,Trace routes conducted in January and February 2014 by CAIDA‰Ûªs macroscopic IPv6 topology discovery infrastructure,Yes,No,http://www.caida.org/projects/ark/,Industry,Topology/ScanData