Institution,Name,2006,2007,2008,2009,2010,2011,2012,2013,2014,2015,2016,2017,availableYear,EndYear
University of Southern California-Information Sciences Institute,internet_address_survey_reprobing_it50c-20121011,0,0,0,0,0,0,0,0,0,0,0,0,2012,2020
University of Southern California-Information Sciences Institute,geoloc_69_70_91_92_110_111_128-20130201,0,0,0,0,0,0,0,0,1,0,0,0,2013,2020
University of Southern California-Information Sciences Institute,internet_address_census_it73c-20161216,0,0,0,0,0,0,0,0,0,0,0,0,2017,2020
University of Southern California-Information Sciences Institute,geoloc_128_187_195-20120101,0,0,0,0,0,0,0,0,1,0,0,0,2013,2020
University of Southern California-Information Sciences Institute,internet_address_census_it51c-20121116,0,0,0,0,0,0,0,0,1,0,0,0,2013,2020
University of Southern California-Information Sciences Institute,long_flows_D1_2_days-anonymized-20090605,0,0,0,0,0,0,0,0,0,0,0,0,2012,2020
University of Southern California-Information Sciences Institute,internet_address_history_it57w-20131127,0,0,0,0,0,0,0,0,2,1,0,0,2014,2020
University of Southern California-Information Sciences Institute,internet_address_hitlist_it44w-20111102,0,0,0,0,0,0,1,1,0,1,0,0,2012,2020
University of Southern California-Information Sciences Institute,internet_address_hitlist_it68w-20160121,0,0,0,0,0,0,0,0,0,0,0,0,2016,NULL
"Merit Network, Inc.",BGP Data,0,0,0,1,0,5,1,1,0,0,1,1,2008,2020
University of Southern California-Information Sciences Institute,internet_outage_adaptive_a19g-20150101,0,0,0,0,0,0,0,0,0,0,0,0,2016,2020
University of Southern California-Information Sciences Institute,internet_address_census_it31w-20100208,0,0,0,0,0,2,1,2,0,1,0,0,2012,2020
University of Southern California-Information Sciences Institute,internet_address_census_it50c-20120926,0,0,0,0,0,0,0,0,0,0,0,0,2012,2020
Indiana University,Certificates Data,0,0,0,0,0,0,0,0,0,0,0,2,2016,2020
University of Southern California-Information Sciences Institute,Root_DNS_Event-20151130,0,0,0,0,0,0,0,0,0,0,0,0,2016,NULL
University of Southern California-Information Sciences Institute,UniformAttack_Traces_Generated20070821-20041202,0,0,0,0,0,0,0,0,0,0,0,0,2012,2020
Packet Clearing House,Skaion 2006 IARPA Dataset,0,0,0,0,0,4,11,12,11,10,5,4,2011,2020
University of Southern California-Information Sciences Institute,usc_lander_ongoing_tracing_scrambled-20050501,0,0,0,0,0,0,0,0,0,0,0,0,2007,2020
University of Southern California-Information Sciences Institute,internet_outage_adaptive_a24g-20160401,0,0,0,0,0,0,0,0,0,0,0,0,2016,NULL
"Merit Network, Inc.",Network Scanners ,0,0,0,0,0,0,0,0,0,0,0,0,2016,2020
University of Southern California-Information Sciences Institute,internet_outage_adaptive_a7j-20130212,0,0,0,0,0,0,0,0,0,0,0,0,2014,2020
University of Southern California-Information Sciences Institute,internet_address_hitlist_it39w-20110220,0,0,0,0,0,0,0,1,0,1,0,0,2012,2020
University of Southern California-Information Sciences Institute,attack-servpath-tcpsyn-20061106,0,0,2,2,0,0,0,0,0,0,0,0,2009,2020
University of Southern California-Information Sciences Institute,internet_address_history_it71w-20160803,0,0,0,0,0,0,0,0,0,0,0,1,2016,NULL
University of Southern California-Information Sciences Institute,internet_address_census_it70w-20160602,0,0,0,0,0,0,0,0,0,0,0,0,2016,NULL
University of Southern California-Information Sciences Institute,internet_outage_adaptive_a15j-20131126,0,0,0,0,0,0,0,0,0,0,0,0,2015,2020
University of Southern California-Information Sciences Institute,usc_lander_tcp_syns-20081010,0,0,0,0,0,0,0,0,0,0,0,0,2012,2020
University of Southern California-Information Sciences Institute,internet_address_census_it33w-20100514,0,0,0,0,0,2,1,2,0,1,0,0,2012,2020
University of Southern California-Information Sciences Institute,internet_address_census_standing_c-20091102,0,0,0,0,0,0,0,0,0,0,0,0,2013,2020
University of Southern California-Information Sciences Institute,internet_address_census_it63j-20150117,0,0,0,0,0,0,0,0,0,1,0,0,2015,2020
University of Southern California-Information Sciences Institute,internet_address_census_it48j-20120615,0,0,0,0,0,0,0,0,0,0,0,0,2012,2020
University of Southern California-Information Sciences Institute,DoS_DNS_amplification-20130617,0,0,0,0,0,0,0,0,7,5,1,5,2014,2020
University of Southern California-Information Sciences Institute,internet_address_survey_reprobing_it55j-20130820,0,0,0,0,0,0,0,0,0,0,0,0,2013,2020
University of Southern California-Information Sciences Institute,internet_address_survey_reprobing_it62w-20141105,0,0,0,0,0,0,0,0,0,0,0,0,2015,2020
University of Southern California-Information Sciences Institute,internet_outage_adaptive_a26w-20161001,0,0,0,0,0,0,0,0,0,0,0,0,2017,2020
University of Southern California-Information Sciences Institute,DITL_B_Root-20150413,0,0,0,0,0,0,0,0,0,0,0,0,2017,2020
University of Southern California-Information Sciences Institute,internet_outage_adaptive_a25all-20160701,0,0,0,0,0,0,0,0,0,0,0,0,2017,2020
University of Southern California-Information Sciences Institute,internet_outage_adaptive_a19j-20150101,0,0,0,0,0,0,0,0,0,0,0,0,2016,2020
"Merit Network, Inc.",bgp-dumps,0,0,0,0,0,0,0,0,0,0,0,0,2005,2010
University of Southern California-Information Sciences Institute,internet_outage_adaptive_a17c-20140701,0,0,0,0,0,0,0,0,0,0,0,0,2015,2020
University of Southern California-Information Sciences Institute,internet_address_hitlist_it51w-20121116,0,0,0,0,0,0,0,1,0,1,0,0,2013,2020
University of Southern California-Information Sciences Institute,geoloc_84_98_118-20120101,0,0,0,0,0,0,0,0,1,0,0,0,2013,2020
University of Southern California-Information Sciences Institute,internet_address_survey_it16w-20070214,0,0,0,0,0,1,0,0,0,0,0,0,2012,2020
University of Southern California-Information Sciences Institute,internet_address_survey_reprobing_it51w-20121116,0,0,0,0,0,0,0,0,0,0,0,0,2013,2020
University of Southern California-Information Sciences Institute,internet_address_census_it35c-20100818,0,0,0,0,0,2,1,1,0,0,0,0,2012,2020
University of Southern California-Information Sciences Institute,internet_address_survey_reprobing_it74w-20170222,0,0,0,0,0,0,0,0,0,0,0,0,2017,2020
University of Southern California-Information Sciences Institute,internet_address_census_it74j-20170222,0,0,0,0,0,0,0,0,0,0,0,0,2017,2020
International Computer Science Institute (ICSI),Netalyzr,0,0,0,0,0,0,0,0,0,0,0,0,2014,2015
Packet Clearing House,nota.woodynet.pch.net,0,0,0,0,0,0,0,0,0,0,0,0,2005,2005
University of Southern California-Information Sciences Institute,internet_outage_adaptive_a12c-20130424,0,0,0,0,0,0,0,0,0,0,0,0,2014,2020
University of Michigan,ims-mydoom_backdoor,1,0,2,2,0,4,2,1,0,0,0,0,2005,2020
University of Southern California-Information Sciences Institute,passive_active-20060919,0,0,0,0,0,0,0,0,0,0,0,0,2012,2020
University of Southern California-Information Sciences Institute,internet_outage_adaptive_a20w-20150401,0,0,0,0,0,0,0,0,0,0,0,0,2016,2020
University of Southern California-Information Sciences Institute,internet_address_census_it52w-20130102,0,0,0,0,0,0,0,2,1,1,0,0,2013,2020
University of Michigan,ims-tcp42_wins,1,0,2,2,0,4,2,1,0,0,0,0,2005,2020
University of Southern California-Information Sciences Institute,internet_address_survey_reprobing_it65w-20150622,0,0,0,0,0,0,0,0,0,0,0,0,2015,2020
Colorado State University,IPReputationList,0,0,0,0,0,0,1,0,1,0,1,0,2012,2020
UCSD - Center for Applied Internet Data Analysis,ITDK 2016-03,0,0,0,0,0,0,0,0,0,0,0,0,2017,NULL
Test Data Provider 3,Test Dataset 3 - Quasi-Restricted Commercial,0,0,0,0,0,0,0,0,0,0,0,0,2015,NULL
University of Southern California-Information Sciences Institute,internet_address_survey_reprobing_it61c-20140918,0,0,0,0,0,0,0,0,0,0,0,0,2014,2020
University of Southern California-Information Sciences Institute,internet_address_survey_icmp2-20031008,0,0,0,0,0,1,0,0,0,0,0,0,2012,2020
University of Southern California-Information Sciences Institute,internet_address_census_it64w-20150413,0,0,0,0,0,0,0,0,0,4,0,0,2015,2020
University of Southern California-Information Sciences Institute,internet_outage_adaptive_a27all-20170101,0,0,0,0,0,0,0,0,0,0,0,0,2017,2020
University of Southern California-Information Sciences Institute,internet_outage_adaptive_a15c-20131126,0,0,0,0,0,0,0,0,0,0,0,0,2015,2020
Colorado State University,FRGP_SSDP_Reflection_DDoS_Attack_Traffic-20140930,0,0,0,0,0,0,0,0,0,3,4,3,2014,2020
University of Southern California-Information Sciences Institute,internet_address_survey_reprobing_it25w-20090319,0,0,0,0,0,0,0,0,0,1,0,0,2012,2020
UCSD - Center for Applied Internet Data Analysis,ITDK 2013-07,0,0,0,0,0,0,0,0,0,0,0,0,2013,2020
University of Southern California-Information Sciences Institute,internet_address_survey_it20e-20080317,0,0,0,1,0,1,0,0,0,0,0,0,2012,2020
University of Southern California-Information Sciences Institute,internet_address_hitlist_it53w-20130222,0,0,0,0,0,0,0,1,0,1,0,0,2013,2020
University of Southern California-Information Sciences Institute,internet_address_survey_reprobing_it71w-20160803,0,0,0,0,0,0,0,0,0,0,0,0,2016,NULL
University of Southern California-Information Sciences Institute,internet_address_census_it61w-20140829,0,0,0,0,0,0,0,0,0,1,0,0,2014,2020
University of Southern California-Information Sciences Institute,internet_address_census_it30c-20091223,0,0,0,0,0,2,1,1,0,0,0,0,2012,2020
University of Southern California-Information Sciences Institute,internet_address_survey_reprobing_it63c-20150206,0,0,0,0,0,0,0,0,0,0,0,0,2015,2020
University of Southern California-Information Sciences Institute,internet_address_survey_reprobing_it37c-20101209,0,0,0,0,0,0,0,0,0,0,0,0,2012,2020
University of Southern California-Information Sciences Institute,internet_address_census_it61j-20140829,0,0,0,0,0,0,0,0,0,0,0,0,2014,2020
University of Southern California-Information Sciences Institute,internet_address_survey_reprobing_it50j-20121027,0,0,0,0,0,0,0,0,0,0,0,0,2012,2020
University of Southern California-Information Sciences Institute,internet_outage_adaptive_a7w-20130212,0,0,0,0,0,0,0,0,0,0,0,0,2014,2020
University of Southern California-Information Sciences Institute,internet_address_survey_it19e-20071218,0,0,0,0,0,1,0,0,0,0,0,0,2012,2020
University of Southern California-Information Sciences Institute,internet_address_survey_reprobing_it70c-20160617,0,0,0,0,0,0,0,0,0,0,0,0,2016,NULL
University of Southern California-Information Sciences Institute,internet_address_census_it44w-20111102,0,0,0,0,0,0,1,1,0,1,0,0,2012,2020
University of Southern California-Information Sciences Institute,internet_address_census_it43j-20110913,0,0,0,0,0,0,0,0,0,0,0,0,2012,2020
University of Southern California-Information Sciences Institute,internet_address_census_it74g-20170222,0,0,0,0,0,0,0,0,0,0,0,0,2017,2020
University of Southern California-Information Sciences Institute,DITL_B_Root-20130528,0,0,0,0,0,0,0,0,0,0,0,0,2017,2020
University of Southern California-Information Sciences Institute,internet_outage_survey_it50j-20121027,0,0,0,0,0,0,0,0,0,0,0,0,2014,2020
University of Southern California-Information Sciences Institute,internet_address_survey_reprobing_it58c-20140213,0,0,0,0,0,0,0,0,0,0,0,0,2014,2020
University of Southern California-Information Sciences Institute,internet_address_census_it66j-20150911,0,0,0,0,0,0,0,0,0,0,0,0,2015,2020
University of Southern California-Information Sciences Institute,internet_address_census_it57w-20131127,0,0,0,0,0,0,0,0,3,1,0,0,2014,2020
University of Southern California-Information Sciences Institute,internet_address_census_it53j-20130222,0,0,0,0,0,0,0,0,1,0,0,0,2013,2020
University of Southern California-Information Sciences Institute,internet_outage_adaptive_a23j-20160101,0,0,0,0,0,0,0,0,0,0,0,0,2016,NULL
University of Southern California-Information Sciences Institute,internet_address_survey_it28c-20090914,0,0,0,0,0,1,0,0,0,0,0,0,2012,2020
"Merit Network, Inc.",Darknet 14/8,0,0,0,0,0,0,0,0,1,0,0,0,2012,2020
University of Southern California-Information Sciences Institute,internet_outage_adaptive_a25c-20160701,0,0,0,0,0,0,0,0,0,0,0,0,2017,2020
University of Southern California-Information Sciences Institute,internet_outage_adaptive_a16all-20140407,0,0,0,0,0,0,0,0,0,0,0,0,2015,2020
University of Southern California-Information Sciences Institute,internet_outage_survey_it30w-20091223,0,0,0,0,0,0,0,0,0,0,0,0,2013,2020
University of Southern California-Information Sciences Institute,internet_outage_adaptive_a22j-20151001,0,0,0,0,0,0,0,0,0,0,0,0,2016,2020
University of Southern California-Information Sciences Institute,internet_address_survey_reprobing_it56w-20130917,0,0,0,0,0,0,0,0,0,0,0,0,2014,2020
University of Southern California-Information Sciences Institute,internet_address_survey_reprobing_it59c-20140425,0,0,0,0,0,0,0,0,0,0,0,0,2014,2020
University of Southern California-Information Sciences Institute,internet_address_census_it59c-20140410,0,0,0,0,0,0,0,0,0,0,0,0,2014,2020
University of Southern California-Information Sciences Institute,internet_address_survey_it12e-20060413,0,0,0,0,0,1,0,0,0,0,0,0,2012,2020
UCSD - Center for Applied Internet Data Analysis,ITDK 2010-04,0,0,0,0,0,0,0,0,0,1,0,0,2012,2020
Packet Clearing House,NCCDC 2012,0,0,0,0,0,0,0,1,10,10,1,0,2013,2023
"Merit Network, Inc.",SSDP DDoS attack 2015,0,0,0,0,0,0,0,0,0,0,9,5,2016,2017
University of Southern California-Information Sciences Institute,internet_address_census_it33c-20100514,0,0,0,0,0,2,1,1,0,0,0,0,2012,2020
University of Southern California-Information Sciences Institute,Bottleneck_traces-20041202,0,0,0,2,0,2,1,1,0,0,0,0,2012,2020
University of Southern California-Information Sciences Institute,internet_address_census_it56w-20130917,0,0,0,0,0,0,0,0,3,2,0,0,2014,2020
University of Southern California-Information Sciences Institute,internet_address_history_it59w-20140410,0,0,0,0,0,0,0,0,1,1,0,0,2014,2020
"Merit Network, Inc.",Darknet 177/8,0,0,0,0,0,0,0,0,2,0,0,0,2012,2020
University of Southern California-Information Sciences Institute,internet_address_survey_reprobing_it60c-20140708,0,0,0,0,0,0,0,0,0,0,0,0,2014,2020
UCSD - Center for Applied Internet Data Analysis,CAIDA DDoS 2007 Attack Dataset,0,0,0,0,0,0,0,0,0,2,7,9,2007,2020
University of Southern California-Information Sciences Institute,internet_address_survey_reprobing_it52w-20130102,0,0,0,0,0,0,0,0,0,0,0,0,2013,2020
University of Southern California-Information Sciences Institute,internet_address_census_it60j-20140619,0,0,0,0,0,0,0,0,0,0,0,0,2014,2020
UCSD - Center for Applied Internet Data Analysis,Backscatter-2008,0,0,0,0,0,0,0,0,2,0,8,3,2013,2020
University of Southern California-Information Sciences Institute,internet_address_survey_it23c-20081125,0,0,0,0,0,1,0,0,0,0,0,0,2012,2020
University of Southern California-Information Sciences Institute,internet_address_survey_it20w-20080229,0,0,1,1,0,1,0,0,0,0,0,0,2012,2020
University of Southern California-Information Sciences Institute,internet_address_census_it66g-20150911,0,0,0,0,0,0,0,0,0,0,0,0,2015,2020
University of Southern California-Information Sciences Institute,internet_outage_adaptive_a7all-20130212,0,0,0,0,0,0,0,0,0,0,0,0,2014,2020
University of Southern California-Information Sciences Institute,internet_address_survey_reprobing_it54c-20130524,0,0,0,0,0,0,0,0,0,0,0,0,2013,2020
University of Southern California-Information Sciences Institute,internet_address_census_it68c-20160121,0,0,0,0,0,0,0,0,0,0,0,0,2016,NULL
University of Southern California-Information Sciences Institute,classify_internet_address_blocks-20080912,0,0,0,3,1,1,0,0,0,0,0,0,2013,2020
University of Wisconsin,DSHIELD Logs,0,0,0,0,0,0,0,0,0,0,0,0,2012,2017
UCSD - Center for Applied Internet Data Analysis,UCSD Real-time Network Telescope Data,0,0,0,0,0,0,7,5,3,0,6,5,2012,2020
University of Southern California-Information Sciences Institute,internet_address_hitlist_it31w-20100602,0,0,0,0,0,0,0,1,0,1,0,0,2012,2020
"Merit Network, Inc.",BGP_route_hijack_2016,0,0,0,0,0,0,0,0,0,0,0,1,2016,2020
University of Southern California-Information Sciences Institute,internet_address_survey_reprobing_it12w-20060425,0,0,0,0,0,0,0,0,0,1,0,0,2012,2020
University of Southern California-Information Sciences Institute,internet_address_survey_reprobing_it60w-20140619,0,0,0,0,0,0,0,0,0,0,0,0,2014,2020
University of Southern California-Information Sciences Institute,internet_outage_adaptive_a17j-20140701,0,0,0,0,0,0,0,0,0,0,0,0,2015,2020
Packet Clearing House,PCH - BGP Outage Data,0,0,0,0,0,0,0,0,2,3,2,1,2012,2021
University of Southern California-Information Sciences Institute,survey_validation_tcpvsicmp-20071009,0,0,0,0,0,0,0,0,0,0,0,0,2012,2020
"Merit Network, Inc.",Darknet 1/8,0,0,0,0,0,0,0,0,1,0,0,0,2012,2020
University of Southern California-Information Sciences Institute,internet_address_survey_reprobing_it64c-20150428,0,0,0,0,0,0,0,0,0,0,0,0,2015,2020
University of Southern California-Information Sciences Institute,internet_address_survey_reprobing_it29w-20091103,0,0,0,0,0,0,0,0,0,1,0,0,2012,2020
University of Southern California-Information Sciences Institute,internet_address_survey_reprobing_it54j-20130618,0,0,0,0,0,0,0,0,0,0,0,0,2013,2020
"Merit Network, Inc.",Darknet 181/8,0,0,0,0,0,0,0,0,1,0,0,0,2012,2020
Test Data Provider 2,Test Dataset 2 - Quasi-Restricted Commercial,0,0,0,0,0,0,0,0,0,0,0,0,2015,NULL
University of Southern California-Information Sciences Institute,internet_address_census_it42w-20110726,0,0,0,0,0,0,1,1,0,1,0,0,2012,2020
Test Data Provider 1,Test Dataset 1 - Quasi-Restricted Non-Commercial,0,0,0,0,0,0,0,0,0,0,0,0,2015,NULL
University of Southern California-Information Sciences Institute,internet_address_survey_reprobing_it48j-20120717,0,0,0,0,0,0,0,0,0,0,0,0,2012,2020
University of Southern California-Information Sciences Institute,DITL_B_Root-20140428,0,0,0,0,0,0,0,0,0,0,0,0,2017,2020
University of Southern California-Information Sciences Institute,internet_outage_adaptive_a25g-20160701,0,0,0,0,0,0,0,0,0,0,0,0,2017,2020
Test Data Provider 1,Test Dataset 1 - Quasi-Restricted Commercial,0,0,0,0,0,0,0,0,0,0,0,0,2015,NULL
University of Southern California-Information Sciences Institute,internet_address_survey_reprobing_it60j-20140723,0,0,0,0,0,0,0,0,0,0,0,0,2014,2020
Packet Clearing House,hkix.woodynet.pch.net,0,0,0,0,0,1,0,0,2,1,0,0,2005,2099
University of Southern California-Information Sciences Institute,internet_address_survey_reprobing_it62g-20141210,0,0,0,0,0,0,0,0,0,0,0,0,2015,2020
UCSD - Center for Applied Internet Data Analysis,Patch Tuesday Dataset,0,0,0,0,0,0,0,0,0,0,3,0,2013,2020
University of Southern California-Information Sciences Institute,internet_address_survey_it13w-20060616,0,0,0,0,0,1,0,0,0,0,0,0,2012,2020
University of Southern California-Information Sciences Institute,internet_address_survey_reprobing_it67w-20151202,0,0,0,0,0,0,0,0,0,0,0,0,2016,2020
University of Southern California-Information Sciences Institute,internet_address_census_it72w-20161003,0,0,0,0,0,0,0,0,0,0,0,0,2017,2020
University of Southern California-Information Sciences Institute,DNS_Backscatter_M_Root_anon-20140216,0,0,0,0,0,0,0,0,0,0,0,0,2017,2020
University of Southern California-Information Sciences Institute,geoloc_68_72_86_87_124_125-20120401,0,0,0,0,0,0,0,0,2,0,0,0,2013,2020
University of Southern California-Information Sciences Institute,internet_address_history_it47w-20120427,0,0,0,0,0,0,0,1,0,1,0,0,2012,2020
University of Southern California-Information Sciences Institute,internet_address_census_it51j-20121116,0,0,0,0,0,0,0,0,1,0,0,0,2013,2020
University of Southern California-Information Sciences Institute,internet_address_census_it45j-20120102,0,0,0,0,0,0,1,0,0,0,0,0,2012,2020
UCSD - Center for Applied Internet Data Analysis,Skitter Internet Topology Data Kits (ITDKs),0,0,0,0,1,4,0,0,0,0,0,0,2015,2020
"Merit Network, Inc.",Longitudinal Darknet 35/8,0,0,0,0,0,0,2,1,1,2,1,2,2016,2020
University of Southern California-Information Sciences Institute,p2p_detection-20061003,0,0,0,0,0,0,0,0,0,0,0,0,2012,2020
University of Southern California-Information Sciences Institute,internet_address_census_it65g-20150622,0,0,0,0,0,0,0,0,0,0,0,0,2015,2020
University of Southern California-Information Sciences Institute,internet_outage_adaptive_a21all-20150702,0,0,0,0,0,0,0,0,0,0,0,0,2016,2020
University of Southern California-Information Sciences Institute,internet_address_hitlist_it30w-20091223,0,0,0,0,1,0,0,1,0,1,0,0,2012,2020
UCSD - Center for Applied Internet Data Analysis,ITDK 2013-04,0,0,0,0,0,0,0,0,0,0,0,0,2013,2020
University of Southern California-Information Sciences Institute,internet_address_census_it40w-20110406,0,0,0,0,0,0,0,1,0,1,0,0,2012,2020
University of Southern California-Information Sciences Institute,internet_address_survey_it15e-20061108,0,0,0,0,0,0,0,0,0,0,0,0,2012,2020
UCSD - Center for Applied Internet Data Analysis,UCSD Industry Evaluation Near-Real Time Network Telescope Dataset,0,0,0,0,0,0,0,0,0,0,0,0,2013,2020
University of Southern California-Information Sciences Institute,internet_outage_adaptive_a22g-20151001,0,0,0,0,0,0,0,0,0,0,0,0,2016,2020
University of Southern California-Information Sciences Institute,DoS_80_timeseries-20020629,0,0,1,1,5,10,4,2,5,2,2,2,2012,2020
University of Southern California-Information Sciences Institute,internet_address_history_standing_w-20110913,0,0,0,0,0,0,0,1,0,1,1,1,2013,2020
University of Southern California-Information Sciences Institute,internet_address_census_it73j-20161216,0,0,0,0,0,0,0,0,0,0,0,0,2017,2020
University of Southern California-Information Sciences Institute,internet_address_survey_reprobing_it64w-20150413,0,0,0,0,0,0,0,0,0,0,0,0,2015,2020
UCSD - Center for Applied Internet Data Analysis,IPv4 Routed /24 Topology Current,0,0,0,0,0,0,0,0,0,0,1,0,2016,2020
University of Southern California-Information Sciences Institute,internet_address_census_it69w-20160411,0,0,0,0,0,0,0,0,0,0,0,0,2016,NULL
University of Southern California-Information Sciences Institute,internet_address_survey_reprobing_it41w-20110520,0,0,0,0,0,0,0,0,0,0,0,0,2012,2020
University of Southern California-Information Sciences Institute,internet_address_survey_reprobing_it47c-20120513,0,0,0,0,0,0,0,0,0,0,0,0,2012,2020
University of Southern California-Information Sciences Institute,internet_outage_adaptive_a19all-20150101,0,0,0,0,0,0,0,0,0,0,0,0,2016,2020
University of Southern California-Information Sciences Institute,internet_address_census_it45w-20120102,0,0,0,0,0,0,1,1,0,1,0,0,2012,2020
University of Southern California-Information Sciences Institute,internet_outage_adaptive_a23w-20160101,0,0,0,0,0,0,0,0,0,0,0,0,2016,NULL
University of Southern California-Information Sciences Institute,internet_address_survey_it17e-20070529,0,0,0,0,0,1,0,0,0,0,0,0,2012,2020
University of Southern California-Information Sciences Institute,internet_address_survey_reprobing_it29c-20091117,0,0,0,0,0,0,0,0,0,1,0,0,2012,2020
Packet Clearing House,FCC US ISP Broadband Performance Characterization,0,0,0,0,0,0,0,0,2,1,0,0,2013,2020
University of Southern California-Information Sciences Institute,internet_address_survey_reprobing_it17w-20070601,0,0,1,0,0,0,0,0,0,1,0,0,2012,2020
University of Southern California-Information Sciences Institute,internet_address_survey_reprobing_it73c-20170120,0,0,0,0,0,0,0,0,0,0,0,0,2017,2020
University of Southern California-Information Sciences Institute,internet_address_history_it46w-20120309,0,0,0,0,0,0,0,1,0,1,0,0,2012,2020
"Merit Network, Inc.",bgp-updates,0,0,0,0,0,0,0,0,0,0,0,0,2005,2010
University of Southern California-Information Sciences Institute,internet_address_history_it73w-20161216,0,0,0,0,0,0,0,0,0,0,0,1,2017,2020
University of Southern California-Information Sciences Institute,internet_address_census_it37w-20101124,0,0,0,0,0,2,1,2,0,1,0,0,2012,2020
UCSD - Center for Applied Internet Data Analysis,ITDK 2015-08,0,0,0,0,0,0,0,0,0,0,2,0,2016,2020
University of Southern California-Information Sciences Institute,internet_address_survey_reprobing_it72c-20161104,0,0,0,0,0,0,0,0,0,0,0,0,2017,2020
University of Southern California-Information Sciences Institute,internet_address_census_it61c-20140829,0,0,0,0,0,0,0,0,0,0,0,0,2014,2020
University of Southern California-Information Sciences Institute,internet_address_census_it55w-20130723,0,0,0,0,0,0,0,1,2,1,0,0,2013,2020
University of Southern California-Information Sciences Institute,internet_address_census_it36c-20101005,0,0,0,0,0,2,1,1,0,0,0,0,2012,2020
University of Southern California-Information Sciences Institute,internet_address_history_it69w-20160411,0,0,0,0,0,0,0,0,0,0,0,1,2016,NULL
University of Southern California-Information Sciences Institute,internet_address_census_it64c-20150413,0,0,0,0,0,0,0,0,0,2,0,0,2015,2020
University of Southern California-Information Sciences Institute,internet_address_census_it46w-20120309,0,0,0,0,0,0,0,1,0,1,0,0,2012,2020
University of Southern California-Information Sciences Institute,internet_address_hitlist_it47w-20120427,0,0,0,0,0,0,0,1,0,1,0,0,2012,2020
University of Southern California-Information Sciences Institute,internet_address_survey_reprobing_it61w-20140829,0,0,0,0,0,0,0,0,0,0,0,0,2014,2020
University of Southern California-Information Sciences Institute,internet_outage_adaptive_a21_supplement-20150702,0,0,0,0,0,0,0,0,0,0,0,0,2016,2020
University of Southern California-Information Sciences Institute,internet_address_hitlist_it71w-20160803,0,0,0,0,0,0,0,0,0,0,0,0,2016,NULL
University of Southern California-Information Sciences Institute,internet_address_census_it46c-20120309,0,0,0,0,0,0,0,0,0,0,0,0,2012,2020
University of Southern California-Information Sciences Institute,internet_address_survey_reprobing_it55w-20130723,0,0,0,0,0,0,0,0,0,0,0,0,2013,2020
University of Southern California-Information Sciences Institute,internet_address_census_it62w-20141105,0,0,0,0,0,0,0,0,0,2,0,0,2015,2020
University of Southern California-Information Sciences Institute,internet_address_census_it68g-20160121,0,0,0,0,0,0,0,0,0,0,0,0,2016,NULL
University of Southern California-Information Sciences Institute,internet_address_census_it68j-20160121,0,0,0,0,0,0,0,0,0,0,0,0,2016,NULL
"Merit Network, Inc.",Darknet 49/8,0,0,0,0,0,0,0,0,1,0,0,0,2012,2020
University of Southern California-Information Sciences Institute,internet_address_hitlist_standing_w-20091102,0,0,0,0,0,0,0,1,0,3,1,1,2013,2020
University of Southern California-Information Sciences Institute,internet_address_census_it71g-20160803,0,0,0,0,0,0,0,0,0,0,0,0,2016,NULL
University of Southern California-Information Sciences Institute,internet_address_survey_reprobing_it54w-20130430,0,0,0,0,0,0,0,0,0,0,0,0,2013,2020
Packet Clearing House,equinix-sin.woodynet.pch.net,0,0,0,0,0,1,0,0,0,1,0,0,2005,2099
University of Southern California-Information Sciences Institute,internet_address_hitlist_it57w-20131127,0,0,0,0,0,0,0,0,1,1,0,0,2014,2020
University of Southern California-Information Sciences Institute,internet_address_survey_reprobing_it48w-20120615,0,0,0,0,0,0,0,0,0,0,0,0,2012,2020
"Merit Network, Inc.",Darknet 31/8,0,0,0,0,0,0,0,0,1,0,0,0,2012,2020
University of Southern California-Information Sciences Institute,internet_address_survey_reprobing_it53w-20130222,0,0,0,0,0,0,0,0,0,0,0,0,2013,2020
"Merit Network, Inc.",syn-flood-attack,0,0,0,0,0,9,5,4,9,4,6,8,2011,2020
University of Southern California-Information Sciences Institute,internet_address_survey_icmp1-20030601,0,0,0,0,0,1,0,0,0,1,0,0,2012,2020
University of Southern California-Information Sciences Institute,internet_address_hitlist_it50w-20120926,0,0,0,0,0,0,0,1,0,1,0,0,2012,2020
University of Southern California-Information Sciences Institute,internet_address_history_it49w-20120731,0,0,0,0,0,0,1,1,0,1,0,0,2012,2020
University of Southern California-Information Sciences Institute,internet_address_census_it65j-20150622,0,0,0,0,0,0,0,0,0,0,0,0,2015,2020
Georgia Tech,GT Malware Unsolicited Email Daily Feed,0,0,0,0,0,0,0,0,0,0,39,4,2016,2017
UCSD - Center for Applied Internet Data Analysis,CAIDA Two-Days-In-2008 Telescope Dataset,0,0,0,0,0,0,0,0,0,0,0,0,2008,2008
University of Southern California-Information Sciences Institute,lander_sample-20080903,0,0,0,0,0,0,0,0,0,0,0,0,2012,2020
University of Southern California-Information Sciences Institute,internet_address_survey_reprobing_it28c-20090928,0,0,0,0,0,0,0,0,0,1,0,0,2009,2020
University of Michigan,ims-mysqlbot,1,0,2,3,0,4,2,0,0,0,0,0,2005,2020
University of Southern California-Information Sciences Institute,internet_address_census_it50w-20120926,0,0,0,0,0,0,0,1,0,1,0,0,2012,2020
University of Southern California-Information Sciences Institute,internet_outage_adaptive_a24j-20160401,0,0,0,0,0,0,0,0,0,0,0,0,2016,NULL
University of Southern California-Information Sciences Institute,internet_outage_adaptive_a24all-20160401,0,0,0,0,0,0,0,0,0,0,0,0,2016,NULL
University of Southern California-Information Sciences Institute,internet_outage_adaptive_a16j-20140408,0,0,0,0,0,0,0,0,0,0,0,0,2015,2020
University of Southern California-Information Sciences Institute,internet_address_hitlist_it56w-20130917,0,0,0,0,0,0,0,0,1,2,0,0,2014,2020
University of Southern California-Information Sciences Institute,internet_address_history_it63w-20150117,0,0,0,0,0,0,0,0,0,1,1,0,2015,2020
University of Southern California-Information Sciences Institute,internet_address_census_it58j-20140122,0,0,0,0,0,0,0,0,1,0,0,0,2014,2020
University of Southern California-Information Sciences Institute,internet_address_census_it68w-20160121,0,0,0,0,0,0,0,0,0,0,0,0,2016,NULL
UCSD - Center for Applied Internet Data Analysis,"January 15, 2003 OC48 Peering Point Trace",0,0,1,0,0,1,1,1,3,1,1,1,2005,2020
University of Southern California-Information Sciences Institute,internet_address_census_it49c-20120731,0,0,0,0,0,0,0,0,0,0,0,0,2012,2020
University of Southern California-Information Sciences Institute,internet_address_survey_standing_j-20060425,0,0,0,0,0,0,0,0,0,0,0,0,2013,2020
University of Southern California-Information Sciences Institute,internet_outage_adaptive_a21c-20150702,0,0,0,0,0,0,0,0,0,0,0,0,2016,2020
University of Southern California-Information Sciences Institute,internet_outage_adaptive_a17w-20140701,0,0,0,0,0,0,0,0,0,0,0,0,2015,2020
University of Southern California-Information Sciences Institute,internet_address_census_it42c-20110712,0,0,0,0,0,0,1,0,0,0,0,0,2012,2020
University of Southern California-Information Sciences Institute,usc_lander_ongoing_tracing_scrambled-20120501,0,0,0,0,0,0,0,0,0,0,0,0,2012,2020
University of Southern California-Information Sciences Institute,internet_address_survey_reprobing_it44j-20111205,0,0,0,0,0,0,0,0,0,0,0,0,2012,2020
University of Southern California-Information Sciences Institute,internet_address_survey_reprobing_it44w-20111102,0,0,0,0,0,0,0,0,0,0,0,0,2012,2020
University of Southern California-Information Sciences Institute,internet_address_survey_reprobing_it20w-20080411,0,0,0,0,0,0,0,0,0,1,0,0,2012,2020
Packet Clearing House,netnod.woodynet.pch.net,0,0,0,0,0,1,0,0,1,1,0,0,2005,2099
University of Southern California-Information Sciences Institute,internet_address_census_it57c-20131127,0,0,0,0,0,0,0,0,2,0,0,0,2014,2020
University of Southern California-Information Sciences Institute,internet_address_census_it43w-20110913,0,0,0,0,0,0,1,1,0,1,0,0,2012,2020
Packet Clearing House,DARPA Scalable Network Monitoring (SNM) Program Traffic,0,0,0,0,0,0,0,14,18,15,10,5,2012,2022
UCSD - Center for Applied Internet Data Analysis,IPv4 2013 census dataset,0,0,0,0,0,0,0,0,0,0,2,1,2016,NULL
University of Southern California-Information Sciences Institute,internet_outage_adaptive_a16w-20140407,0,0,0,0,0,0,0,0,0,0,0,0,2015,2020
University of Southern California-Information Sciences Institute,internet_address_survey_reprobing_it55c-20130806,0,0,0,0,0,0,0,0,0,0,0,0,2013,2020
University of Southern California-Information Sciences Institute,internet_address_survey_reprobing_it68c-20160208,0,0,0,0,0,0,0,0,0,0,0,0,2016,NULL
University of Southern California-Information Sciences Institute,internet_address_census_it29c-20091102,0,0,0,0,0,3,1,1,0,0,0,0,2012,2020
University of Southern California-Information Sciences Institute,internet_address_survey_reprobing_it59w-20140410,0,0,0,0,0,0,0,0,0,0,0,0,2014,2020
University of Southern California-Information Sciences Institute,internet_address_census_it72j-20161003,0,0,0,0,0,0,0,0,0,0,0,0,2017,2020
"Merit Network, Inc.",Darknet 179/8,0,0,0,0,0,0,0,0,1,0,0,0,2012,2020
"Merit Network, Inc.",netflow-site2,1,0,2,0,0,0,0,0,0,0,0,0,2005,2010
University of Southern California-Information Sciences Institute,internet_address_census_it66w-20150911,0,0,0,0,0,0,0,0,0,0,1,0,2015,2020
University of Southern California-Information Sciences Institute,internet_address_census_it41c-20110520,0,0,0,0,0,0,0,0,0,0,0,0,2012,2020
University of Southern California-Information Sciences Institute,internet_outage_adaptive_a20g-20150401,0,0,0,0,0,0,0,0,0,0,0,0,2016,2020
University of Southern California-Information Sciences Institute,internet_address_hitlist_it54w-20130430,0,0,0,0,0,0,0,1,0,1,0,0,2013,2020
University of Southern California-Information Sciences Institute,internet_address_census_it57j-20131127,0,0,0,0,0,0,0,0,3,0,0,0,2014,2020
University of Southern California-Information Sciences Institute,internet_address_census_standing_j-20091102,0,0,0,0,0,0,0,0,0,0,0,0,2013,2020
UCSD - Center for Applied Internet Data Analysis,IPv4 Routed /24 DNS Names Current,0,0,0,0,0,0,0,0,0,0,0,0,2016,2020
UCSD - Center for Applied Internet Data Analysis,IPv4 Routed /24 Topology,0,0,0,0,0,0,1,2,0,5,0,0,2012,2020
University of Southern California-Information Sciences Institute,internet_address_hitlist_it49w-20120731,0,0,0,0,0,0,1,1,0,1,0,0,2012,2020
University of Southern California-Information Sciences Institute,internet_address_census_it38c-20110112,0,0,0,0,0,2,1,1,0,0,0,0,2012,2020
University of Southern California-Information Sciences Institute,geoloc_89_90_96_97_113_126-20120701,0,0,0,0,0,0,0,1,2,0,0,0,2013,2020
University of Michigan,ims-trend-1,1,0,3,2,0,3,1,0,0,0,0,0,2005,2020
University of Southern California-Information Sciences Institute,internet_address_survey_reprobing_it43w-20110913,0,0,0,0,0,0,0,0,0,0,0,0,2012,2020
"Merit Network, Inc.",Darknet 37/8,0,0,0,0,0,0,0,0,2,0,0,0,2012,2020
University of Southern California-Information Sciences Institute,internet_address_survey_reprobing_it52c-20130116,0,0,0,0,0,0,0,0,0,0,0,0,2013,2020
University of Southern California-Information Sciences Institute,usc_lander_ongoing_tracing_scrambled,0,0,0,0,0,0,0,0,0,0,0,0,1900,2010
University of Southern California-Information Sciences Institute,rdns_ipv4-20151023,0,0,0,0,0,0,0,0,0,0,0,0,2017,2020
University of Southern California-Information Sciences Institute,internet_address_survey_it18w-20070914,0,0,0,0,0,1,0,0,0,0,0,0,2012,2020
University of Southern California-Information Sciences Institute,internet_address_hitlist_it46w-20120309,0,0,0,0,0,0,0,1,0,1,0,0,2012,2020
University of Southern California-Information Sciences Institute,internet_outage_adaptive_a18g-20141001,0,0,0,0,0,0,0,0,0,0,0,0,2016,2020
University of Southern California-Information Sciences Institute,internet_address_survey_it22e-20080911,0,0,1,0,0,1,0,0,0,0,0,0,2012,2020
UCSD - Center for Applied Internet Data Analysis,Backscatter-2007,0,0,0,0,0,0,0,0,2,0,4,0,2013,2020
"Merit Network, Inc.",Darknet 102/8,0,0,0,0,0,0,0,0,1,0,0,0,2012,2020
University of Southern California-Information Sciences Institute,long_flows_D8_2_weeks-20100221,0,0,0,0,0,0,0,0,0,0,0,0,2012,2020
University of Southern California-Information Sciences Institute,internet_address_census_it67c-20151202,0,0,0,0,0,0,0,0,0,0,0,0,2016,2020
University of Southern California-Information Sciences Institute,Anycast_Enumeration_from_rDNS_to_AS112-20120504,0,0,0,0,0,0,0,0,0,0,0,0,2013,2020
University of Southern California-Information Sciences Institute,internet_address_survey_reprobing_it26w-20090527,0,0,0,0,0,0,0,0,0,1,0,0,2012,2020
UCSD - Center for Applied Internet Data Analysis,Border mapping dataset,0,0,0,0,0,0,0,0,0,0,0,0,2017,2020
University of Southern California-Information Sciences Institute,internet_address_hitlist_it62w-20141105,0,0,0,0,0,0,0,0,0,2,0,0,2015,2020
University of Southern California-Information Sciences Institute,internet_address_census_it70g-20160602,0,0,0,0,0,0,0,0,0,0,0,0,2016,NULL
UCSD - Center for Applied Internet Data Analysis,IPv6 Topology,0,0,0,0,0,0,0,1,0,0,0,0,2012,2020
University of Southern California-Information Sciences Institute,internet_address_survey_reprobing_it35c-20100902,0,0,0,0,0,0,0,0,0,0,0,0,2012,2020
University of Southern California-Information Sciences Institute,internet_address_hitlist_it45w-20120102,0,0,0,0,0,0,0,1,0,1,0,0,2012,2020
University of Southern California-Information Sciences Institute,usc_lander_active_tracing_scrambled,0,0,0,0,0,0,0,0,0,0,0,0,1900,2010
"Merit Network, Inc.",RADB DDoS 2016,0,0,0,0,0,0,0,0,0,0,14,8,2016,2020
UCSD - Center for Applied Internet Data Analysis,Code Red Dataset,0,0,0,0,0,0,0,0,0,0,0,1,2001,2020
UCSD - Center for Applied Internet Data Analysis,IPv4 Prefix-Probing Current,0,0,0,0,0,0,0,0,0,0,0,0,2017,2020
"Merit Network, Inc.",Netflow-3,0,0,0,4,2,5,4,2,7,2,3,3,2008,2020
University of Southern California-Information Sciences Institute,geoloc_196_197_198_199_200_201_204_205_206_207_208_209-20130201,0,0,0,0,0,0,0,0,1,0,0,0,2013,2020
University of Southern California-Information Sciences Institute,internet_address_census_it55c-20130723,0,0,0,0,0,0,0,0,2,0,0,0,2013,2020
University of Southern California-Information Sciences Institute,internet_address_census_it69c-20160411,0,0,0,0,0,0,0,0,0,0,0,0,2016,NULL
"Merit Network, Inc.",NTP DDoS 2014,0,0,0,0,0,0,0,0,3,4,10,7,2014,2017
University of Southern California-Information Sciences Institute,internet_address_hitlist_it64w-20150413,0,0,0,0,0,0,0,0,0,3,0,0,2015,2020
Packet Clearing House,equinix-la.woodynet.pch.net,0,0,0,0,0,1,0,0,1,2,0,0,2005,2099
University of Southern California-Information Sciences Institute,internet_address_census_it32c-20100329,0,0,0,0,0,2,1,1,0,0,0,0,2012,2020
University of Southern California-Information Sciences Institute,internet_address_hitlist_it69w-20160411,0,0,0,0,0,0,0,0,0,0,0,0,2016,NULL
University of Southern California-Information Sciences Institute,internet_address_census_it55j-20130723,0,0,0,0,0,0,0,0,2,0,0,0,2013,2020
University of Southern California-Information Sciences Institute,internet_address_survey_reprobing_it49j-20120902,0,0,0,0,0,0,0,0,0,0,0,0,2012,2020
University of Southern California-Information Sciences Institute,internet_address_census_it51w-20121116,0,0,0,0,0,0,0,1,1,2,0,0,2013,2020
University of Southern California-Information Sciences Institute,internet_outage_adaptive_a22c-20151001,0,0,0,0,0,0,0,0,0,0,0,0,2016,2020
University of Southern California-Information Sciences Institute,internet_address_survey_it27c-20090727,0,0,0,0,0,1,0,0,0,0,0,0,2012,2020
"Merit Network, Inc.",Mirai scanning 2016,0,0,0,0,0,0,0,0,0,0,0,3,2017,2020
University of Southern California-Information Sciences Institute,internet_address_census_it64g-20150413,0,0,0,0,0,0,0,0,0,2,0,0,2015,2020
University of Southern California-Information Sciences Institute,geoloc_65_67_77_78_120_123-20120301,0,0,0,0,0,0,0,0,1,0,0,0,2013,2020
University of Southern California-Information Sciences Institute,geoloc_71_88_112-20120101,0,0,0,0,0,0,0,0,1,0,0,0,2013,2020
University of Southern California-Information Sciences Institute,internet_address_census_it43c-20110913,0,0,0,0,0,0,0,0,0,0,0,0,2012,2020
Test Data Provider 3,Test Dataset 3 - Restricted Commercial,0,0,0,0,0,0,0,0,0,0,0,0,2015,NULL
University of Southern California-Information Sciences Institute,internet_address_history_it62w-20141105,0,0,0,0,0,0,0,0,0,2,1,0,2015,2020
University of Southern California-Information Sciences Institute,internet_address_census_it39w-20110220,0,0,0,0,0,0,0,1,0,1,0,0,2012,2020
University of Southern California-Information Sciences Institute,internet_address_survey_reprobing_it51j-20121217,0,0,0,0,0,0,0,0,0,0,0,0,2013,2020
University of Southern California-Information Sciences Institute,internet_address_hitlist_it70w-20160602,0,0,0,0,0,0,0,0,0,0,0,0,2016,NULL
University of Wisconsin,US Long-haul Infrastructure Topology,0,0,0,0,0,0,0,0,0,0,0,0,2015,2020
University of Southern California-Information Sciences Institute,internet_address_survey_it27w-20090727,0,0,0,0,0,1,0,0,0,0,0,0,2012,2020
University of Southern California-Information Sciences Institute,internet_address_hitlist_it42w-20110726,0,0,0,0,0,0,0,1,0,1,0,0,2012,2020
University of Southern California-Information Sciences Institute,internet_address_survey_reprobing_it49w-20120802,0,0,0,0,0,0,0,0,0,0,0,0,2012,2020
University of Southern California-Information Sciences Institute,internet_address_hitlist_it36w-20101005,0,0,0,0,1,0,0,1,0,1,0,0,2012,2020
University of Southern California-Information Sciences Institute,internet_address_survey_reprobing_it53j-20130326,0,0,0,0,0,0,0,0,0,0,0,0,2013,2020
University of Southern California-Information Sciences Institute,attack-udp22-20061106,0,0,0,0,2,10,3,2,4,0,1,0,2012,2020
University of Michigan,ims-tcp6101_veritas,0,0,3,2,0,4,3,0,0,0,0,0,2005,2020
University of Southern California-Information Sciences Institute,attack-servpath-udp22-20061106,0,0,2,3,0,0,0,0,0,0,0,0,2008,2020
University of Southern California-Information Sciences Institute,internet_address_census_it47w-20120427,0,0,0,0,0,0,0,1,0,1,0,0,2012,2020
University of Southern California-Information Sciences Institute,internet_address_hitlist_it43w-20110913,0,0,0,0,0,0,0,1,0,1,0,0,2012,2020
University of Southern California-Information Sciences Institute,internet_outage_adaptive_a12all-20130424,0,0,0,0,0,0,0,0,0,0,0,0,2014,2020
University of Southern California-Information Sciences Institute,as_to_org_mapping_inferred_truth-20110901,0,0,0,0,0,0,0,1,1,4,0,0,2013,2020
Test Data Provider 1,Test Dataset 1 - Restricted Commercial,0,0,0,0,0,0,0,0,0,0,0,1,2015,NULL
University of Southern California-Information Sciences Institute,internet_address_survey_reprobing_it47j-20120529,0,0,0,0,0,0,0,0,0,0,0,0,2012,2020
UCSD - Center for Applied Internet Data Analysis,CAIDA Anonymized 2007 Internet Traces,0,0,0,0,0,1,0,0,0,0,0,0,2008,2020
University of Southern California-Information Sciences Institute,internet_address_hitlist_it48w-20120615,0,0,0,0,0,0,0,1,0,1,0,0,2012,2020
University of Michigan,ims-sasser,1,0,2,2,0,4,2,1,1,0,0,0,2005,2020
University of Southern California-Information Sciences Institute,internet_outage_adaptive_a17all-20140701,0,0,0,0,0,0,0,0,0,0,0,0,2015,2020
Georgia Tech,Kraken Botnet Sinkhole Connection Data,0,0,0,0,0,0,0,2,2,2,3,1,2013,2017
University of Southern California-Information Sciences Institute,internet_address_survey_tcp1-20031120,0,0,0,0,0,0,0,0,0,0,0,0,2012,2020
University of Southern California-Information Sciences Institute,internet_address_hitlist_it34w-20100707,0,0,0,0,1,0,0,1,0,1,0,0,2012,2020
University of Southern California-Information Sciences Institute,internet_address_hitlist_it63w-20150117,0,0,0,0,0,0,0,0,0,1,0,0,2015,2020
University of Southern California-Information Sciences Institute,internet_outage_adaptive_a18c-20141001,0,0,0,0,0,0,0,0,0,0,0,0,2016,2020
"Merit Network, Inc.",DNS AMPL DDOS DEC2015,0,0,0,0,0,0,0,0,0,0,12,7,2016,2020
University of Southern California-Information Sciences Institute,internet_outage_adaptive_a12w-20130424,0,0,0,0,0,0,0,0,0,0,0,0,2014,2020
University of Southern California-Information Sciences Institute,internet_address_census_it40c-20110406,0,0,0,0,0,0,0,0,0,0,0,0,2012,2020
"Merit Network, Inc.",SIP_scanning_2016 ,0,0,0,0,0,0,0,0,0,0,1,2,2016,2020
"Merit Network, Inc.",Darknet 50/8,0,0,0,0,0,0,0,0,1,0,0,0,2012,2020
"Merit Network, Inc.",Darknet 39/8,0,0,0,0,0,0,0,0,1,0,0,0,2012,2020
University of Southern California-Information Sciences Institute,internet_outage_adaptive_a12j-20130424,0,0,0,0,0,0,0,0,0,0,0,0,2014,2020
University of Southern California-Information Sciences Institute,internet_address_history_it48w-20120615,0,0,0,0,0,0,0,1,0,1,0,0,2012,2020
"Merit Network, Inc.",Darknet 105/8,0,0,0,0,0,0,0,0,1,0,0,0,2012,2020
University of Southern California-Information Sciences Institute,internet_address_survey_reprobing_it24w-20090203,0,0,0,0,0,0,0,0,0,1,0,0,2012,2020
University of Southern California-Information Sciences Institute,internet_address_census_it66c-20150911,0,0,0,0,0,0,0,0,0,0,0,0,2015,2020
University of Southern California-Information Sciences Institute,internet_outage_adaptive_a26g-20161001,0,0,0,0,0,0,0,0,0,0,0,0,2017,2020
University of Southern California-Information Sciences Institute,internet_address_census_it73g-20161216,0,0,0,0,0,0,0,0,0,0,0,0,2017,2020
University of Southern California-Information Sciences Institute,internet_address_census_it69g-20160411,0,0,0,0,0,0,0,0,0,0,0,0,2016,NULL
Test Data Provider 1,Test Dataset 1 - Restricted Non-Commercial,0,0,0,0,0,0,0,0,0,0,0,0,2015,NULL
University of Southern California-Information Sciences Institute,internet_address_census_it67w-20151202,0,0,0,0,0,0,0,0,0,0,2,0,2016,2020
Georgia Tech,Historical GT Malware Passive DNS Data 2011-2013,0,0,0,0,0,0,0,0,31,30,9,1,2014,2017
University of Southern California-Information Sciences Institute,internet_outage_adaptive_a18all-20141001,0,0,0,0,0,0,0,0,0,0,0,0,2016,2020
University of Southern California-Information Sciences Institute,internet_outage_adaptive_a12_diurnal-20130424,0,0,0,0,0,0,0,0,0,0,0,0,2014,2020
University of Southern California-Information Sciences Institute,internet_address_survey_it26w-20090527,0,0,0,0,0,1,0,0,0,0,0,0,2012,2020
University of Southern California-Information Sciences Institute,internet_address_census_it53w-20130222,0,0,0,0,0,0,0,1,1,1,0,0,2013,2020
University of Southern California-Information Sciences Institute,internet_address_hitlist_it52w-20130102,0,0,0,0,0,0,0,1,0,1,0,0,2013,2020
University of Southern California-Information Sciences Institute,internet_address_survey_reprobing_it33w-20100514,0,0,0,0,0,0,0,0,0,0,0,0,2012,2020
University of Southern California-Information Sciences Institute,internet_address_census_it44c-20111102,0,0,0,0,0,0,1,0,0,0,0,0,2012,2020
University of Wisconsin,Internet Atlas,0,0,0,0,0,0,0,0,0,0,0,0,2012,2017
University of Southern California-Information Sciences Institute,internet_address_hitlist_it31w-20100208,0,0,0,0,1,0,0,1,0,1,0,0,2010,2020
University of Southern California-Information Sciences Institute,internet_address_census_it54j-20130430,0,0,0,0,0,0,0,0,2,0,0,0,2013,2020
University of Southern California-Information Sciences Institute,internet_address_survey_it19w-20071218,0,0,0,0,0,1,0,0,0,0,0,0,2012,2020
University of Southern California-Information Sciences Institute,internet_address_survey_reprobing_it58j-20140301,0,0,0,0,0,0,0,0,0,0,0,0,2014,2020
"Merit Network, Inc.",netflow-site4,1,0,2,0,0,0,0,0,0,0,0,0,2005,2010
University of Southern California-Information Sciences Institute,internet_address_survey_it12w-20060413,0,0,0,0,0,1,0,0,0,0,0,0,2012,2020
University of Southern California-Information Sciences Institute,internet_address_survey_it7-20050902,0,0,0,0,0,1,0,0,0,0,0,0,2012,2020
University of Southern California-Information Sciences Institute,internet_address_survey_reprobing_it43j-20111012,0,0,0,0,0,0,0,0,0,0,0,0,2012,2020
University of Southern California-Information Sciences Institute,internet_address_survey_reprobing_it46c-20120329,0,0,0,0,0,0,0,0,0,0,0,0,2012,2020
University of Southern California-Information Sciences Institute,internet_address_census_it63g-20150117,0,0,0,0,0,0,0,0,0,1,0,0,2015,2020
Packet Clearing House,Insider Threat Data Corpus,0,0,0,0,0,0,0,0,0,0,0,8,2017,2027
University of Southern California-Information Sciences Institute,internet_address_survey_reprobing_it19w-20080208,0,0,0,0,0,0,0,0,0,1,0,0,2012,2020
University of Southern California-Information Sciences Institute,as_to_org_mapping_inferred_truth-20100507,0,0,0,0,0,5,2,2,1,5,0,0,2013,2020
University of Southern California-Information Sciences Institute,internet_outage_adaptive_a27g-20170101,0,0,0,0,0,0,0,0,0,0,0,0,2017,2020
University of Southern California-Information Sciences Institute,internet_address_census_it52j-20130102,0,0,0,0,0,0,0,0,1,0,0,0,2013,2020
University of Southern California-Information Sciences Institute,internet_address_survey_reprobing_it65c-20150706,0,0,0,0,0,0,0,0,0,0,0,0,2015,2020
"Merit Network, Inc.",Darknet 104/8,0,0,0,0,0,0,0,0,1,0,0,0,2012,2020
University of Southern California-Information Sciences Institute,internet_address_history_it58w-20140122,0,0,0,0,0,0,0,0,1,1,0,0,2014,2020
University of Southern California-Information Sciences Institute,DITL_I2-20080317,0,0,1,0,0,4,1,1,2,0,0,0,2012,2020
University of Southern California-Information Sciences Institute,internet_address_history_it43w-20110913,0,0,0,0,0,0,0,1,0,1,0,0,2012,2020
University of Southern California-Information Sciences Institute,internet_outage_adaptive_a22w-20151001,0,0,0,0,0,0,0,0,0,0,0,0,2016,2020
"Merit Network, Inc.",Darknet 45/8,0,0,0,0,0,0,0,0,1,0,0,0,2012,2020
University of Southern California-Information Sciences Institute,internet_address_census_it41w-20110520,0,0,0,0,0,1,0,1,0,1,0,0,2012,2020
Georgia Tech,GT Malware Passive DNS Data Daily Feed,0,0,0,0,0,0,0,0,0,136,31,8,2015,2017
University of Southern California-Information Sciences Institute,internet_address_history_it51w-20121116,0,0,0,0,0,0,0,1,1,1,0,0,2013,2020
University of Southern California-Information Sciences Institute,internet_address_survey_reprobing_it44c-20111116,0,0,0,0,0,0,0,0,0,0,0,0,2012,2020
University of Michigan,ims-bagle_backdoor,1,0,2,2,0,4,2,0,0,0,1,0,2005,2020
University of Southern California-Information Sciences Institute,internet_address_history_it66w-20150911,0,0,0,0,0,0,0,0,0,1,2,0,2015,2020
"Merit Network, Inc.",Darknet 223/8,0,0,0,0,0,0,0,0,1,0,0,0,2012,2020
University of Southern California-Information Sciences Institute,as_to_org_mapping_subsidiary_linkage-20101019,0,0,0,0,0,0,0,1,1,4,0,0,2013,2020
UCSD - Center for Applied Internet Data Analysis,ITDK 2014-12,0,0,0,0,0,0,0,0,0,1,0,0,2015,2020
Test Data Provider 1,Test Dataset 1 - Unrestricted Commercial,0,0,0,0,0,0,0,0,0,0,0,0,2015,NULL
University of Southern California-Information Sciences Institute,internet_address_survey_reprobing_it74c-20170310,0,0,0,0,0,0,0,0,0,0,0,0,2017,2020
University of Southern California-Information Sciences Institute,internet_address_census_it70c-20160603,0,0,0,0,0,0,0,0,0,0,0,0,2016,NULL
"Merit Network, Inc.",Darknet 107/8,0,0,0,0,0,0,0,0,2,0,0,0,2012,2020
University of Southern California-Information Sciences Institute,internet_address_survey_reprobing_it48c-20120629,0,0,0,0,0,0,0,0,0,0,0,0,2012,2020
University of Southern California-Information Sciences Institute,internet_address_census_it67g-20151202,0,0,0,0,0,0,0,0,0,0,0,0,2016,2020
University of Southern California-Information Sciences Institute,internet_address_survey_reprobing_it35w-20100818,0,0,0,0,0,0,0,0,0,0,0,0,2012,2020
Packet Clearing House,PCH - DNS Query Metadata,0,0,0,0,0,0,1,1,2,3,3,1,2012,2022
UCSD - Center for Applied Internet Data Analysis,"April 24, 2003 OC48 Peering Point Trace",0,0,2,1,1,2,1,1,2,1,5,2,2005,2020
University of Southern California-Information Sciences Institute,internet_outage_adaptive_a19c-20150101,0,0,0,0,0,0,0,0,0,0,0,0,2016,2020
"Merit Network, Inc.",Netflow-1,0,0,0,4,3,7,5,3,7,1,7,6,2008,2020
University of Southern California-Information Sciences Institute,internet_address_census_it48c-20120618,0,0,0,0,0,0,0,0,0,0,0,0,2012,2020
University of Southern California-Information Sciences Institute,geoloc_178_186_188_189_202_203-20120201,0,0,0,0,0,0,0,0,1,0,0,0,2013,2020
"Merit Network, Inc.",Darknet 36/8,0,0,0,0,0,0,0,0,1,0,0,0,2012,2020
University of Southern California-Information Sciences Institute,internet_address_census_it72c-20161003,0,0,0,0,0,0,0,0,0,0,0,0,2017,2020
"Merit Network, Inc.",RADb - Routing Assets Database,0,0,0,0,0,0,0,0,0,2,0,0,2013,2020
Packet Clearing House,NCCDC 2015,0,0,0,0,0,0,0,0,0,22,6,0,2015,2025
University of Southern California-Information Sciences Institute,internet_address_census_it64j-20150414,0,0,0,0,0,0,0,0,0,2,0,0,2015,2020
University of Southern California-Information Sciences Institute,internet_address_census_it34w-20100707,0,0,0,0,0,2,1,2,0,1,0,0,2012,2020
University of Southern California-Information Sciences Institute,internet_outage_adaptive_a15all-20131126,0,0,0,0,0,0,0,0,0,0,0,0,2015,2020
"Merit Network, Inc.",PAM13 dataset (Reputation Block Lists),0,0,0,0,0,0,0,2,0,0,1,0,2013,2017
University of Southern California-Information Sciences Institute,geoloc_193_194_216_217_218_219-20120201,0,0,0,0,0,0,0,0,1,0,0,0,2013,2020
University of Southern California-Information Sciences Institute,internet_address_survey_it6-20050701,0,0,0,0,0,1,0,0,0,0,0,0,2012,2020
UCSD - Center for Applied Internet Data Analysis,ITDK 2011-10,0,0,0,0,0,0,0,0,0,1,0,0,2012,2020
University of Southern California-Information Sciences Institute,internet_address_hitlist_it37w-20101124,0,0,0,0,0,0,0,1,0,1,0,0,2012,2020
"Merit Network, Inc.",Darknet 176/8,0,0,0,0,0,0,0,0,2,0,0,0,2012,2020
University of Southern California-Information Sciences Institute,internet_address_history_it55w-20130723,0,0,0,0,0,0,0,1,1,1,0,0,2013,2020
University of Southern California-Information Sciences Institute,internet_address_census_it74e-20170222,0,0,0,0,0,0,0,0,0,0,0,0,2017,2020
University of Southern California-Information Sciences Institute,geoloc_1_2_12_14_24_31_121_192_196-20120201,0,0,0,0,0,0,0,0,1,0,0,0,2013,2020
University of Southern California-Information Sciences Institute,internet_address_survey_it23e-20081125,0,0,0,0,0,1,0,0,0,0,0,0,2012,2020
University of Southern California-Information Sciences Institute,internet_address_survey_reprobing_it23w-20081125,0,0,0,0,0,0,0,0,0,1,0,0,2012,2020
University of Southern California-Information Sciences Institute,internet_address_history_it50w-20120926,0,0,0,0,0,0,0,1,0,1,0,0,2012,2020
Georgia Tech,Flashback Botnet Sinkhole Connection Data,0,0,0,0,0,0,0,2,2,2,2,0,2013,2017
University of Michigan,ims-witty,1,0,3,3,0,4,2,0,0,0,0,0,2005,2020
University of Southern California-Information Sciences Institute,internet_address_survey_reprobing_it71c-20160817,0,0,0,0,0,0,0,0,0,0,0,0,2016,NULL
University of Southern California-Information Sciences Institute,internet_outage_adaptive_a20all-20150401,0,0,0,0,0,0,0,0,0,0,0,0,2016,2020
UCSD - Center for Applied Internet Data Analysis,ITDK 2010-07,0,0,0,0,0,0,0,0,0,1,1,0,2012,2020
"Merit Network, Inc.",Darkhex (6 concurrent /8 collections),0,0,0,0,0,0,0,0,0,0,0,0,2012,2020
University of Southern California-Information Sciences Institute,internet_address_survey_reprobing_it32c-20100413,0,0,0,0,0,0,0,0,0,0,0,0,2012,2020
UCSD - Center for Applied Internet Data Analysis,ITDK 2010-01,0,0,0,0,0,0,0,0,0,2,0,0,2012,2020
University of Southern California-Information Sciences Institute,internet_address_census_it71c-20160803,0,0,0,0,0,0,0,0,0,0,0,0,2016,NULL
University of Southern California-Information Sciences Institute,internet_address_census_it32w-20100329,0,0,0,0,0,2,1,2,0,1,0,0,2012,2020
University of Southern California-Information Sciences Institute,internet_outage_adaptive_a18j-20141001,0,0,0,0,0,0,0,0,0,0,0,0,2016,2020
University of Southern California-Information Sciences Institute,internet_address_census_it34c-20100707,0,0,0,0,0,2,1,1,0,0,0,0,2012,2020
University of Southern California-Information Sciences Institute,DoS_80-20110715,0,0,0,0,0,0,2,4,6,1,0,0,2012,2020
University of Southern California-Information Sciences Institute,internet_address_survey_reprobing_it50w-20120926,0,0,0,0,0,0,0,0,0,0,0,0,2012,2020
UCSD - Center for Applied Internet Data Analysis,Three Days Of Conficker Dataset,0,0,0,0,0,0,0,0,1,0,6,0,2013,2020
University of Southern California-Information Sciences Institute,internet_address_census_it47c-20120427,0,0,0,0,0,0,0,0,0,0,0,0,2012,2020
University of Southern California-Information Sciences Institute,internet_address_survey_reprobing_it46j-20120413,0,0,0,0,0,0,0,0,0,0,0,0,2012,2020
University of Southern California-Information Sciences Institute,internet_address_survey_reprobing_it29w-20091102,0,0,0,0,0,0,0,0,0,1,0,0,2010,2020
University of Southern California-Information Sciences Institute,internet_address_survey_reprobing_it53c-20130311,0,0,0,0,0,0,0,0,0,0,0,0,2013,2020
University of Southern California-Information Sciences Institute,internet_outage_adaptive_a16c-20140407,0,0,0,0,0,0,0,0,0,0,0,0,2015,2020
University of Southern California-Information Sciences Institute,internet_address_census_it60c-20140619,0,0,0,0,0,0,0,0,0,0,0,0,2014,2020
University of Southern California-Information Sciences Institute,internet_address_survey_reprobing_it63w-20150117,0,0,0,0,0,0,0,0,0,0,0,0,2015,2020
"Merit Network, Inc.",Darknet 101/8,0,0,0,0,0,0,0,0,1,0,0,0,2012,2020
University of Southern California-Information Sciences Institute,as_to_org_mapping-20101019,0,0,0,0,0,0,0,1,1,4,0,0,2013,2020
University of Southern California-Information Sciences Institute,usc-lander-20081011,0,0,0,0,0,0,0,0,0,0,0,0,2009,2020
University of Southern California-Information Sciences Institute,internet_address_hitlist_it32w-20100329,0,0,0,0,1,0,0,1,0,1,0,0,2012,2020
University of Southern California-Information Sciences Institute,internet_address_census_it74c-20170222,0,0,0,0,0,0,0,0,0,0,0,0,2017,2020
University of Southern California-Information Sciences Institute,internet_address_census_it31c-20100208,0,0,0,0,0,2,1,1,0,0,0,0,2012,2020
University of Southern California-Information Sciences Institute,internet_address_survey_it22c-20080911,0,0,1,0,0,1,0,0,0,0,0,0,2012,2020
University of Wisconsin,Network Time Protocol (NTP) packet traces,0,0,0,0,0,0,0,0,0,0,0,0,2017,NULL
University of Southern California-Information Sciences Institute,internet_address_history_it54w-20130430,0,0,0,0,0,0,0,1,1,1,0,0,2013,2020
University of Southern California-Information Sciences Institute,internet_address_survey_reprobing_it21w-20080617,0,0,0,0,0,0,0,0,0,1,0,0,2012,2020
Packet Clearing House,nyiix.woodynet.pch.net,0,0,0,1,0,1,0,0,1,1,0,0,2005,2099
University of Southern California-Information Sciences Institute,internet_address_survey_reprobing_it32w-20100329,0,0,0,0,0,0,0,0,0,0,0,0,2012,2020
University of Southern California-Information Sciences Institute,internet_address_census_it53c-20130222,0,0,0,0,0,0,0,0,1,0,0,0,2013,2020
University of Southern California-Information Sciences Institute,internet_address_hitlist_it41w-20110520,0,0,0,0,0,1,0,1,0,1,0,0,2012,2020
University of Southern California-Information Sciences Institute,internet_outage_adaptive_a23all-20160101,0,0,0,0,0,0,0,0,0,0,0,0,2016,NULL
University of Southern California-Information Sciences Institute,internet_address_hitlist_it33w-20100514,0,0,0,0,1,0,0,1,0,1,0,0,2012,2020
UCSD - Center for Applied Internet Data Analysis,ITDK 2011-04,0,0,0,0,0,0,0,0,0,1,0,0,2012,2020
University of Southern California-Information Sciences Institute,internet_address_survey_it21w-20080617,0,0,0,0,0,1,0,0,0,0,0,0,2012,2020
University of Southern California-Information Sciences Institute,internet_address_census_it36w-20101005,0,0,0,0,0,2,1,2,0,1,0,0,2012,2020
University of Southern California-Information Sciences Institute,internet_outage_adaptive_a12-supplement-20130831,0,0,0,0,0,0,0,0,0,0,0,0,2014,2020
University of Southern California-Information Sciences Institute,geoloc_166_167_168_169_172_179_210_212_213_220_221_222_223-20130201,0,0,0,0,0,0,0,0,2,0,0,0,2013,2020
University of Southern California-Information Sciences Institute,internet_address_census_it71j-20160803,0,0,0,0,0,0,0,0,0,0,0,0,2016,NULL
University of Southern California-Information Sciences Institute,internet_address_history_it74w-20170222,0,0,0,0,0,0,0,0,0,0,0,1,2017,2020
University of Southern California-Information Sciences Institute,internet_address_survey_it3-20041108,0,0,0,0,0,0,0,0,0,0,0,0,2012,2020
University of Southern California-Information Sciences Institute,internet_outage_adaptive_a25j-20160701,0,0,0,0,0,0,0,0,0,0,0,0,2017,2020
University of Southern California-Information Sciences Institute,internet_outage_adaptive_a18w-20141001,0,0,0,0,0,0,0,0,0,0,0,0,2016,2020
University of Southern California-Information Sciences Institute,internet_address_survey_reprobing_it43c-20110927,0,0,0,0,0,0,0,0,0,0,0,0,2012,2020
University of Southern California-Information Sciences Institute,internet_address_survey_reprobing_it45c-20120114,0,0,0,0,0,0,0,0,0,0,0,0,2012,2020
Packet Clearing House,NCCDC 2016,0,0,0,0,0,0,0,0,0,0,0,2,2016,2036
"Merit Network, Inc.",Darknet 100/8,0,0,0,0,0,0,0,0,1,0,0,0,2012,2020
University of Southern California-Information Sciences Institute,long_flows_D1_2_days-20090605,0,0,0,0,0,0,0,0,0,0,0,0,2012,2020
Packet Clearing House,E2ENRM,0,0,0,2,0,1,0,0,2,0,0,0,2005,2020
Packet Clearing House,laiix.woodynet.pch.net,0,0,0,0,0,1,0,0,1,2,1,0,2005,2099
University of Southern California-Information Sciences Institute,internet_address_census_standing_w-20091102,0,0,0,0,0,0,0,1,0,1,0,0,2013,2020
UCSD - Center for Applied Internet Data Analysis,Witty Worm Dataset,0,0,0,0,0,0,0,0,2,0,4,1,2013,2020
University of Southern California-Information Sciences Institute,internet_address_survey_reprobing_it51c-20121201,0,0,0,0,0,0,0,0,0,0,0,0,2013,2020
University of Southern California-Information Sciences Institute,internet_address_census_it65c-20150622,0,0,0,0,0,0,0,0,0,0,0,0,2015,2020
University of Southern California-Information Sciences Institute,internet_address_survey_reprobing_it38w-20110112,0,0,0,0,0,0,0,0,0,0,0,0,2012,2020
"Merit Network, Inc.",Darknet 5/8,0,0,0,0,0,0,0,0,1,0,0,0,2012,2020
University of Southern California-Information Sciences Institute,internet_address_history_it61w-20140829,0,0,0,0,0,0,0,0,0,1,0,0,2014,2020
University of Southern California-Information Sciences Institute,internet_outage_adaptive_a15w-20131126,0,0,0,0,0,0,0,0,0,0,0,0,2015,2020
University of Southern California-Information Sciences Institute,internet_address_survey_reprobing_it34c-20100728,0,0,0,0,0,0,0,0,0,0,0,0,2012,2020
University of Michigan,UMICH-Departmental-Netflow-Trace-1,0,0,0,0,0,0,0,0,0,0,0,0,2010,2011
University of Southern California-Information Sciences Institute,geoloc_66_76_81_82_116_119-20120401,0,0,0,0,0,0,0,0,2,0,0,0,2013,2020
University of Southern California-Information Sciences Institute,internet_address_census_it45c-20120102,0,0,0,0,0,0,1,0,0,0,0,0,2012,2020
University of Southern California-Information Sciences Institute,internet_router_map_planetlab-20030412,0,0,0,0,0,0,0,0,0,0,0,0,2009,2020
University of Southern California-Information Sciences Institute,internet_outage_adaptive_a26j-20161001,0,0,0,0,0,0,0,0,0,0,0,0,2017,2020
University of Southern California-Information Sciences Institute,internet_address_survey_reprobing_it58w-20140122,0,0,0,0,0,0,0,0,0,0,0,0,2014,2020
University of Southern California-Information Sciences Institute,internet_outage_adaptive_a21g-20150702,0,0,0,0,0,0,0,0,0,0,0,0,2016,2020
UCSD - Center for Applied Internet Data Analysis,ITDK 2017-02,0,0,0,0,0,0,0,0,0,0,0,0,2017,2020
University of Southern California-Information Sciences Institute,internet_address_census_it62c-20141105,0,0,0,0,0,0,0,0,0,1,0,0,2015,2020
University of Southern California-Information Sciences Institute,internet_address_survey_reprobing_it73w-20161217,0,0,0,0,0,0,0,0,0,0,0,0,2017,2020
University of Southern California-Information Sciences Institute,internet_address_survey_it15w-20061108,0,0,0,0,0,1,0,0,0,0,0,0,2012,2020
University of Southern California-Information Sciences Institute,internet_address_survey_it2-20040830,0,0,0,0,0,1,0,0,0,0,0,0,2012,2020
University of Southern California-Information Sciences Institute,internet_address_survey_reprobing_it72w-20161003,0,0,0,0,0,0,0,0,0,0,0,0,2017,2020
University of Southern California-Information Sciences Institute,internet_address_survey_it25c-20090319,0,0,0,0,0,1,0,0,0,0,0,0,2012,2020
University of Southern California-Information Sciences Institute,internet_address_survey_it13e-20060711,0,0,0,0,0,1,0,0,0,0,0,0,2012,2020
University of Southern California-Information Sciences Institute,internet_address_history_it68w-20160121,0,0,0,0,0,0,0,0,0,0,0,1,2016,NULL
University of Southern California-Information Sciences Institute,internet_address_survey_reprobing_it16w-20070216,0,0,0,0,0,0,0,0,0,1,0,0,2012,2020
University of Southern California-Information Sciences Institute,rdns_ipv4-20140201,0,0,0,0,0,0,0,0,0,0,0,0,2017,2020
Test Data Provider 2,Test Dataset 2 - Restricted Commercial,0,0,0,0,0,0,0,0,0,0,0,0,2015,NULL
University of Southern California-Information Sciences Institute,internet_address_census_it29w-20091102,0,0,0,0,0,2,1,2,0,1,0,0,2012,2020
University of Southern California-Information Sciences Institute,internet_address_survey_it24w-20090203,0,0,0,0,0,1,0,0,0,0,0,0,2012,2020
University of Southern California-Information Sciences Institute,internet_address_hitlist_it38w-20110112,0,0,0,0,0,1,0,1,0,1,0,0,2012,2020
University of Southern California-Information Sciences Institute,internet_address_survey_reprobing_it69w-20160412,0,0,0,0,0,0,0,0,0,0,0,0,2016,NULL
University of Southern California-Information Sciences Institute,internet_address_survey_it11w-20060307,0,0,0,0,0,1,0,0,0,0,0,0,2012,2020
University of Southern California-Information Sciences Institute,long_flows_D8_2_weeks-anonymized-20100221,0,0,0,0,0,0,0,0,0,0,0,0,2012,2020
University of Southern California-Information Sciences Institute,internet_address_survey_reprobing_it56c-20131002,0,0,0,0,0,0,0,0,0,0,0,0,2014,2020
University of Southern California-Information Sciences Institute,internet_address_census_it61g-20140830,0,0,0,0,0,0,0,0,0,1,0,0,2014,2020
University of Southern California-Information Sciences Institute,internet_address_survey_it25w-20090319,0,0,0,0,0,1,0,0,0,0,0,0,2012,2020
University of Southern California-Information Sciences Institute,internet_address_survey_reprobing_it30c-20100106,0,0,0,0,0,0,0,0,0,1,0,0,2012,2020
University of Southern California-Information Sciences Institute,internet_address_census_it56c-20130917,0,0,0,0,0,0,0,0,2,3,0,0,2014,2020
UCSD - Center for Applied Internet Data Analysis,The Industry Evaluation IPv4 and IPv6 Topology Dataset,0,0,0,0,0,0,0,0,0,0,0,0,2013,2020
University of Southern California-Information Sciences Institute,internet_address_hitlist_it60w-20140619,0,0,0,0,0,0,0,0,2,1,0,0,2014,2020
University of Southern California-Information Sciences Institute,geoloc_177_182_183_184_185_190_191_211_214_215-20130301,0,0,0,0,0,0,0,0,1,0,0,0,2013,2020
University of Southern California-Information Sciences Institute,internet_address_hitlist_it72w-20161003,0,0,0,0,0,0,0,0,0,0,0,0,2017,2020
University of Southern California-Information Sciences Institute,internet_outage_adaptive_a24w-20160401,0,0,0,0,0,0,0,0,0,0,0,0,2016,NULL
University of Southern California-Information Sciences Institute,internet_address_census_it74n-20170222,0,0,0,0,0,0,0,0,0,0,0,0,2017,2020
University of Southern California-Information Sciences Institute,internet_address_hitlist_it61w-20140829,0,0,0,0,0,0,0,0,0,1,0,0,2014,2020
University of Southern California-Information Sciences Institute,DITL_B_Root-20160405,0,0,0,0,0,0,0,0,0,0,0,0,2017,2020
University of Southern California-Information Sciences Institute,internet_address_hitlist_it29w-20091102,0,0,0,0,1,1,0,1,0,1,0,0,2012,2020
University of Southern California-Information Sciences Institute,internet_outage_adaptive_a25w-20160701,0,0,0,0,0,0,0,0,0,0,0,0,2017,2020
University of Southern California-Information Sciences Institute,geoloc_63_64_83_85_101_106-20120201,0,0,0,0,0,0,0,0,1,0,0,0,2013,2020
University of Southern California-Information Sciences Institute,DoS_traces-20020629,0,0,1,1,1,7,3,2,8,2,16,0,2012,2020
University of Southern California-Information Sciences Institute,internet_address_hitlist_it55w-20130723,0,0,0,0,0,0,0,1,0,1,0,0,2013,2020
University of Southern California-Information Sciences Institute,internet_address_survey_reprobing_it39c-20110308,0,0,0,0,0,0,0,0,0,0,0,0,2012,2020
University of Southern California-Information Sciences Institute,internet_address_history_it53w-20130222,0,0,0,0,0,0,0,1,1,1,0,0,2013,2020
University of Southern California-Information Sciences Institute,internet_address_survey_reprobing_it36c-20101019,0,0,0,0,0,0,0,0,0,0,0,0,2012,2020
University of Southern California-Information Sciences Institute,internet_outage_adaptive_a21w-20150702,0,0,0,0,0,0,0,0,0,0,0,0,2016,2020
University of Southern California-Information Sciences Institute,internet_address_hitlist_it74w-20170222,0,0,0,0,0,0,0,0,0,0,0,0,2017,2020
UCSD - Center for Applied Internet Data Analysis,IPv4 Routed /24 DNS Names,0,0,0,0,0,0,0,3,1,5,1,0,2012,2020
UCSD - Center for Applied Internet Data Analysis,ITDK 2016-09,0,0,0,0,0,0,0,0,0,0,0,0,2016,2020
University of Southern California-Information Sciences Institute,internet_address_survey_reprobing_it18w-20070914,0,0,0,0,0,0,0,0,0,1,0,0,2012,2020
University of Southern California-Information Sciences Institute,internet_address_hitlist_it66w-20150911,0,0,0,0,0,0,0,0,0,1,1,0,2015,2020
Packet Clearing House,NCCDC 2013,0,0,0,0,0,0,0,3,20,16,2,0,2013,2023
University of Southern California-Information Sciences Institute,internet_address_survey_standing_w-20060425,0,0,0,0,0,0,0,0,0,0,0,0,2013,2020
University of Southern California-Information Sciences Institute,Service_Enumeration_Google-20130818,0,0,0,0,0,0,0,0,0,0,0,0,2013,2020
University of Southern California-Information Sciences Institute,geoloc_university_ground_truth-20151001,0,0,0,0,0,0,0,0,0,0,1,0,2016,2020
University of Southern California-Information Sciences Institute,internet_address_survey_it14w-20060914,0,0,0,0,0,1,0,0,0,0,0,0,2012,2020
University of Southern California-Information Sciences Institute,internet_address_census_it49j-20120731,0,0,0,0,0,0,1,0,0,0,0,0,2012,2020
University of Southern California-Information Sciences Institute,internet_outage_adaptive_a20c-20150401,0,0,0,0,0,0,0,0,0,0,0,0,2016,2020
University of Southern California-Information Sciences Institute,internet_address_census_it65w-20150622,0,0,0,0,0,0,0,0,0,4,0,0,2015,2020
University of Southern California-Information Sciences Institute,internet_address_history_it65w-20150622,0,0,0,0,0,0,0,0,0,3,1,0,2015,2020
University of Southern California-Information Sciences Institute,internet_address_census_it59j-20140410,0,0,0,0,0,0,0,0,0,0,0,0,2014,2020
University of Southern California-Information Sciences Institute,internet_address_census_it48w-20120615,0,0,0,0,0,0,0,1,0,1,0,0,2012,2020
University of Southern California-Information Sciences Institute,internet_address_hitlist_it73w-20161216,0,0,0,0,0,0,0,0,0,0,0,0,2017,2020
"Merit Network, Inc.",Darknet 185/8,0,0,0,0,0,0,0,0,1,0,0,0,2012,2020
University of Southern California-Information Sciences Institute,internet_address_history_it45w-20120102,0,0,0,0,0,0,1,1,0,1,0,0,2012,2020
University of Southern California-Information Sciences Institute,internet_address_survey_reprobing_it56j-20131017,0,0,0,0,0,0,0,0,0,0,0,0,2014,2020
University of Southern California-Information Sciences Institute,internet_address_survey_reprobing_it40c-20110420,0,0,0,0,0,0,0,0,0,0,0,0,2012,2020
University of Southern California-Information Sciences Institute,internet_address_survey_reprobing_it59j-20140515,0,0,0,0,0,0,0,0,0,0,0,0,2014,2020
University of Southern California-Information Sciences Institute,internet_address_survey_reprobing_it49c-20120817,0,0,0,0,0,0,0,0,0,0,0,0,2012,2020
UCSD - Center for Applied Internet Data Analysis,UCSD Telescope Darknet Scanners dataset,0,0,0,0,0,0,0,0,0,0,6,4,2016,NULL
University of Southern California-Information Sciences Institute,internet_address_survey_it23w-20081125,0,0,0,0,0,1,0,0,0,0,0,0,2012,2020
UCSD - Center for Applied Internet Data Analysis,Active Topology Measurements with Skitter,0,0,0,0,0,4,2,1,0,2,0,0,2012,2020
University of Southern California-Information Sciences Institute,Anycast_Enumeration_from_PlanetLab_to_TLDns-20120402,0,0,0,0,0,0,0,0,0,0,0,0,2012,2012
University of Southern California-Information Sciences Institute,internet_address_survey_standing_c-20060425,0,0,0,0,0,0,0,0,0,0,0,0,2013,2020
University of Southern California-Information Sciences Institute,internet_address_census_it49w-20120731,0,0,0,0,0,0,0,1,0,1,0,0,2012,2020
"Merit Network, Inc.",netflow-site1,1,0,2,0,0,0,0,0,0,0,0,0,2005,2010
University of Wisconsin,Web Cookie Data,0,0,0,0,0,0,0,0,0,0,0,0,2017,NULL
UCSD - Center for Applied Internet Data Analysis,UCSD Telescope Sipscan dataset,0,0,0,0,0,0,0,0,0,0,0,0,2011,NULL
University of Southern California-Information Sciences Institute,internet_address_hitlist_it67w-20151202,0,0,0,0,0,0,0,0,0,0,1,0,2016,2020
University of Southern California-Information Sciences Institute,internet_address_census_it54c-20130430,0,0,0,0,0,0,0,0,2,0,0,0,2013,2020
University of Southern California-Information Sciences Institute,internet_address_survey_reprobing_it47w-20120427,0,0,0,0,0,0,0,0,0,0,0,0,2012,2020
University of Southern California-Information Sciences Institute,internet_address_survey_it22w-20080911,0,0,1,0,0,1,0,0,0,0,0,0,2012,2020
University of Southern California-Information Sciences Institute,internet_address_survey_reprobing_it31w-20100208,0,0,0,0,0,0,0,0,0,0,0,0,2012,2020
Packet Clearing House,npix.woodynet.pch.net,0,0,0,0,0,1,0,0,1,1,0,0,2005,2099
Packet Clearing House,amsix.woodynet.pch.net,0,0,0,0,0,1,0,0,0,2,0,0,2005,2099
University of Southern California-Information Sciences Institute,internet_address_census_it52c-20130102,0,0,0,0,0,0,0,0,1,0,0,0,2013,2020
Packet Clearing House,linx.woodynet.pch.net,0,0,0,0,0,1,0,0,1,2,0,0,2005,2099
University of Southern California-Information Sciences Institute,internet_address_history_it67w-20151202,0,0,0,0,0,0,0,0,0,0,3,1,2016,2020
University of Southern California-Information Sciences Institute,internet_address_census_it60w-20140619,0,0,0,0,0,0,0,0,0,1,0,0,2014,2020
"Merit Network, Inc.",Darknet 103/8,0,0,0,0,0,0,0,0,1,0,0,0,2012,2020
University of Southern California-Information Sciences Institute,internet_outage_adaptive_a27c-20170101,0,0,0,0,0,0,0,0,0,0,0,0,2017,2020
Colorado State University,FRGPContinuousFlowData,0,0,0,0,0,0,3,1,2,2,3,1,2012,2020
Packet Clearing House,jinx.woodynet.pch.net,0,0,0,0,0,0,0,0,0,0,0,0,2005,2005
University of Southern California-Information Sciences Institute,internet_address_history_it44w-20111102,0,0,0,0,0,0,0,1,0,1,0,0,2012,2020
University of Michigan,HTTPS ecosystem,0,0,0,0,0,0,0,0,0,0,0,0,2014,2017
Packet Clearing House,NCCDC 2008,0,0,0,0,0,0,0,6,7,8,1,0,2013,2023
UCSD - Center for Applied Internet Data Analysis,Backscatter-2006,0,0,0,0,0,0,0,0,2,0,1,0,2013,2020
University of Southern California-Information Sciences Institute,internet_address_survey_reprobing_it46w-20120309,0,0,0,0,0,0,0,0,0,0,0,0,2012,2020
University of Southern California-Information Sciences Institute,geoloc_210_212_213_220_221_222_223-20130301,0,0,0,0,0,0,0,0,1,0,0,0,2013,2020
University of Southern California-Information Sciences Institute,internet_address_survey_reprobing_it28w-20090914,0,0,0,0,0,0,0,0,0,1,0,0,2012,2020
University of Southern California-Information Sciences Institute,internet_address_census_it62g-20141105,0,0,0,0,0,0,0,0,0,2,0,0,2015,2020
University of Southern California-Information Sciences Institute,internet_outage_adaptive_a22all-20151001,0,0,0,0,0,0,0,0,0,0,0,0,2016,2020
University of Southern California-Information Sciences Institute,internet_address_census_it71w-20160803,0,0,0,0,0,0,0,0,0,0,0,0,2016,NULL
University of Southern California-Information Sciences Institute,internet_outage_adaptive_a23g-20160101,0,0,0,0,0,0,0,0,0,0,0,0,2016,NULL
"Merit Network, Inc.",DDOS_Chargen_2016,0,0,0,0,0,0,0,0,0,0,0,5,2017,2020
University of Southern California-Information Sciences Institute,internet_address_history_it70w-20160602,0,0,0,0,0,0,0,0,0,0,0,1,2016,NULL
University of Southern California-Information Sciences Institute,internet_outage_adaptive_a27w-20170101,0,0,0,0,0,0,0,0,0,0,0,0,2017,2020
University of Southern California-Information Sciences Institute,internet_address_history_it64w-20150413,0,0,0,0,0,0,0,0,0,2,1,0,2015,2020
University of Southern California-Information Sciences Institute,internet_address_survey_reprobing_it66c-20150930,0,0,0,0,0,0,0,0,0,0,0,0,2015,2020
University of Southern California-Information Sciences Institute,internet_address_survey_reprobing_it45j-20120201,0,0,0,0,0,0,0,0,0,0,0,0,2012,2020
University of Southern California-Information Sciences Institute,internet_address_census_it73w-20161216,0,0,0,0,0,0,0,0,0,0,0,0,2017,2020
University of Southern California-Information Sciences Institute,internet_address_hitlist_it40w-20110406,0,0,0,0,0,0,0,1,0,1,0,0,2012,2020
University of Southern California-Information Sciences Institute,internet_outage_adaptive_a21j-20150702,0,0,0,0,0,0,0,0,0,0,0,0,2016,2020
University of Southern California-Information Sciences Institute,internet_address_census_it44j-20111102,0,0,0,0,0,0,0,0,0,0,0,0,2012,2020
Colorado State University,CSUSpamLogs,0,0,0,0,0,0,0,0,2,2,2,0,2012,2020
Packet Clearing House,PCH - IXP Member Lists,0,0,0,0,0,0,0,0,4,2,2,0,2012,2021
University of Southern California-Information Sciences Institute,internet_address_census_it62j-20141105,0,0,0,0,0,0,0,0,0,0,0,0,2015,2020
University of Southern California-Information Sciences Institute,internet_outage_adaptive_a27j-20170101,0,0,0,0,0,0,0,0,0,0,0,0,2017,2020
University of Southern California-Information Sciences Institute,internet_address_census_it67j-20151202,0,0,0,0,0,0,0,0,0,0,0,0,2016,2020
University of Southern California-Information Sciences Institute,internet_outage_adaptive_a19w-20150101,0,0,0,0,0,0,0,0,0,0,0,0,2016,2020
University of Southern California-Information Sciences Institute,internet_address_survey_reprobing_it57w-20131127,0,0,0,0,0,0,0,0,0,0,0,0,2014,2020
University of Southern California-Information Sciences Institute,classify_internet_address_blocks-20100521,0,0,0,0,0,2,0,0,0,0,0,0,2013,2020
University of Southern California-Information Sciences Institute,internet_address_survey_reprobing_it42w-20110726,0,0,0,0,0,0,0,0,0,0,0,0,2012,2020
University of Southern California-Information Sciences Institute,internet_address_survey_it16e-20070214,0,0,0,0,0,1,0,0,0,0,0,0,2012,2020
University of Southern California-Information Sciences Institute,p2p_detection-20050830,0,0,0,0,0,0,0,0,0,0,0,0,2012,2020
"Merit Network, Inc.",Darknet 106/8,0,0,0,0,0,0,0,0,1,0,0,0,2012,2020
"Merit Network, Inc.",BGP route hijacking May 2015,0,0,0,0,0,0,0,0,0,0,1,0,2015,2020
"Merit Network, Inc.",Departmental-Netflow-Trace-1,0,0,0,0,1,8,6,2,0,4,4,1,2010,2017
University of Southern California-Information Sciences Institute,internet_address_survey_reprobing_it33c-20100601,0,0,0,0,0,0,0,0,0,0,0,0,2012,2020
UCSD - Center for Applied Internet Data Analysis,Backscatter-tocs,0,0,0,0,0,0,0,0,3,0,1,0,2013,2020
Test Data Provider 3,Test Dataset 3 - Unrestricted Commercial,0,0,0,0,0,0,0,0,0,0,0,0,2015,NULL
University of Southern California-Information Sciences Institute,internet_address_survey_reprobing_it69c-20160427,0,0,0,0,0,0,0,0,0,0,0,0,2016,NULL
University of Southern California-Information Sciences Institute,internet_address_survey_reprobing_it68w-20160121,0,0,0,0,0,0,0,0,0,0,0,0,2016,NULL
University of Southern California-Information Sciences Institute,geoloc_49_60_61_73_74_95_176-20121001,0,0,0,0,0,0,0,0,1,0,0,0,2013,2020
University of Southern California-Information Sciences Institute,geoloc_79_80_117_122_129_131-20120301,0,0,0,0,0,0,0,0,2,0,0,0,2013,2020
Packet Clearing House,PCH - Cable System Topology,0,0,0,0,0,0,0,0,0,4,3,0,2012,2022
University of Southern California-Information Sciences Institute,geoloc_75_93_94_99_114_115-20120601,0,0,0,0,0,0,0,0,1,0,0,0,2013,2020
Packet Clearing House,Internet Routing Topology Archive,0,0,0,0,0,0,0,0,0,0,0,0,2005,2099
University of Southern California-Information Sciences Institute,internet_address_history_it72w-20161003,0,0,0,0,0,0,0,0,0,0,0,1,2017,2020
"Merit Network, Inc.",Darknet bad_184/8,0,0,0,0,0,0,0,0,0,0,0,0,2012,2020
University of Southern California-Information Sciences Institute,internet_address_survey_reprobing_it42c-20110809,0,0,0,0,0,0,0,0,0,0,0,0,2012,2020
Colorado State University,FRGPNTPFlowData-20131201,0,0,0,0,0,0,0,0,1,2,3,3,2014,2020
University of Southern California-Information Sciences Institute,internet_address_survey_reprobing_it67c-20151219,0,0,0,0,0,0,0,0,0,0,0,0,2016,2020
University of Southern California-Information Sciences Institute,internet_outage_adaptive_a7c-20130212,0,0,0,0,0,0,0,0,0,0,0,0,2014,2020
UCSD - Center for Applied Internet Data Analysis,Backscatter-2004-2005,0,0,0,0,0,0,0,0,2,0,1,0,2013,2020
University of Southern California-Information Sciences Institute,internet_address_survey_reprobing_it37w-20101124,0,0,0,0,0,0,0,0,0,0,0,0,2012,2020
University of Southern California-Information Sciences Institute,internet_outage_adaptive_a23c-20160101,0,0,0,0,0,0,0,0,0,0,0,0,2016,NULL
Packet Clearing House,NCCDC 2011,0,0,0,0,0,0,0,8,11,10,1,0,2013,2023
University of Southern California-Information Sciences Institute,internet_address_survey_it11e-20060307,0,0,0,0,0,1,0,0,0,0,0,0,2012,2020
University of Southern California-Information Sciences Institute,internet_address_survey_it5-20050225,0,0,0,0,0,1,0,0,0,0,0,0,2012,2020
University of Southern California-Information Sciences Institute,internet_outage_adaptive_a20j-20150401,0,0,0,0,0,0,0,0,0,0,0,0,2016,2020
"Merit Network, Inc.",Darknet 23/8,0,0,0,0,0,0,0,0,1,0,0,0,2012,2020
University of Southern California-Information Sciences Institute,internet_address_history_it56w-20130917,0,0,0,0,0,0,0,0,2,2,0,0,2014,2020
University of Southern California-Information Sciences Institute,internet_address_survey_reprobing_it52j-20130201,0,0,0,0,0,0,0,0,0,0,0,0,2013,2020
University of Southern California-Information Sciences Institute,internet_address_survey_reprobing_it70w-20160602,0,0,0,0,0,0,0,0,0,0,0,0,2016,NULL
University of Southern California-Information Sciences Institute,internet_address_hitlist_it59w-20140410,0,0,0,0,0,0,0,0,1,1,0,0,2014,2020
"Merit Network, Inc.",Darknet 42/8,0,0,0,0,0,0,0,0,1,0,0,0,2012,2020
University of Southern California-Information Sciences Institute,geoloc_sparse_prefixes-20130301,0,0,0,0,0,0,0,0,1,2,0,0,2013,2020
University of Southern California-Information Sciences Institute,internet_address_census_it69j-20160411,0,0,0,0,0,0,0,0,0,0,0,0,2016,NULL
University of Southern California-Information Sciences Institute,internet_address_census_it30w-20091223,0,0,0,0,0,2,1,2,0,1,0,0,2012,2020
University of Southern California-Information Sciences Institute,internet_address_hitlist_it58w-20140122,0,0,0,0,0,0,0,0,1,1,0,0,2014,2020
University of Southern California-Information Sciences Institute,geoloc_23_27_36_37_38_39_41_42_170_171_173_174_175_180_181-20130201,0,0,0,0,0,0,0,0,1,0,0,0,2013,2020
University of Southern California-Information Sciences Institute,iperf_emulated_attacks-20090621,0,0,0,0,0,0,0,0,0,0,0,0,2012,2020
Test Data Provider 1,Test Dataset 1 - Unrestricted Non-Commercial,0,0,0,0,0,0,0,0,0,0,0,0,2015,NULL
University of Southern California-Information Sciences Institute,internet_address_survey_reprobing_it57c-20131212,0,0,0,0,0,0,0,0,0,0,0,0,2014,2020
University of Southern California-Information Sciences Institute,internet_address_survey_reprobing_it39w-20110220,0,0,0,0,0,0,0,0,0,0,0,0,2012,2020
University of Southern California-Information Sciences Institute,internet_address_census_it63w-20150117,0,0,0,0,0,0,0,0,0,3,0,0,2015,2020
University of Southern California-Information Sciences Institute,internet_address_census_it58w-20140122,0,0,0,0,0,0,0,0,2,1,0,0,2014,2020
Test Data Provider 2,Test Dataset 2 - Unrestricted Commercial,0,0,0,0,0,0,0,0,0,0,0,0,2015,NULL
University of Southern California-Information Sciences Institute,internet_outage_adaptive_a26all-20161001,0,0,0,0,0,0,0,0,0,0,0,0,2017,2020
University of Southern California-Information Sciences Institute,internet_address_hitlist_it28w-beta-20090914,0,0,0,0,1,1,0,1,0,1,0,0,2012,2020
Packet Clearing House,Routing Topology Views,0,0,0,0,0,0,0,0,0,0,0,0,2016,NULL
University of Southern California-Information Sciences Institute,internet_address_census_it50j-20120926,0,0,0,0,0,0,0,0,0,0,0,0,2012,2020
University of Southern California-Information Sciences Institute,internet_address_survey_reprobing_it39w-20110322,0,0,0,0,0,0,0,0,0,0,0,0,2012,2020
Packet Clearing House,equinix-ashburn.woodynet.pch.net,0,0,0,0,0,1,0,0,1,3,0,0,2005,2099
University of Southern California-Information Sciences Institute,internet_address_history_it60w-20140619,0,0,0,0,0,0,0,0,1,1,0,0,2014,2020
"Merit Network, Inc.",Darknet 191/8,0,0,0,0,0,0,0,0,1,0,0,0,2012,2020
University of Southern California-Information Sciences Institute,internet_address_survey_reprobing_it62c-20141121,0,0,0,0,0,0,0,0,0,0,0,0,2015,2020
University of Southern California-Information Sciences Institute,internet_address_census_it46j-20120309,0,0,0,0,0,0,0,0,0,0,0,0,2012,2020
University of Southern California-Information Sciences Institute,rdns_ipv4-20160312,0,0,0,0,0,0,0,0,0,0,0,0,2017,2020
University of Southern California-Information Sciences Institute,internet_address_census_it37c-20101124,0,0,0,0,0,2,1,1,0,0,0,0,2012,2020
University of Southern California-Information Sciences Institute,usc_lander_passive_active-20060919,0,0,0,0,0,0,0,0,0,0,0,0,2009,2020
Packet Clearing House,PCH - BGP routing table data,0,0,0,0,0,0,0,0,3,2,3,0,2012,2022
University of Southern California-Information Sciences Institute,internet_address_survey_reprobing_it31c-20100226,0,0,0,0,0,0,0,0,0,0,0,0,2012,2020
Packet Clearing House,bdix.woodynet.pch.net,0,0,0,0,0,2,2,0,0,1,0,0,2005,2099
University of Southern California-Information Sciences Institute,internet_address_history_it52w-20130102,0,0,0,0,0,0,0,1,1,1,0,0,2013,2020
University of Southern California-Information Sciences Institute,attack-tcpsyn-20061106,0,0,0,1,2,11,0,1,4,0,1,0,2012,2020
University of Southern California-Information Sciences Institute,internet_address_survey_reprobing_it27w-20090727,0,0,0,0,0,0,0,0,0,1,0,0,2012,2020
University of Southern California-Information Sciences Institute,internet_address_census_it63c-20150117,0,0,0,0,0,0,0,0,0,0,0,0,2015,2020
University of Southern California-Information Sciences Institute,internet_address_survey_reprobing_it41c-20110606,0,0,0,0,0,0,0,0,0,0,0,0,2012,2020
University of Southern California-Information Sciences Institute,internet_outage_adaptive_a26c-20161001,0,0,0,0,0,0,0,0,0,0,0,0,2017,2020
University of Southern California-Information Sciences Institute,internet_address_census_it56j-20130917,0,0,0,0,0,0,0,0,2,1,0,0,2014,2020
University of Southern California-Information Sciences Institute,internet_address_census_it39c-20110220,0,0,0,0,0,0,0,0,0,0,0,0,2012,2020
"Merit Network, Inc.",netflow-site3,1,0,2,0,0,0,0,0,0,0,0,0,2005,2010
University of Southern California-Information Sciences Institute,internet_outage_adaptive_a20_supplement-20150401,0,0,0,0,0,0,0,0,0,0,0,0,2016,2020
University of Southern California-Information Sciences Institute,internet_address_survey_reprobing_it22w-20080912,0,0,0,0,0,0,0,0,0,1,0,0,2012,2020
University of Southern California-Information Sciences Institute,internet_address_survey_it14e-20060914,0,0,0,0,0,1,0,0,0,0,0,0,2012,2020
University of Southern California-Information Sciences Institute,internet_address_survey_reprobing_it61j-20141002,0,0,0,0,0,0,0,0,0,0,0,0,2014,2020
University of Southern California-Information Sciences Institute,internet_address_census_it59w-20140410,0,0,0,0,0,0,0,0,0,1,0,0,2014,2020
University of Southern California-Information Sciences Institute,internet_address_census_it35w-20100818,0,0,0,0,0,2,1,2,0,1,0,0,2012,2020
University of Southern California-Information Sciences Institute,geoloc_5_46_50_58_59_62_108-20120801,0,0,0,0,0,0,0,0,1,0,0,0,2013,2020
University of Southern California-Information Sciences Institute,internet_address_survey_it17w-20070529,0,0,0,0,0,1,0,0,0,0,0,0,2012,2020
University of Southern California-Information Sciences Institute,internet_address_survey_it24c-20090203,0,0,0,0,0,1,0,0,0,0,0,0,2012,2020
University of Southern California-Information Sciences Institute,internet_address_census_it38w-20110112,0,0,0,0,0,2,0,2,0,1,0,0,2012,2020
University of Southern California-Information Sciences Institute,internet_address_survey_it26c-20090527,0,0,0,0,0,1,0,0,0,0,0,0,2012,2020
University of Southern California-Information Sciences Institute,internet_address_census_it58c-20140122,0,0,0,0,0,0,0,0,0,0,0,0,2014,2020
UCSD - Center for Applied Internet Data Analysis,"August 14, 2002 OC48 Peering Point Trace",0,0,0,1,1,3,1,1,4,2,3,1,2005,2020
Packet Clearing House,200paul.woodynet.pch.net.xml,0,0,0,0,0,0,0,0,1,2,1,0,2005,2020
University of Southern California-Information Sciences Institute,internet_address_survey_it21e-20080717,0,0,0,0,0,1,0,0,0,0,0,0,2012,2020
University of Southern California-Information Sciences Institute,internet_address_census_it47j-20120427,0,0,0,0,0,0,0,0,0,0,0,0,2012,2020
University of Southern California-Information Sciences Institute,internet_address_hitlist_it35w-20100818,0,0,0,0,1,0,0,1,0,1,0,0,2012,2020
University of Southern California-Information Sciences Institute,internet_address_census_it72g-20161003,0,0,0,0,0,0,0,0,0,0,0,0,2017,2020
University of Southern California-Information Sciences Institute,tcp-reset-study-20071107,0,0,0,0,0,0,0,0,0,0,0,0,2012,2020
University of Michigan,ims-dabber,1,0,2,2,0,4,2,1,0,0,0,0,2005,2020
University of Southern California-Information Sciences Institute,internet_address_survey_it9-20051214,0,0,0,0,0,1,0,0,0,0,0,0,2012,2020
University of Southern California-Information Sciences Institute,internet_adddress_census_it31w-20100208,0,0,0,0,0,0,0,0,0,0,0,0,2010,2020
University of Wisconsin,BGP Logs,0,0,0,0,0,0,0,0,0,0,0,0,2012,2020
University of Southern California-Information Sciences Institute,internet_address_survey_it28w-20090914,0,0,0,0,0,1,0,0,1,0,0,0,2012,2020
UCSD - Center for Applied Internet Data Analysis,Two-Days-in-2008 Telescope Dataset,0,0,0,0,0,0,0,0,0,0,5,0,2013,2020
Packet Clearing House,PCH - Routing Prefix Origin Inconsistencies,0,0,0,0,0,0,0,0,1,1,2,0,2012,2021
University of Southern California-Information Sciences Institute,internet_address_survey_reprobing_it45w-20120215,0,0,0,0,0,0,0,0,0,0,0,0,2012,2020
University of Southern California-Information Sciences Institute,internet_address_census_it70j-20160602,0,0,0,0,0,0,0,0,0,0,0,0,2016,NULL
University of Southern California-Information Sciences Institute,internet_address_hitlist_it65w-20150622,0,0,0,0,0,0,0,0,0,3,1,0,2015,2020
University of Southern California-Information Sciences Institute,internet_address_survey_reprobing_it36w-20101005,0,0,0,0,0,0,0,0,0,0,0,0,2012,2020
Georgia Tech,Conficker Botnet Sinkhole Connection Data,0,0,0,0,0,0,0,2,3,2,1,1,2013,2017
Colorado State University,FRGPContinuousFlowData_sample-20130923,0,0,0,0,0,0,0,0,0,0,1,0,2014,2020
"Merit Network, Inc.",Netflow-2,0,0,0,4,2,5,4,2,7,2,3,3,2008,2020
University of Southern California-Information Sciences Institute,internet_address_survey_reprobing_it34w-20100707,0,0,0,0,0,0,0,0,0,0,0,0,2012,2020
University of Southern California-Information Sciences Institute,internet_address_survey_reprobing_it30w-20091223,0,0,0,0,0,0,0,0,0,0,0,0,2012,2020
University of Southern California-Information Sciences Institute,internet_address_census_it74w-20170222,0,0,0,0,0,0,0,0,0,0,0,2,2017,2020
University of Southern California-Information Sciences Institute,internet_outage_adaptive_a24c-20160401,0,0,0,0,0,0,0,0,0,0,0,0,2016,NULL
University of Southern California-Information Sciences Institute,internet_address_survey_it4-20050105,0,0,0,0,0,1,0,0,0,0,0,0,2012,2020
Packet Clearing House,NCCDC 2014,0,0,0,0,0,0,0,0,2,30,4,0,2014,2024
University of Southern California-Information Sciences Institute,internet_address_survey_reprobing_it66w-20150911,0,0,0,0,0,0,0,0,0,0,0,0,2015,2020
University of Southern California-Information Sciences Institute,internet_address_survey_it1-20040621,0,0,0,0,0,1,0,0,0,0,0,0,2012,2020
UCSD - Center for Applied Internet Data Analysis,ITDK 2012-07,0,0,0,0,0,0,0,2,0,1,0,0,2012,2020
University of Southern California-Information Sciences Institute,internet_address_survey_reprobing_it38c-20110127,0,0,0,0,0,0,0,0,0,0,0,0,2012,2020
UCSD - Center for Applied Internet Data Analysis,ITDK 2014-04,0,0,0,0,0,0,0,0,0,2,0,0,2014,2020
University of Southern California-Information Sciences Institute,UniformAttack_traces-20070115,0,0,0,0,0,0,0,0,0,0,0,0,2012,2020
University of Southern California-Information Sciences Institute,internet_address_survey_reprobing_it40w-20110406,0,0,0,0,0,0,0,0,0,0,0,0,2012,2020
University of Southern California-Information Sciences Institute,internet_address_census_it54w-20130430,0,0,0,0,0,0,0,1,2,1,0,0,2013,2020
University of Southern California-Information Sciences Institute,T-DNS-experiments-20140324,0,0,0,0,0,0,0,0,0,0,0,0,2015,2020
