CCS-2016-01,"Geolife: A collaborative social networking service among user, location and trajectory.",http://sites.computer.org/debull/A10june/geolife.pdf,Bulletin of the IEEE Computer Society Technical Committee on Data Engineering,2010,No,No,\,\,\,\,Yes,"Geolife data was collected from 182 users in a period of over three years. It recorded a wide range of usersâ€™ outdoor movements, represented by a series of tuples containing latitude, longitude and timestamp.",No,No,\,Unchanged,,,Yes
CCS-2016-02,On the Security and Performance of Proof of Work Blockchains,https://dl.acm.org/authorize.cfm?key=N14231,CCS,2016,No,No,"\",\,\,\,No,\,\,\,\,,,,
CCS-2016-03,A Secure Sharding Protocol For Open Blockchains,https://dl.acm.org/authorize.cfm?key=N14232,CCS,2016,No,No,\,\,\,\,No,\,\,\,\,,,,
CCS-2016-04,The Honey Badger of BFT Protocols,https://dl.acm.org/authorize.cfm?key=N14233,CCS,2016,No,No,\,\,\,\,No,\,\,\,\,,,,
CCS-2016-05,Differential Privacy as a Mutual Information Constraint,https://dl.acm.org/authorize.cfm?key=N14234,CCS,2016,No,No,\,\,\,\,No,\,\,\,\,,,,
CCS-2016-06,Advanced Probabilistic Couplings for Differential Privacy,https://dl.acm.org/authorize.cfm?key=N14245,CCS,2016,No,No,\,\,\,\,No,\,\,\,\,,,,
CCS-2016-10,Differentially Private Bayesian Programming,https://dl.acm.org/authorize.cfm?key=N14246,CCS,2016,No,No,\,\,\,\,No,\,\,\,\,,,,
CCS-2016-12,Strong Non-Interference and Type-Directed Higher-Order Masking,https://dl.acm.org/authorize.cfm?key=N14240,CCS,2016,No,No,\,\,\,\,No,\,\,\,\,,,,
CCS-2016-13,Private Circuits III: Hardware Trojan-Resilience via Testing Amplification,https://dl.acm.org/authorize.cfm?key=N14242,CCS,2016,No,No,\,\,\,\,No,\,\,\,\,,,,
CCS-2016-14,On the Instability of Bitcoin Without the Block Reward,https://dl.acm.org/authorize.cfm?key=N14243,CCS,2016,No,No,\,\,\,\,No,\,\,\,\,,,,
CCS-2016-16,Transparency Overlays and Applications,https://dl.acm.org/authorize.cfm?key=N14244,CCS,2016,No,No,\,\,\,\,No,\,\,\,\,,,,
CCS-2016-17,Mix&Slice: Efficient Access Revocation in the Cloud,https://dl.acm.org/authorize.cfm?key=N14358,CCS,2016,No,No,\,\,\,\,No,\,\,\,\,,,,
CCS-2016-20,Safe Serializable Secure Scheduling: Transactions and the Trade-Off Between Security and Consistency,https://dl.acm.org/authorize.cfm?key=N14359,CCS,2016,No,No,\,\,\,\,No,\,\,\,\,,,,
CCS-2016-21,Town Crier: An Authenticated Data Feed for Smart Contracts,https://dl.acm.org/authorize.cfm?key=N14352,CCS,2016,No,No,\,\,\,\,No,\,\,\,\,,,,
CCS-2016-22,The Ring of Gyges: Investigating the Future of Criminal Smart Contracts,https://dl.acm.org/authorize.cfm?key=N14353,CCS,2016,No,No,\,\,\,\,No,\,\,\,\,,,,
CCS-2016-23,Prefetch Side-Channel Attacks: Bypassing SMAP and Kernel ASLR,https://dl.acm.org/authorize.cfm?key=N14360,CCS,2016,No,No,\,\,\,\,No,\,\,\,\,,,,
CCS-2016-24,Breaking Kernel Address Space Layout Randomization with Intel TSX,https://dl.acm.org/authorize.cfm?key=N14361,CCS,2016,No,No,\,\,\,\,No,\,\,\,\,,,,
CCS-2016-25,Enforcing Least Privilege Memory Views for Multithreaded Applications,https://dl.acm.org/authorize.cfm?key=N14362,CCS,2016,No,No,\,\,\,\,No,\,\,\,\,,,,
CCS-2016-26,Improvements to Secure Computation with Penalties,https://dl.acm.org/authorize.cfm?key=N14363,CCS,2016,No,No,\,\,\,\,No,\,\,\,\,,,,
CCS-2016-27,Amortizing Secure Computation with Penalties,https://dl.acm.org/authorize.cfm?key=N14364,CCS,2016,No,No,\,\,\,\,No,\,\,\,\,,,,
CCS-2016-28,Message-Recovery Attacks on Feistel-Based Format Preserving Encryption,https://dl.acm.org/authorize.cfm?key=N14376,CCS,2016,No,No,\,\,\,\,No,\,\,\,\,,,,
CCS-2016-29,TypeSan: Practical Type Confusion Detection,https://dl.acm.org/authorize.cfm?key=N14372,CCS,2016,No,No,\,\,\,\,No,\,\,\,\,,,,
CCS-2016-30,Alternative Implementations of Secure Real Numbers,https://dl.acm.org/authorize.cfm?key=N14385,CCS,2016,No,No,,\,\,\,No,\,\,\,\,,,,
CCS-2016-31,Garbling Gadgets for Boolean and Arithmetic Circuits,https://dl.acm.org/authorize.cfm?key=N14386,CCS,2016,No,No,\,\,\,\,No,\,\,\,\,,,,
CCS-2016-32,Optimizing Semi-Honest Secure Multiparty Computation for the Internet,https://dl.acm.org/authorize.cfm?key=N14387,CCS,2016,No,No,\,\,\,\,No,\,\,\,\,,,,
CCS-2016-33,MEMS Gyroscopes as Physical Unclonable Functions,https://dl.acm.org/authorize.cfm?key=N14388,CCS,2016,No,No,\,\,\,\,No,\,\,\,\,,,,
CCS-2016-34,On the Security and Usability of Segment-based Visual Cryptographic Authentication Protocols,https://dl.acm.org/authorize.cfm?key=N14389,CCS,2016,No,No,\,\,\,\,No,Results of human study of the usability of SVAPs,No,No,\,,,,
CCS-2016-36,Instant and Robust Authentication and Key Agreement among Mobile Devices,https://dl.acm.org/authorize.cfm?key=N14380,CCS,2016,No,No,\,\,\,\,No,\,\,\,\,,,,
CCS-2016-37,Computational Soundness for Dalvik Bytecode,https://dl.acm.org/authorize.cfm?key=N14398,CCS,2016,No,No,\,\,\,\,No,\,\,\,\,,,,
CCS-2016-38,SANA: Secure and Scalable Aggregate Network Attestation,https://dl.acm.org/authorize.cfm?key=N14399,CCS,2016,No,No,\,\,\,\,No,\,\,\,\,,,,
CCS-2016-39,High-Throughput Semi-Honest Secure Three-Party Computation with an Honest Majority,https://dl.acm.org/authorize.cfm?key=N14305,CCS,2016,No,No,\,\,\,\,No,\,\,\,\,,,,
CCS-2016-40,Efficient Batched Oblivious PRF with Applications to Private Set Intersection,https://dl.acm.org/authorize.cfm?key=N14306,CCS,2016,No,No,\,\,\,\,No,\,\,\,\,,,,
CCS-2016-41,MASCOT: Faster Malicious Arithmetic Secure Computation with Oblivious Transfer,https://dl.acm.org/authorize.cfm?key=N14307,CCS,2016,No,No,\,\,\,\,No,\,\,\,\,,,,
CCS-2016-42,"Covert Channels through Random Number Generator: Mechanisms, Capacity Estimation and Mitigations",https://dl.acm.org/authorize.cfm?key=N14308,CCS,2016,No,No,\,\,\,\,No,\,\,\,\,,,,
CCS-2016-43,Return-Oriented Flush-Reload Side Channels on ARM and Their Implications for Android Devices,https://dl.acm.org/authorize.cfm?key=N14309,CCS,2016,No,No,\,\,\,\,No,\,\,\,\,,,,
CCS-2016-48,A Software Approach to Defeating Side Channels in Last-Level Caches,https://dl.acm.org/authorize.cfm?key=N14300,CCS,2016,No,No,\,\,\,\,No,\,\,\,\,,,,
CCS-2016-49,iLock: Immediate and Automatic Locking of Mobile Devices against Data Theft,https://dl.acm.org/authorize.cfm?key=N14315,CCS,2016,No,No,\,\,\,\,No,\,\,\,\,,,,
CCS-2016-50,Hypnoguard: Protecting Secrets across Sleep-wake Cycles,https://dl.acm.org/authorize.cfm?key=N14316,CCS,2016,No,No,\,\,\,\,No,\,\,\,\,,,,
CCS-2016-51,5Gen: A Framework for Prototyping Applications Using Multilinear Maps and Matrix Branching Programs,https://dl.acm.org/authorize.cfm?key=N14317,CCS,2016,No,No,\,\,\,\,No,\,\,\,\,,,,
CCS-2016-52,Functional Lattice Cryptography,https://dl.acm.org/authorize.cfm?key=N14318,CCS,2016,No,No,\,\,\,\,No,\,\,\,\,,,,
CCS-2016-55,"Frodo: Take off the Ring! Practical, Quantum-Secure Key Exchange from LWE",https://dl.acm.org/authorize.cfm?key=N14319,CCS,2016,No,No,\,\,\,\,No,\,\,\,\,,,,
CCS-2016-65,Error Handling of In-vehicle Networks Makes Them Vulnerable,https://dl.acm.org/authorize.cfm?key=N14312,CCS,2016,No,No,\,\,\,\,No,\,\,\,\,,,,
IMPACT_DB-16,"Order-Revealing Encryption: New Constructions, Applications, and Lower Bounds",https://dl.acm.org/authorize.cfm?key=N14322,CCS,2016,No,No,\,\,\,\,No,\,\,\,\,,,,
IMPACT_DB-27,MERS: Statistical Test Generation for Side-Channel Analysis based Trojan Detection,https://dl.acm.org/authorize.cfm?key=N14241,CCS,2016,No,No,\,\,\,\,No,\,\,\,\,,,,
IMPACT_DB-30,ProvUSB: Block-level Provenance-Based Data Protection for USB Storage Devices,https://dl.acm.org/authorize.cfm?key=N14350,CCS,2016,No,No,\,\,\,\,No,\,\,\,\,,,,
IMPACT_DB-31,Security by Any Other Name: On the Effectiveness of Provider Based Email Security,http://dl.acm.org/citation.cfm?doid=2810103.2813607,CCS,2015,No,No,\,\,\,\,Yes,"We found that while more than half of the top 20,000 receiving MTAs supported TLS, and support for TLS is increasing, servers do not check certificates, opening the Internet email system up to man-in-the-middle eavesdropping attacks",No,No,\,,,,
CCS-2016-11,AUTOREB: Automatically Understanding the Review-to-Behavior Fidelity in Android Applications,http://dl.acm.org/citation.cfm?doid=2810103.2813689,CCS,2015,No,No,\,\,\,\,Yes,"crawled a real-world dataset of 2,614,186 users, 12,783 apps and 13,129,783 reviews from Google play, and use it to comprehensively evaluate AUTOREB",No,No,\,,,,
CCS-2016-18,Exploiting Temporal Dynamics in Sybil Defenses,http://dl.acm.org/citation.cfm?doid=2810103.2813693,CCS,2015,No,No,\,\,\,\,Yes,analysis and simulation of these attacks using both synthetic and real-world social network topologies,No,No,\,,,,
CCS-2015-32,Cross-Site Search Attacks,http://dl.acm.org/citation.cfm?doid=2810103.2813688,CCS,2015,No,No,\,\,\,\,Yes,"implemented and evaluated the attacks against the popular Gmail and Bing services, in several environments and ethical experiments, taking careful, IRB-approved measures to avoid exposure of personal information.",No,No,\,,,,
CCS-2015-37,"Have we Crossed the Line? The Growing Ethical Debate inModern Computer Security Research",http://www.sigsac.org/ccs/CCS2009/pd/abstract_22.pdf,CCS 2009,2009,No,No,\,\,\,\,No,\,\,\,\,,,,
CCS-2015-57,Practical Darknet Measurement,http://mdbailey.ece.illinois.edu/publications/ciss06_final.pdf,CISS 2006,2006,Yes,No,\,\,\,\,No,\,\,\,\,,cites papers above,,
CCS-2015-59,Search + Seizure: The Effectiveness of Interventions on SEO Campaigns,http://conferences2.sigcomm.org/imc/2014/papers/p359.pdf,IMC (Internet Measurement Conference),2014,No,No,\,\,\,\,Yes,"provide the first large-scale empirical characterization of SEO abuse for luxury brands. fetch visitor data for each store by visiting the publicly ac- cessible default AWStats URL, In the PSR data set, we found 68,193 â€œhackedâ€ù search results.",No,No,\,,,,
CCS-2015-78,The MALICIA Dataset: Identification and Analysis of Drive-by Download Operations.,https://lirias.kuleuven.be/bitstream/123456789/464045/1/malicia_dataset.pdf,International Journal of Information Security,2015,No,No,\,\,\,\,Yes,"collect over time how exploit servers areconfigured, which exploits they use, and what malware they distribute, grouping servers with similar configurations intooperations.",Yes,No,http://malicia-project.com/,Unchanged,,,Yes
CCS-2015-79,Friendship and mobility: User movement in location-based social networks.,http://cs.stanford.edu/people/jure/pubs/mobile-kdd11.pdf,KDD,2011,No,No,\,\,\,\,Yes,"Gowalla data contains 6, 442, 890 check-in locations of 196,586 users over the period of Feb. 2009 to Oct. 2010.",No,No,\,Unchanged,,,Yes
CCS-2015-89,Predicting Usersâ€™ Motivations behind Location Check-Ins and Utility Implications of Privacy Protection Mechanisms,http://www.shokri.org/files/Shokri-NDSS2015.pdf,NDSS,2015,No,No,\,\,\,\,Yes,"to grant us access to their Foursquare data, we rewarded them with a fixed amount of money (US $4.5 per HIT [2], [22]). ",No,No,\,,,,Yes
CCS-2015-90,One size does not fit all: 10 years of applying context-aware security,http://nsrg.eecs.umich.edu/publications/hst09_final.pdf,Technologies for Homeland Security 2009,2009,Yes,No,\,\,\,\,No,\,\,\,\,,,,
CCS-2015-91,Evilcohort: detecting communities of malicious accounts on online services,https://www.usenix.org/system/files/conference/usenixsecurity15/sec15-paper-stringhini.pdf,USENIX,2015,Yes,No,\,\,\,\,Yes,observe the email-sending activities on a large webmail service.,No,No,\,,,,?
CCS-2015-99,All Your Biases Belong to Us: Breaking RC4 in WPA-TKIP and TLS,https://www.usenix.org/system/files/conference/usenixsecurity15/sec15-paper-vanhoef.pdf,USENIX,2015,No,No,\,\,\,\,Yes,monitors network traffic and collects the necessary ciphertext statistics. like ciphertexts,No,\,\,,,,?
CCS-2015-113,Automatic Generation of Data-Oriented Exploits,https://www.usenix.org/system/files/conference/usenixsecurity15/sec15-paper-hu.pdf,USENIX,2015,No,No,\,\,\,\,Yes,FLOWSTITCH generates 19 data-oriented attacks from eight vulnerable pro- grams.,No,\,\,,,,?
CCS-2015-117,Protocol State Fuzzing of TLS Implementations,https://www.usenix.org/system/files/conference/usenixsecurity15/sec15-paper-de-ruiter.pdf,USENIX,2015,No,No,\,\,\,\,Yes,analysed the nine different implementations listed in table #1. compare different modified equivalence algorithm.,No,\,\,,,,?
CCS-2015-120,To Pin or Not to Pinâ€”Helping App Developers Bullet Proof Their TLS Connections,https://www.usenix.org/system/files/conference/usenixsecurity15/sec15-paper-oltrogge.pdf,USENIX,2015,No,No,\,\,\,\,Yes,#1. evaluate 639283 android apps for an overview od the applicability of pinning in the android universe. #2. evaluate update behaviour of 871911 unique users. #3. collect feed back from 45 developers #4. 20020535 calls to network related API calls.which the author recommended pinning.,Yes,No,https://pinning.android-ssl.org/,,,,Y
CCS-2015-121,De-anonymizing Programmers via Code Stylometry,https://www.usenix.org/system/files/conference/usenixsecurity15/sec15-paper-caliskan-islam.pdf,USENIX,2015,No,No,\,\,\,\,Yes,"We collected C++ source of thousands of contestants from the annual international competition â€œGoogle Code Jamâ€ù.We collected a larger dataset of 1,600 programmers from various years. Each of the programmers had 9 source code samples.",No,No,\,,,,Y
CCS-2015-123,Trustworthy Whole-System Provenance for the Linux Kernel,https://www.usenix.org/conference/usenixsecurity15/technical-sessions/presentation/bates,USENIX,2015,No,No,\,\,\,\,Yes,valuate the performance of LPM. Our bench- marks were run on a bare metal server machine with 12 GB memory and 2 Intel Xeon quad core CPUs.,No,No,\,,,,?
CCS-2015-124,Securing Self-Virtualizing Ethernet Devices,https://www.usenix.org/conference/usenixsecurity15/technical-sessions/presentation/smolyar,USENIX,2015,No,No,\,\,\,\,Yes,performance evaluation according to the methodology in RFC 2544,No,No,\,,,,?
CCS-2015-125,EASEAndroid: Automatic Policy Analysis and Refinement for Security Enhanced Android via Large-Scale Semi-Supervised Learning,https://www.usenix.org/conference/usenixsecurity15/technical-sessions/presentation/wang-ruowen,USENIX,2015,No,No,\,\,\,\,Yes,Audit logs were collected anonymously from users who consented to provide diagnos- tic and usage data to help Samsung improve the quality and the performance of its products and services,No,No,\,,,,Y
CCS-2015-126,Investigating the Computer Security Practices and Needs of Journalists,https://www.usenix.org/conference/usenixsecurity15/technical-sessions/presentation/mcgregor,USENIX,2015,No,No,\,\,\,\,Yes,interview with 15 journalists,No,No,"interview result, public within paper",,,,Y
CCS-2015-127,Measuring Real-World Accuracies and Biases in Modeling Password Guessability,https://www.usenix.org/conference/usenixsecurity15/technical-sessions/presentation/ur,USENIX,2015,No,No,\,\,\,\,Yes,"examine 13,345 passwords from four sets created under composition policie. analyze four automated guessing algorithms and one manual cracking approach",No,No,\,,,,Y
CCS-2016-15,AUDACIOUS: User-Driven Access Control with Unmodified Operating Systems,https://dl.acm.org/authorize?N14357,CCS,2016,No,No,\,\,\,\,Yes,1060 errors acros 88 of the top 100 free applications in the Android application store caused by event and click forgery,\,\,"n/a",,,,Yes
CCS-2016-35,"Build It, Break It, Fix It: Contesting Secure Development",https://dl.acm.org/authorize.cfm?key=N14396,CCS,2016,No,No,\,\,\,\,Yes,Information regarding the attendees of multiple contests ,Yes,\,Data in paper,,,,Yes
CCS-2016-44,Leave Your Phone at the Door: Side Channels that Reveal Factory Floor Secrets,https://dl.acm.org/authorize.cfm?key=N14301,CCS,2016,Yes,No,\,\,\,\,Yes,Sensor data produced on seven smartphones and one tablet,No,\,\,,,,Yes
CCS-2016-45,My Smartphone Knows What You Print: Exploring Smartphone-based Side-channel Attacks Against 3D Printers,https://dl.acm.org/authorize.cfm?key=N14302,CCS,2016,No,No,\,\,\,\,Yes,Sensor  data  collection  application  on Nexus 5 with Android OS 6.01,No,\,\,,,,Yes
CCS-2016-46,The Sounds of the Phones: Dangers of Zero-Effort Second Factor Login based on Ambient Audio,https://dl.acm.org/authorize.cfm?key=N14303,CCS,2016,No,No,\,\,\,\,Yes,General population statistics via an online survey to determine the phone usage habits and patterns relevant to attacks,No,\,Data in paper,,,,Yes
CCS-2016-47,UniSan: Proactive Kernel Memory Initialization to Eliminate Data Leakages,https://dl.acm.org/authorize.cfm?key=N14304,CCS,2016,Yes,No,\,\,\,\,Yes,"Discovered many previously unknown information leak vulnerabilities in the latest Linux and Android kernels, 19 of which have been confirmed by Linux maintainers and Google, conducted another study of kernel information leak vulnerabilities reported after 2013","Sent to Google and Linux, Yes",\,http://www.cvedetails.com/vulnerabilities-by-types.php,,,,Yes
CCS-2016-56,Using Reflexive Eye Movements for Fast Challenge-Response Authentication,https://dl.acm.org/authorize.cfm?key=N14313,CCS,2016,No,No,\,\,\,\,Yes,Series of systematic user experiments with 30 participants from the general public,No,\,\,,,,Yes
CCS-2016-57,When CSI Meets Public WiFi: Inferring Your Mobile Phone Password via WiFi Signals,https://dl.acm.org/authorize.cfm?key=N14314,CCS,2016,No,No,\,\,\,\,Yes,Study of ten volunteers and their touch screen usage related to entering passcodes,No,\,\,,,,Yes
CCS-2016-58,VoiceLive: A Phoneme Localization based Liveness Detection for Voice Authentication on Smartphones,https://dl.acm.org/authorize.cfm?key=N14325,CCS,2016,No,No,\,\,\,\,Yes,"Evaluation with 12 participants and different types of phones, vocal production of phonemes by two participants",No,\,\,,,,Yes
CCS-2016-61,New Security Threats Caused by IMS-based SMS Service in 4G LTE Networks,https://dl.acm.org/authorize.cfm?key=N14328,CCS,2016,No,No,\,\,\,\,Yes,Vulnerabilities found and attacks based on those vulnerabilities crafted,Yes,No,Data in paper,,,,Yes
CCS-2016-09,Draco: A System for Uniform and Fine-grained Access Control for Web Code on Android,https://dl.acm.org/authorize.cfm?key=N14249,CCS,2016,No,No,\,No,\,\,No,\,\,\,,,,,
CCS-2016-59,Limiting the Impact of Stealthy Attacks on Industrial Control Systems,https://dl.acm.org/authorize.cfm?key=N14326,CCS,2016,No,Yes,Network data collected from an operational large-scale Supervisory Control and Data Acquisition (SCADA) system that manages more than 100 Programmable Logic Controllers,No,\,\,No,\,\,\,\,,,,Yes
CCS-2016-67,DPSense: Differentially Private Crowdsourced Spectrum Sensing,https://dl.acm.org/authorize.cfm?key=N14354,CCS,2016,No,Yes,"CRAWDAD dataset roma/taxi [2, 3] for our simu-lations, extracting the traces from the center of Rome from that dataset",No,No,\,No,\,\,\,\,,,,Yes
CCS-2016-77,High Fidelity Data Reduction for Big Data Security Dependency Analyses,https://dl.acm.org/authorize.cfm?key=N14371,CCS,2016,No,Yes,Data logs collected from more than 30 machines with various server models and operating systems,No,No,\,No,\,\,\,\,,,,Yes
CCS-2016-83,How I Learned to be Secure: a Census-Representative Survey of Security Advice Sources and Behavior,https://dl.acm.org/authorize.cfm?key=N14384,CCS,2016,No,Yes,"U.S.-census-representative survey of 526 users, cognitive interviews with five demographically-diverse participants",No,No,\,No,\,\,\,\,,,,Yes
CCS-2016-87,Acing the IOC Game: Toward Automatic Discovery and Analysis of Open-Source Cyber Threat Intelligence,https://dl.acm.org/authorize.cfm?key=N14391,CCS,2016,No,Yes,"71,000 articles collected from 45 leading technical blogs",No,No,\,No,\,\,\,\,,,,Yes
IMPACT_DB-11,On Measuring the Geographic Diversity of Internet Routes,https://arxiv.org/pdf/1601.01116v1.pdf,,2016,No,Yes,Traceroute dataset from IPlane,No,Yes,\,No,\,\,\,\,,,http://www.caida.org/data/internet-topology-data-kit,Yes
IMPACT_DB-29,Shades of Grey: On the effectiveness of reputation-based â€œblacklistsâ€ù,http://nsrg.eecs.umich.edu/publications/malware08_final.pdf,MALWARE 2008,2008,Yes,Yes,"Spam received by a large academic network consisting of 7,000 unique hosts, with millions of email messages, over a period 10 days in June of 2008",No,\,\,No,\,\,\,\,,,,Yes
CCS-2015-30,VCCFinder: Finding Potential Vulnerabilities in Open-Source Projects to Assist Code Audits,http://dl.acm.org/citation.cfm?doid=2810103.2813604,CCS,2015,No,Yes,"1. To the best of our knowledge, no large-scale database exists that maps vulnerabilities as reported by CVEs to commits. Meneely et al. and Shin et al. [25, 23, 24] manually created such mappings for the Mozilla Firefox Browser, Apache HTTP server and parts of the RHEL Linux kernel. 2. use the years 2011â€“2014 as the test dataset. 3. Common Weakness Enumeration (CVE) database",No,\,3. http://cwe.mitre.org/,Yes,"conducted the first large-scale mapping of CVEs to GitHub commits in order to create a vulnerable commit database. a large test database containing 66 C and C++ project with 170,860 commits on which to evaluate and compare our approach",Yes,No,\,,,,?
CCS-2016-07,The Misuse of Android Unix Domain Sockets and Security Implications,https://dl.acm.org/authorize.cfm?key=N14247,CCS,2016,No,Yes,"APK files that corresponded to 14,644 apps on Google Play",No,\,\,Yes,Identified vulnerabilities in Android daemons and apps,NO (sent to developers),No,https://sites.google.com/site/unixdomainsocketstudy/home,,,,Yes
CCS-2016-08,Call Me Back! Attacks on System Server and System Apps in Android through Synchronous Callback,https://dl.acm.org/authorize.cfm?key=N14248,CCS,2016,No,Yes,"1,591 service interfaces of Android 5.1.0",No,\,\,Yes,Identified six previously unknown vulnerabilities in Android service systems,No (sent to Google),"No",Data in paper,,,,Yes
CCS-2016-60,Over-The-Top Bypass: Study of a Recent Telephony Fraud,https://dl.acm.org/authorize.cfm?key=N14327,CCS,2016,No,Yes,"Performed more than 15,000 test calls during 8 months",No,\,\,Yes,"Conducted a user study with more than 8,000 users",No,No,Data in paper,,,,Yes
CCS-2016-92,On the Practical (In-)Security of 64-bit Block Ciphers Collision Attacks on HTTP over TLS and OpenVPN,https://dl.acm.org/authorize.cfm?key=N14377,CCS,2016,No,Yes,Large number of HTTP requests,No,"No",\,Yes,"Various vulnerabilities in Mozilla Firefox, OpenVPN, OpenSSL, Akami, Apple, Microsoft",Yes,No,https://sweet32.info/,,,,Yes
IMPACT_DB-26,The Blaster Worm: Then and Now,http://ieeexplore.ieee.org/stamp/stamp.jsp?arnumber=1492337,IEEE Security and Privacy 3(4),2005,Yes,Yes,IMS data of Blaster in August 2003 and 2004,No?,\,\,No,\,\,\,\,,,,Yes
IMPACT_DB-32,Remote Detection of Bottleneck Links Using Spectral and Statistical Methods,https://www.isi.edu/~johnh/PAPERS/He09a.pdf,Computer Networks V 53 (N. 3),2009,No,Yes,"Iperf to generate TCP and UDP packet streams, which mimic TCP file downloads or UDP CBR traffic",No?,DS-121?,\,No,\,\,\,\,,,,Yes
IMPACT_DB-24,Data Reduction for the Scalable Automated Analysis of Distributed Darknet Traffic,http://dl.acm.org/citation.cfm?id=1251107,IMC 2005,2005,Yes,Yes,"Data from 14 darknet monitors ranging in size from a /25 monitor to a /17 monitor over a period of 10 days between August 18, 2004 and August 28, 2004,  number of source IP addresses at each of the 41 darknets during a 21-day period, from March 19th through April 9th, 2005, 31 darknets, we examined the top 10 destination ports, based on the number of packets, and compared these lists across darknet",No?,No?,\,No?,\,\,DS-021,\,,,,Yes
IMPACT_DB-25,The Internet Motion Sensor: A Distributed Blackhole Monitoring System,http://web.eecs.umich.edu/~farnam/pubs/2005-bc-ndss.pdf,NDSS 2005,2005,No,Yes,"One-week period of measurement, the IMS system observed over 286,000 unique IP addresses displaying the characteristics  of  Blaster  activity (Basically lots of their scans of their sensors from different date ranges werer used)",No?,No?,\,No?,\,\,DS-018,\,,,,Yes
CCS-2016-75,Scalable Graph-based Bug Search for Firmware Images,https://dl.acm.org/authorize.cfm?key=N14379,CCS,2016,No,Yes,"Firmware images from 8,126 devices across three architectures and 26 vendors, dataset of over 568,134 functions, Pewny et al and Eschweiler et al used the same public dataset based upon two publicly-available firmware images for baseline comparison",No/Yes,No,"ftp://ftp.dd-wrt.com/others/eko/BrainSlayer-V24-preSP2/2013/05-27-2013-r21676/senao-eoc5610/linux.bin , http://www.downloads.netgear.com/files/GDC/READYNAS-100/ReadyNASOS-6.1.6-arm.zip (the images)",Yes,"Freely available vulnerability database for this effort and for the broader research community, 23 vulnerabilities in firmware images",Yes/(sent to developers),No,\,,,,Yes
CCS-2016-53,On Code Execution Tracking via Power Side-Channe,https://dl.acm.org/authorize.cfm?key=N14310,CCS,2016,No,Yes,"9  programs,  in  which  eight  of  them  are  from  Dalton Project and the remaining one is an implementation of AES-128 encryption algorithm migrated to our MCU",Yes,\, http://www.cs.ucr.edu/ Ìƒdalton/,No,\,\,\,\,,,,Yes
CCS-2016-62,POPE: Partial Order Preserving Encoding,https://dl.acm.org/authorize.cfm?key=N14329,CCS,2016,No,Yes, 2 million public employee salary figures (California public employee payroll data from 2014,Yes,\,http://transparentcalifornia.com/downloads/,No,\,\,\,\,,,,Yes
CCS-2016-63,Î£oÏ†oÏ‚â€“ Forward Secure Searchable Encryption,https://dl.acm.org/authorize.cfm?key=N14320,CCS,2016,No,Yes,English Wikipedia,Yes,\,\,No,\,\,\,\,,,,Yes
CCS-2016-64,What Else is Revealed by Order-Revealing Encryption?,https://dl.acm.org/authorize.cfm?key=N14321,CCS,2016,No,Yes,"Two real geographic datasets Cal, SpitzLoc, one synthetic geographic distribution Globe, and one real time-stamp dataset SpitzTime",Yes,\,http://www.cs.utah.edu/~lifeifei/SpatialDataset.htm                                                                                                                                                                            http://www.zeit.de/datenschutz/malte-spitz-data-retention,No,\,\,\,\,,,,Yes
CCS-2016-66,EpicRec: Towards Practical Differentially Private Framework for Personalized Recommendation,https://dl.acm.org/authorize.cfm?key=N14355,CCS,2016,No,Yes,"MovieLens a movie rating dataset collected by the GroupLens Research Projectand Yelp2: a business rating data provided by RecSys Challenge 2013, metadata from the public â€œMy API Filmsâ€ù website",Yes,No,http://grouplens.org/datasets/movielens https://www.kaggle.com/c/yelp-recsys-2013/data http://www.myapifilms.com/index.jsp,No,\,\,\,\,,,,Yes
CCS-2016-73,MPC-Friendly Symmetric Key Primitives,https://dl.acm.org/authorize.cfm?key=N14375,CCS,2016,No,Yes,Figures from the recent MASCOT protocol which uses OT extensions to obtain what are currently the best reported triple generation times with active security,Yes,No,http://eprint.iacr.org/2016/505.,No,\,\,\,\,,,,Yes
CCS-2016-76,SmartWalk: Enhancing Social Network Security via Adaptive Random Walks,https://dl.acm.org/authorize.cfm?key=N14370,CCS,2016,No,Yes,10 various large-scale real-world social network topologies  that  mainly  come  from  the  Stanford  Large  Network Dataset  Collection ,Yes,No,http://snap.stanford.edu/data,No,\,\,\,\,,,,Yes
CCS-2016-78,CREDAL: Towards Locating a Memory Corruption Vulnerability with Your Core Dump,https://dl.acm.org/authorize.cfm?key=N14373,CCS,2016,No,Yes,80 crashes  corresponding  to  73  memory  corruption  vulnerabilities archived in Offensive Security Exploit Database,Yes,No,https://www.exploit-db.com/,No,\,\,\,\,,,,Yes
CCS-2016-82,CSPAutoGen: Black-box Enforcement of Content Security Policy upon Real-world Websites,https://dl.acm.org/authorize.cfm?key=N14383,CCS,2016,No,Yes,"Alexa Top 50 websites, six real-world web applications with XSS vulnerabilities",Yes,No,\,No,\,\,\,\,,,,Yes
CCS-2016-84,Practical Detection of Entropy Loss in Pseudo-Random Number Generators,https://dl.acm.org/authorize?N14395,CCS,2016,No,Yes,Five real-world PRNGs,Yes,No,\,No,Several vulnerabilities found during the implementation of the product,\,\,\,,,,*Yes
CCS-2016-85,SandScout: Automatic Detection of Flaws in iOS Sandbox Profiles,https://dl.acm.org/authorize.cfm?key=N14397,CCS,2016,No,Yes,Container sandbox profile from iOS 9.0.2,Yes,No,\,No,Seven classes of exploitable vulnerabilities,Shared with Apple,No,Data in paper,,,,*Yes
CCS-2016-86,C-FLAT: Control-Flow Attestation for Embedded Systems Software,https://dl.acm.org/authorize.cfm?key=N14390,CCS,2016,Yes,Yes,"Open Syringe Pump,  an open-source,  open-hardware syringe pump design",Yes,No,https://hackaday.io/project/1838-open-syringe-pump,No,\,\,\,\,,,,Yes
CCS-2016-88,FeatureSmith: Automatically Engineering Features for Malware Detection by Mining the Security Literature,https://dl.acm.org/authorize.cfm?key=N14392,CCS,2016,No,Yes,"Papers from the IEEE Symposium on Security and Privacy (S&Pâ€™08â€“S&Pâ€™15),  the Computer  Security  Foundations  Symposium  (CSFâ€™00â€“CSFâ€™14), and  USENIX  Security  (Secâ€™11), Drebin dataset",Yes,No,\,No,\,\,\,\,,,,Yes
CCS-2016-90,The â€œWeb/Localâ€ù Boundary Is Fuzzy: A Security Study of Chromeâ€™s Process-based Sandboxing,https://dl.acm.org/authorize.cfm?key=N14394,CCS,2016,No,Yes,Code for Chromium 33,Yes,No,\,No,10 SOP checks and their corresponding critical data,Sent to Google,No,Data in paper,,,,Yes
CCS-2016-91,Heavy Hitter Estimation over Set-Valued Data with Local Differential Privacy,https://dl.acm.org/authorize.cfm?key=N14356,CCS,2016,No,Yes,"AOL keyword search log and Kosarak click stream datasets, associate users with either keywords or URLs",Yes,"No",\,No,\,\,\,\,,,,Yes
IMPACT_DB-03,Detecting Advanced Persistent Threats using Fractal Dimension based Machine Learning Classification ,http://dl.acm.org/citation.cfm?id=2875484,ACM on Privacy and Security Analytics,2016,No,Yes,"APTs were collected from Contagio malware database, DARPA  Scalable  Network  Monitoring  (SNM)  Program  Traffic",Yes,Yes             DS-303,https://www.mediafire.com/folder/c2az029ch6cke/TRAFFIC_PATTERNS_COLLECTION#734479hwy1b97 ,No,\,\,\,\,,"(2009) DARPA Scalable Network Monitoring (SNM) Program Traffic",,Yes
IMPACT_DB-04,Metric tree-like structures in real-life networks: an empirical study,https://arxiv.org/pdf/1402.3364.pdf,,2016,No,Yes,"PPI, Yeast, Homo, DutchElite, EVA, Erdos, DBLB-coauth, EPA, California, Routeview, AS_Caida, Dimes 3/2010, Aqualab, Itdk, Amazon",Yes,No,https://thebiogrid.org/                                                                                                                       http://www.cs.cornell.edu/courses/cs685/2002fa/                                                                                                        More in paper,No,\,\,\,\,,,http://www.caida.org/data/as-relationships/,Yes
IMPACT_DB-05,A Novel Methodology of Router-To-AS Mapping inspired by Community Discovery,https://arxiv.org/ftp/arxiv/papers/1512/1512.03916.pdf,,2015,No,Yes,"CAIDA ITDK Macroscopic Internet Topology Data Kit, and  PeeringDB",Yes,Yes          DS-305,"http://data.caida.org/datasets/topology/ark/ipv4/itdk/2012https://www.peeringdb.com/help/public_faq.php",No,\,\,\,\,,,http://data.caida.org/datasets/topology/ark/ipv4/itdk/2012,Yes
IMPACT_DB-06,Timeouts: Beware Surprisingly High Delay,http://dl.acm.org/citation.cfm?id=2815704,IMC on Internet Measurements,2015,No,Yes,"Data from 103 surveys taken between April 2006 and February 2015, consisting of all echo requests that were sent as part of the surveys in this period, as well as all echo responses  that  were  received,  Zmap scans",Yes,Yes             DS-391, http://www.isi.edu/ant/traces/topology/addresssurveys/binformatdescription.html,No,\,\,\,\,,,,Yes
IMPACT_DB-07,A polyscale autonomous sliding window for cognitive machine classification of malicious Internet traffic,https://www.researchgate.net/publication/293695267_A_polyscale_autonomous_sliding_window_for_cognitive_machine_classification_of_malicious_Internet_traffic,SAM,2015,No,Yes,PREDICT ID USC-Lander/ DoS_DNS_amplification-20130617 (2013-06-17) to (2013-06-17),Yes,Yes               PREDICT ID USC-Lander,\,No,\,\,\,\,,"""PREDICT-USC-Lander-DoS_DNS_amplification, """"Scrambled Internet Measurement, PREDICT ID USC-Lander/ DoS_DNS_amplification-20130617 ",,Yes
IMPACT_DB-08,A Cognitive Multifractal Approach to Characterize Complexity of Non-Stationary and Malicious DNS Data Traffic Using Adaptive Sliding Window ,https://www.computer.org/csdl/proceedings/icci*cc/2015/7290/00/07259368.pdf,IEEE on Congnitive Computing,2015,No,Yes,PREDICT ID USC-Lander! DoS_DNS_amplification-20130617 ,Yes,Yes               PREDICT ID USC-Lander,\,No,\,\,\,\,,"D.  PREDICT USC-Lander, ""Scrambled Internet Measurement, PREDICT ID  USC-Lander/ DoS_DNS_amplification-20130617 ",,Yes
IMPACT_DB-09,"Feature Selection for Robust Backscatter DDoSDetection",http://ieeexplore.ieee.org/stamp/stamp.jsp?arnumber=7365905,LCN Workshop,2015,No,Yes,"specific  darknet  dataset  including  mostly  DDoS  traffic  collected in 2007, 2008 and 2012 via UCSD Network Telescope,  whereas  the  two  remaining  ones  include  only  normal traffic  from  2008  and  2014",Yes,"Yes            DS-380, DS-117",Links in paper,No,\,\,\,\,,,"http://www.caida.org/data/passive/backscatter2008dataset.xmlhttp://www.caida.org/data/passive/ddos-20070804dataset.xmlhttp://www.caida.org/data/passive/telescope-educationaldataset.xmlhttp://www.caida.org/data/passive/passive2008dataset.xmlhttp://www.caida.org/data/passive/passive2014dataset.xml",Yes
IMPACT_DB-15,Router-level community structure of the Internet Autonomous Systems,http://epjdatascience.springeropen.com/articles/10.1140/epjds/s13688-015-0048-y,,2015,No,Yes,"CAIDA router-level Internet map from October 19th, 2011",Yes,Yes           DS-205,http://www.caida.org/data/active/ipv4_routed_24_topology_dataset.xml,No,\,\,\,\,,,http://www.caida.org/data/active/ipv4_routed_24_topology_dataset.xml,Yes
IMPACT_DB-17,Entropy-Based Characterization of Internet Background Radiation,http://www.mdpi.com/1099-4300/17/1/74/htm#b18-entropy-17-00074,SAM,2015,No,Yes,"Representative portion of the IBR for three weeks of April, 2012, with a 10-minute time scope",Yes,Yes           DS-381,http://www.caida.org/data/passive/telescope-patch-tuesday_dataset.xml,No,\,\,\,\,,,,Yes
IMPACT_DB-19,"Lost in Space: Improving Inference ofIPv4 Address Space Utilization",http://www.caida.org/publications/papers/2014/lost_in_space/lost_in_space.pdf,,2014,No,Yes,"Seven passive and active measurement datasets collected from July 2013 through Oct 2013, ISI census, BGP  announcements  captured  by  all collectors (24 collectors peering with 184 peers) of the Routeviews and RIPE RIS projects, dataset compiled by Geoff Huston,  which  merges  the  extended  delegation  files from the 5 RIRs with IANAâ€™s published registries, unsampled NetFlow records from all the border routers of SWITCH, per-flow  logs  from  a  vantage point monitoring traffic of about 25,000 residential ADSL customers of a major European ISP, full packet traces from the/8 network telescope operated at the University of California San Diego, arge European IXP interconnecting more than 490 networks,  exchanging more than 400 PB monthly, ISI Internet Census dataset it55w20130723, IP addresses from logs of Project Sonarâ€™s HTTP (TCP port 80) scan of the entire IPv4 address space on October 29, 2013, etc",Yes,Yes          DS-402,Links in paper,No,\,\,\,\,,,http://www.caida.org/projects/network_telescope/,Yes
IMPACT_DB-20,Evidence of spatial embedding in the IPv4 router-level Internet network,https://arxiv.org/pdf/1410.3340v1.pdf,,2014,No,Yes,"Internet Topology Data Kit, geolocation acquired from the  MaxMind  Geolite  database  for  a  subset  of  the  routers  to  varying  levels  of  precision  ",Yes,Yes          DS-454,http://www.caida.org/data/Internet-topology-data-kit,No,\,\,\,\,,,http://www.caida.org/data/Internet-topology-data-kit,Yes
IMPACT_DB-28,Detection of Low-Rate Attacks in Computer Networks,http://www.isi.edu/~johnh/PAPERS/Thatte08a.pdf,IEEE Global Internet Symposium 2008,2008,Yes,Yes,Real Internet traces,Yes,DS-049,\,No,\,\,\,\,,,,Yes
CCS-2015-3,Seeing through Network-Protocol Obfuscation,http://dl.acm.org/citation.cfm?doid=2810103.2813715,CCS,2015,No,Yes,Alex top 10K domains,Yes,No,\,Yes,"(1) packet-level traffic traces collected at various locations in a campus network, and (2) packet-level traces for Tor Pluggable Transport traffic collected in controlled environments.",No,No,\,Changed,,,Yes
CCS-2015-108,Maneuvering Around Clouds: Bypassing Cloud-based Security Providers,http://dl.acm.org/citation.cfm?doid=2810103.2813633,CCS,2015,No,Yes,1. Alexa top 1 million 2. publicly available data of Rapid7â€™s Project Sonar (webserver service scan),Yes,\,1. http://www.alexa.com/ 2. https://sonar.labs.rapid7.com/,Yes,conduct the first large-scale analysis of the effectiveness of the origin-exposing vectors,No,No,\,,,,?
CCS-2016-19,Making Smart Contracts Smarter,https://dl.acm.org/authorize.cfm?key=N14351,CCS,2016,No,Yes,"19,366 smart contracts from the blockchain as of May 5,  2016",Yes,\,\,Yes,"Found the number of mishandled exceptions, transaction-ordering dependence, timestamp dependence and reentrance handling instances within the studied contracts ",No,\,\,,,,Yes
CCS-2016-54,Coverage-based Greybox Fuzzing as Markov Chain,https://dl.acm.org/authorize.cfm?key=N14311,CCS,2016,No,Yes,"GNU binutils as subject because it is non-trivial and widely used for the analysis of program binaries. It con- sists of several tools including nm, objdump, strings, size, and c++filt",Yes,\,\,Yes,Several vulnerabilities found during the implementation of the product,Yes,\,Data in paper,,,,Yes
CCS-2016-79,"Twice the Bits, Twice the Trouble: Vulnerabilities Induced by Migrating to 64-Bit Platforms",https://dl.acm.org/authorize.cfm?key=N14374,CCS,2016,No,Yes,Source code of Debian stable (â€œJessieâ€ù) and 200 popular open-source projects hosted on GitHub,Yes,No,\,Yes,"Found vulnerabilities related to integers, migrating from 32 bit and larger address space",Yes,\,Data in paper,,,,Yes
CCS-2016-81,Chainsaw: Chained Automated Workflow-based Exploit Generation,http://delivery.acm.org/10.1145/2980000/2978380/p641-alhuzali.pdf?ip=129.244.146.30&id=2978380&acc=OPENTOC&key=F82E6B88364EF649%2E7A1E49A63A6E1C24%2E4D4702B0C3E38B35%2E9F04A3A78F7D3B8D&CFID=721586692&CFTOKEN=12068136&__acm__=1487603940_efa8e74bff8f74ab8e305ec92148c462,CCS,2016,No,Yes,"9 open source applications (myBloggie (2.1.4), scarf beta, DNScript, WeBid (0.5.4), Eve(1.0), schoolmate (1.5.4), geccbblite (0.1), faqforge (1.3.2), webchess (0.9))",Yes,No,\,Yes,199 first- and second-order injection exploits,Only a few were discussed,\,Some specific exploits in data paper,,,,Yes
CCS-2016-89,An In-Depth Study of More Than Ten Years of Java Exploitation,https://dl.acm.org/authorize.cfm?key=N14393,CCS,2016,No,Yes,"87 publicly available Java exploits (Metasploit (22 exploits), Exploit-DB (2), Packet  Storm (5),  from  the security research company Security Explorations (52), and an  online  repository  for  Java  exploits) and associated CVE identifiers",Yes,No,"https://github.com/rapid7/metasploit-framework/tree/master/external/source/exploitshttps://www.exploit-db.comhttps://packetstormsecurity.comhttp://www.security-explorations.com/en/SE-2012-01-poc.htmlhttps://bitbucket.org/bhermann/java-exploit-library",Yes,List of exploits,Yes,No,https://github.com/pholzinger/exploitstudy,,,,Yes
IMPACT_DB-01,Spectral Fractal Dimension Trajectory to Measure Cognitive Complexity of Malicious DNS Traffic,http://worldcomp-proceedings.com/proc/p2016/SAM3798.pdf,SAM,2016,No,Yes,"Data set from PREDICT USA which contains  traces of a DNS distributed denial of service attack (DDOS), Data set from CAIDA USA which contains internet traces from optical fiber internet connectivity from 2002 and 2003",Yes,Yes USC-Lander,\,Yes,Data set from our experiment in which a PCAP file is captured from a lab computer which is being used for browsing and software development for the cyber security project,No,\,\,,"USC/Lander  -  Scrambled  Internet  Measurement,  PREDICT ID USC-Lander",,Yes
IMPACT_DB-18,Uncovering Network Tarpits with Degreaser,http://dl.acm.org/citation.cfm?id=2664285,,2014,Yes,Yes,"Scan of the /24 network by attempting to establish TCP connections to each IP address in the subnet and capture the packets for further analysis, additional scans of the internet",Yes,Yes           DS-439,https://scans.io/study/sonar.http                                                                        http://www.isi.edu/ant/address/                                                          http://www.caida.org/data/passive/passive_2013_dataset.xml,Yes,107 different tarpit subnetworks ranging in size from /16 (with up to 2^16 fake hosts) to /24 (with up to 2^8 fake hosts),No,\,\,,,http://www.caida.org/data/passive/passive_2013_dataset.xml,Yes
IMPACT_DB-21,An Empirical Comparison of Botnet Detection Methods,https://pdfs.semanticscholar.org/eabb/a0b46f4325d28d6e02f4ebbf70f40a1263a5.pdf,,2014,No,Yes,"Three Botnet datasets until May 16th, 2013, Witty Botnet in pcap format, datasets with responses to spoofed DoS traffic and anomalous packets, custom botnet dataset was created to verify five P2P botnet detection algorithms, etc",Yes,Yes          DS-384,Table in paper,Yes,Public botnet dataset,Yes,No,https://mcfp.felk.cvut.cz/,,,https://www.predict.org/Default.aspx?tabid=104  http://www.caida.org/data/passive/witty_worm_dataset.xml,Yes
IMPACT_DB-23,Toward Understanding Distributed Blackhole Placement,http://dl.acm.org/citation.cfm?id=1029627,WORM 2004,2004,No,Yes,BGP updates data from RouteViews BGP monitor,Yes,Yes               //DS-384,\,Yes,"Three  successively more specific views of traffic to a network of distributed blackhole sensors. The data was recorded over a one month period with SYN responders on TCP port 135, 445, 4444, and 9996 across all sensors",Yes,DS-026,\,,,,Yes
IMPACT_DB-22,Measuring IPv6 Adoption,http://web.engr.illinois.edu/~mdbailey/publications/sigcomm14_ipv6.pdf,SIGCOMM,2014,Yes,Yes,"RIR Address Allocations Jan 2004 â€“ Jan 2014â‰ˆ18K allocation snapshots (5 daily), Routing: Route Views Jan 2004 â€“ Jan 2014 45,271 BGP table snapshots, Routing: RIPE Jan 2004 â€“ Jan 2014, Google IPv6 Client Adoption Sep 2008 â€“ Dec 2013 millions of daily global samples, Verisign TLD Zone Files Apr 2007 â€“ Jan 2014 daily snapshots ofâ‰ˆ2.5 million A+AAAA glue records (.com & .net), CAIDA Ark Performance Data Dec 2008 â€“ Dec 2013â‰ˆ10 million IPs probed daily, Arbor Networks ISP Traffic Data Mar 2010 â€“ Dec 2013â‰ˆ33-50% of global Internet traffic; 2013 daily median: 50 terabits/sec (avg.),Verisign TLD Packets: IPv4 Jun 2011 â€“ Dec 2013 4 global sites, 5 of 13 gTLD NS letters (.com/.net),â‰ˆ4.5Bn queries, Verisign TLD Packets: IPv6Jun 2011 â€“ Dec 2013 15 global sites, both gTLD NS letters (.com/.net) w/IPv6, 647M queries, Alexa Top Host Probing Apr 2011 â€“ Dec 2013 10,000 servers probed twice/month",Yes,No,Table in paper,No,\,\,\,\,,,,Yes
IMPACT_DB-33,Understanding Address Usage in the Visible Internet,http://www.isi.edu/~johnh/PAPERS/Cai09b.pdf,USC/ISI Technical Report,2009,No,Yes,"Internet ICMP surveys, 4.4M IP addresses probed the ping survey Nearly half of these (2.2M) have hostnames in the ISC reverse DNS survey",Yes,"DS-037, DS-074?",\,,,,ITUSC,,,"J. Heidemann, Y. Pradkin, R. Govindan, C. Papadopoulos, G. Bartlett, and J. Bannister. Census and survey of the visible internet. In Proceedings of the ACM Internet Measurement Conference, pages 169â€“182, Vouliagmeni, Greece, October 2008. ACM",,Yes
CCS-2016-68,Deep Learning with Differential Privacy,https://dl.acm.org/authorize.cfm?key=N14365,CCS,2016,No,Yes,"The  popular image datasets: MNISTand CIFAR-10","Yes",No,\,No,\,\,\,"\",,,,Yes
CCS-2016-69,Membership Privacy in MicroRNA-based Studies,https://dl.acm.org/authorize.cfm?key=N14366,CCS,2016,No,Yes,"The dataset containing more than 1,000 miRNA ex-pression profiles publicly available in the gene expression omnibus (GEO) database under reference GSE6174","Yes",No,\,No,\,\,\,\,,,,Yes
CCS-2016-70,TaintART: A Practical Multi-level Information-Flow Tracking System for Android RunTime,https://dl.acm.org/authorize.cfm?key=N14367,CCS,2016,No,Yes,"Test  popular  apps  in  the â€œtop  chartâ€ù  downloaded  from  the Google official market (Google Play) in May 2016, Android Compatibility Test Suite (CTS) in6.0_r5 version","Yes",No,\,No,\,\,\,\,,,,Yes
CCS-2016-71,Statistical Deobfuscation of Android Applications,https://dl.acm.org/authorize.cfm?key=N14368,CCS,2016,No,Yes,"1784 non-obfuscated Android applications from F-Droid, one sample from each of the 49 malware families","Yes",No,\,No,\,\,\,\,,,,Yes
CCS-2016-72,Reliable Third-Party Library Detection in Android and its Security Applications,https://dl.acm.org/authorize.cfm?key=N14369,CCS,2016,No,Yes,"Comprehensive repository of third-party libraries and applications containing 164 libraries of different categories and a total of 2,065 versions, version histories for the top 50 apps of each category on Play between Sep 2015 and July 2016, accumulating to 96,995 packages from 3,590 apps, meta-information, such as app and library release dates, API misuse vulnerabilities","Yes (API vulnerabilities, meta-information) and No",No,\,Yes,"360 affected packages from 23 distinct apps with vulnerability of Dropbox SDK versions 1.5.4 and 1.6.1,  394 affected packages from 51 distinct apps with an account hijacking vulnerability, 667 app versions of 296 distinct apps with a cumulative install-base of 3.7bn using ad libs with verified crypto misuse",No,\,\,,,,Yes
CCS-2016-74,A Systematic Analysis of the Juniper Dual EC Incident,https://dl.acm.org/authorize.cfm?key=N14378,CCS,2016,No,Yes,"ScreenOS 6.2 PRNG cascade subroutines version 6.2.0r14.0 and 6.2.0r15.0,  Internet-wide scan of all IPv4 addresses on port 500, with various messages sent/recieved with certain criteria",Yes/No,No,\,No,\,\,\,\,,,,Yes
CCS-2016-80," Measurement and Analysis ofPrivate Key Sharing in the HTTPS Ecosystem",https://dl.acm.org/authorize.cfm?key=N14381,CCS,2016,No,Yes," SSL certificates from full IPv4 scans, full IPv4 reverse DNS scans, Route-Views datasets,   CAIDAâ€™s  AS-to-Organization  dataset, WHOIS data ,  3,275,635 self-managed and 1,781,962outsourced leaf certificates",Yes/No,No,https://securepki.org                                                                                                                                                                                                                            http://bulkwhoisapi.com/                                                                                                                                                                                                  https://www.whoisxmlapi.com/,No,\,\,\,\,,,,Yes
IMPACT_DB-02,Towards Characterizing International Routing Detours,https://arxiv.org/pdf/1606.05047.pdf,,2016,No,Yes,"MaxMind GeoLite City (free and paid), RIPE Atlas, CAIDA AS Relationship, XP websites, PeeringDB, PCH, CAIDA ITDK, iPlane, CAIDA Ark, iPlane,OpenIPMap, RIPE Atlas Measurements, RouteViews, RIPE, RIS",Yes/No,Yes             DS-577,\,No,\,\,\,\,,,http://www.caida.org/data/internet-topology-data-kit/,
IMPACT_DB-12,How and How Much Traceroute Confuses Our Understanding of Network Paths,http://wpage.unina.it/pescape/doc/routerpaths_lanman2016.pdf,,2016,No,Yes,"List  of  102,404 reachable  destinations  in  different 16  prefixes  we  obtained from the PREDICT project. Our dataset contains more than 900 thousand IP-level (multi)routes and 324,313 IP addresses",Yes/No,Yes             DS-413,\,No,\,\,\,\,,PREDICT  ID  USC-LANDER  internet-address-hitlist-it56w-20130917,,
IMPACT_DB-13,Network Topology Inference With Partial Information,http://ieeexplore.ieee.org/stamp/stamp.jsp?arnumber=7140827&tag=1,,2015,No,Yes,"ICMP, UDP, and TCP Traceroute to probe the paths to a set of 100 destination websites from a source located on the Pennsylvania State University South Campus, Au-tonomous System (AS) topologies from both the Rocketfuel and the CAIDA projects",Yes/No,Yes,\,No,\,\,\,\,,,http://www.caida.org/data/active/internet-topology-data-kit/,
IMPACT_DB-14,Detecting Malicious Activity with DNS Backscatter,http://conferences.sigcomm.org/imc/2015/papers/p197.pdf,IMC on Internet Measurements,2015,Yes,Yes,".jp country code domain for Japan from all seven of their anycast sites, root  datasets  from the short-term, complete (unsampled) observations taken as part of the 2014 DITL collection [16 ] (for B-Root,  shortly after 2014 DITL), data for M-Rootâ€™s 2015 DITL collection, 9  months  of  data taken  at  the  M-Root  server sampled with only 1 out of every 10 queries in deterministic manner, 5-month  unsampled  dataset  (B-long)  taken  from  B-Root",Yes/No,Yes,\,No,\,\,\,\,," USC/LANDER project. Internet address census, datasets internet_address_census it63w, it63c, it63j, it63g, it64w, it64c, it64j, it64g. web page http://www.isi.edu/ant/lander, January (it63) and April (it64) 2015.",,
IMC-2013-01,Revealing Middlebox Interference with Tracebox,http://conferences.sigcomm.org/imc/2013/papers/imc032s-detalA.pdf,IMC,2013,No,Yes,"top 5,000 Alexa web sites, deployed tracebox on PlanetLab, using 72 machines as vantage points (VPs). Each VP had a target list of 5,000 items build with the top 5,000 Alexa web sites",Yes/No,No,\,No,\,\,\,\,,,,Yes
IMC-2013-02,Speedtrap: Internet-Scale IPv6 Alias Resolution,http://conferences.sigcomm.org/imc/2013/papers/imc40s-luckieAemb.pdf,IMC,2013,Yes,Yes,"CAIDAâ€™s Archipelago (Ark) infrastructure for March 2013, validation of the aliases using RANCID, STP-1, STP-2 and AP",Population Enumeration (Yes),No,http://www.caida.org/projects/ark/    http://www.shrubbery.net/rancid/,Yes,"probe at a low rate of 20pps from a single VP, producing 26Kbps of traffic, evaluation of interfaces using their product to identify aliases","Topology/Scan Data, Population Enumeration (No)",No,\,,,,Yes
IMC-2013-03,Understanding IPv6 Internet Background Radiation,http://conferences.sigcomm.org/imc/2013/papers/imc027-czyzA.pdf,IMC,2013,Yes,Yes,"BGP announcements across /12 IPv6 block from 5 RIRs (from /13 and /14 from RIPE NCC), Alexa top 1M domains, network probes of prefixes for four serves to find different types of packets, single week of IPv4 background radiation capture","Topology/Scan Data, Population Enumeration (Yes) , Topology/Scan Data, Attacks",No,"http://s3.amazonaws.com/alexa-static/top-1m.csv.zip",No,\,\,\,\,,,,Yes
IMC-2013-04,Understanding the Domain Registration Behavior of Spammers,http://conferences.sigcomm.org/imc/2013/papers/imc247-haoA.pdf,IMC,2013,No,Yes,"DNZA file captures, WHOIS information, creation of a spam trap to collect spam, URIBL, SURBL, Spamhaus DBL (all three DNS blacklists)","Population Enumeration, Topolgy/Scan Data, Attacks, Attacks (x3)",No,\,No,\,\,\,\,,,,Yes
IMC-2013-05,A Fistful of Bitcoins: Characterizing Payments Among Men with No Names,http://conferences.sigcomm.org/imc/2013/papers/imc182-meiklejohnA.pdf,IMC,2013,No,Yes,Engaged in transactions with random bitcoin users to gain their addresses with suplementary info from forums and websites (bitcointalk and blockchain),Population Enumeration,No,"blockchain.info/tags    bitcointalk.org",No,\,\,\,\,,,,Yes
IMC-2013-06,Follow the Money,http://conferences.sigcomm.org/imc/2013/papers/imc184s-gillAemb.pdf,IMC,2013,No,Yes,"HTTP, mHTTp, and Univ traffic",Topology/Scan Data (x3),No,\,No,\,\,\,\,,,,Yes
CCS-2013-01,Unauthorized origin crossing on mobile platforms: threats and mitigation,http://doi.acm.org/10.1145/2508859.2516727,CCS,2013,No,No,\,\,\,\,No,(two attacks),\,\,\,,,,