Name,URL,Conf.,Year,Used,Description,Produced,Description,Data,PDF_file_name
"Geolife: A collaborative social networking service among user, location and trajectory.",http://sites.computer.org/debull/A10june/geolife.pdf,Bulletin of the IEEE Computer Society Technical Committee on Data Engineering,2010,No,\,Yes,\,Non-data,geolife.pdf
SFADiff: Automated Evasion Attacks and Fingerprinting Using Black-box Differential Automata Learning,https://dl.acm.org/authorize.cfm?key=N14464,CCS,2016,No,\,No,\,Non-data,06547124.pdf
Have we Crossed the Line? The Growing Ethical Debate in Modern Computer Security Research,http://www.sigsac.org/ccs/CCS2009/pd/abstract_22.pdf,CCS,2009,No,\,No,\,Non-data,abstract_22.pdf
"Frodo: Take off the Ring! Practical, Quantum-Secure Key Exchange from LWE",https://dl.acm.org/authorize.cfm?key=N14319,CCS,2016,No,\,No,\,Non-data,p1006-bos-1.pdf
On Code Execution Tracking via Power Side-Channe,https://dl.acm.org/authorize.cfm?key=N14310,CCS,2016,Yes,\,No,\,Non-data,p1019-liu.pdf
Coverage-based Greybox Fuzzing as Markov Chain,https://dl.acm.org/authorize.cfm?key=N14311,CCS,2016,No,\,No,\,Non-data,p1032-bohme.pdf
Draco: A System for Uniform and Fine-grained Access Control for Web Code on Android,https://dl.acm.org/authorize.cfm?key=N14249,CCS,2016,No,\,No,\,Non-data,p104-tuncay.pdf
Error Handling of In-vehicle Networks Makes Them Vulnerable,https://dl.acm.org/authorize.cfm?key=N14312,CCS,2016,No,\,No,\,Non-data,p1044-cho.pdf
Using Reflexive Eye Movements for Fast Challenge-Response Authentication,https://dl.acm.org/authorize.cfm?key=N14313,CCS,2016,No,\,Yes,a series of systematic user experiments with 30 participants from the general public,Data,p1056-sluganovic.pdf
When CSI Meets Public WiFi: Inferring Your Mobile Phone Password via WiFi Signals,https://dl.acm.org/authorize.cfm?key=N14314,CCS,2016,No,\,Yes,We collected training and testing data from 10 volunteers.,Data,p1068-li.pdf
VoiceLive: A Phoneme Localization based Liveness Detection for Voice Authentication on Smartphones,https://dl.acm.org/authorize.cfm?key=N14325,CCS,2016,No,\,Yes,We conduct extensive experiments with 12 participants,Data,p1080-zhang.pdf
Limiting the Impact of Stealthy Attacks on Industrial Control Systems,https://dl.acm.org/authorize.cfm?key=N14326,CCS,2016,Yes,network data we collected from an operational large-scale Supervisory Control and Data Acqui- sition (SCADA),No,\,Data,p1092-urbina.pdf
Over-The-Top Bypass: Study of a Recent Telephony Fraud,https://dl.acm.org/authorize.cfm?key=N14327,CCS,2016,Yes,\,Yes,"performed more than 15,000 test calls during 8 months",Data,p1106-sahin.pdf
New Security Threats Caused by IMS-based SMS Service in 4G LTE Networks,https://dl.acm.org/authorize.cfm?key=N14328,CCS,2016,No,\,Yes,\,Non-data,p1118-tu.pdf
POPE: Partial Order Preserving Encoding,https://dl.acm.org/authorize.cfm?key=N14329,CCS,2016,Yes, 2 million public employee salary figures,No,\,Data,p1131-roche.pdf
ä£o__o_____ Forward Secure Searchable Encryption,https://dl.acm.org/authorize.cfm?key=N14320,CCS,2016,Yes,English Wikipedia,No,\,Data,p1143-bost.pdf
What Else is Revealed by Order-Revealing Encryption?,https://dl.acm.org/authorize.cfm?key=N14321,CCS,2016,Yes,"We use two real geographic datasets Cal, SpitzLoc|The dataset Cal represents the latitude and longitude of|The dataset SpitzLoc consists of latitude and longitude",No,\,Data,p1155-durak.pdf
Strong Non-Interference and Type-Directed Higher-Order Masking,https://dl.acm.org/authorize.cfm?key=N14240,CCS,2016,No,\,No,\,Non-data,p116-barthe.pdf
"Order-Revealing Encryption: New Constructions, Applications, and Lower Bounds",https://dl.acm.org/authorize.cfm?key=N14322,CCS,2016,No,\,No,\,Non-data,p1167-lewi.pdf
Practical Anonymous Password Authentication and TLS with Anonymous Client Authentication,https://dl.acm.org/authorize.cfm?key=N14323,CCS,2016,No,\,No,\,Non-data,p1179-zhang.pdf
Efficient Cryptographic Password Hardening Services from Partially Oblivious Commitments,https://dl.acm.org/authorize.cfm?key=N14324,CCS,2016,No,\,No,\,Non-data,p1192-schneider.pdf
A Comprehensive Formal Security Analysis of OAuth 2.0,https://dl.acm.org/authorize.cfm?key=N14335,CCS,2016,No,\,No,\,Non-data,p1204-fett.pdf
An Empirical Study of Mnemonic Sentence-based Password Generation Strategies,https://dl.acm.org/authorize.cfm?key=N14336,CCS,2016,Yes,We evaluate the method on the sentences and passwords|as well as two commonly used datasets Yahoo and| Markov Model trained on Rockyou dataset,No,\,Data,p1216-yang.pdf
On the Security of Cracking-Resistant Password Vaults,https://dl.acm.org/authorize.cfm?key=N14337,CCS,2016,Yes,"To the best of our knowledge, PBVault is the only publicly available list of password vaults.| The RockYou list contains 32 million plaintext passwords.|The Gmail list contains over 5 million Google Mail credentials|it contains around 450 thousand passwords|The MySpace list contains around 55,000 passwords",No,\,Data,p1230-golla.pdf
Targeted Online Password Guessing: An Underestimated Threat,https://dl.acm.org/authorize.cfm?key=N14338,CCS,2016,Yes,Basic information about our 10 password datasets,Yes," we build PII-Dodonew with size 161,510 by matching Dodonew with 51job and 12306 using email address, and | PII-000webhost with size 2,950 by matching 000webhost with Rootkit.| we further build three lists of password pairs for Chinese users by matching Dodonew and CSDN with the two PII-associated Chinese password lists using email address",Data,p1242-wang.pdf
PIPSEA: A Practical IPsec Gateway on Embedded APUs,https://dl.acm.org/authorize.cfm?key=N14339,CCS,2016,No,\,No,\,Non-data,p1255-park.pdf
MiddlePolice: Toward Enforcing Destination-Defined Policies in the Middle of the Internet,https://dl.acm.org/authorize.cfm?key=N14330,CCS,2016,Yes,including 52680 ASes and their business relationships,No,\,Data,p1268-liu.pdf
Protecting Insecure Communications with Topology-aware Network Tunnels,https://dl.acm.org/authorize.cfm?key=N14331,CCS,2016,Yes,"we evaluated 10,000 popular web domains according to Alexa",Yes,"Our final list, including the initial domains",Data,p1280-kontaxis.pdf
Function Secret Sharing: Improvements and Extensions,https://dl.acm.org/authorize.cfm?key=N14332,CCS,2016,No,\,No,\,Non-data,p1292-boyle.pdf
MERS: Statistical Test Generation for Side-Channel Analysis based Trojan Detection,https://dl.acm.org/authorize.cfm?key=N14241,CCS,2016,No,\,No,\,Non-data,p130-huang.pdf
"Hash First, Argue Later",https://dl.acm.org/authorize.cfm?key=N14333,CCS,2016,No,\,No,\,Non-data,p1304-fiore.pdf
Practical Non-Malleable Codes from `-more Extractable Hash Functions,https://dl.acm.org/authorize.cfm?key=N14334,CCS,2016,No,\,No,\,Non-data,p1317-kiayias.pdf
Generic Attacks on Secure Outsourced Databases,https://dl.acm.org/authorize.cfm?key=N14457,CCS,2016,Yes,518 datasets from the Texas Hospital Inpatient Discharge Public Use Data|and the 1049 datasets from the 2009 HCUP Nationwide Inpatient Sample,No,\,Data,p1329-kellaris.pdf
"The Shadow Nemesis: Inference Attacks on Efficiently Deployable, Efficiently Searchable Encryption",https://dl.acm.org/authorize.cfm?key=N14458,CCS,2016,Yes, The Enron email corpus [20] includes real emails|The Ubuntu Chat Corpus [30] is composed of archived chat logs,No,\,Data,p1341-pouliot.pdf
Breaking Web Applications Built On Top of Encrypted Data,https://dl.acm.org/authorize.cfm?key=N14459,CCS,2016,Yes,"a dictionary of 354,986 English words|using several years worth of Ubuntu IRC logs",No,\,Data,p1353-grubbs.pdf
Content Security Problems?,https://dl.acm.org/authorize.cfm?key=N14348,CCS,2016,Yes,we collect the CSP headers from the Alexa Top 1M websites| built a dataset of CSP violations,No,\,Data,p1365-calzavara.pdf
"CSP Is Dead, Long Live CSP! On the Insecurity of Whitelists and the Future of Content Security Policy",https://dl.acm.org/authorize.cfm?key=N14349,CCS,2016,Yes,data set that is representative of the web as a whole: a search index consisting of about 6.5 petabytes of data,No,\,Data,p1376-weichselbaum.pdf
Online Tracking: A 1-million-site Measurement and Analysis,https://dl.acm.org/authorize.cfm?key=N14340,CCS,2016,Yes,All of our measurements use the Alexa top 1 million site list| use two popular tracking-protection lists for this purpose: EasyList and | EasyPrivacy,No,\,Data,p1388-englehardt.pdf
Cross-Site Search Attacks,http://dl.acm.org/citation.cfm?doid=2810103.2813688,CCS,2015,No,\,Yes,We implemented and evaluated the attacks against,Data,p1394-gelernter.pdf
PhishEye: Live Monitoring of Sandboxed Phishing Kits,https://dl.acm.org/authorize.cfm?key=N14341,CCS,2016,Yes,We collected 643 unique phishing kits,No,\,Data,p1402-han.pdf
All Your DNS Records Point to Us,https://dl.acm.org/authorize.cfm?key=N14342,CCS,2016,Yes,choose a snapshot of Alexas top 1 million domain list| we use the DNS tool dig to retrieve the DNS records,No,\,Data,p1414-liu.pdf
Private Circuits III: Hardware Trojan-Resilience via Testing Amplification,https://dl.acm.org/authorize.cfm?key=N14242,CCS,2016,No,\,No,\,Non-data,p142-dziembowski.pdf
Identifying the Scan and Attack Infrastructures Behind Amplification DDoS Attacks,https://dl.acm.org/authorize.cfm?key=N14343,CCS,2016,Yes,"our modified AmpPot version observed 1,351,852 attacks, |our dataset contained TTL values for 168 distinct sources for five measurements",No,\,Data,p1426-krupp.pdf
A Unilateral-to-Mutual Authentication Compiler for Key Exchange (with Applications to Client Authentication in TLS 1.3) ___,https://dl.acm.org/authorize.cfm?key=N14344,CCS,2016,No,\,No,\,Non-data,p1438-krawczyk.pdf
Attribute-based Key Exchange with General Policies,https://dl.acm.org/authorize.cfm?key=N14455,CCS,2016,No,\,No,\,Non-data,p1451-kolesnikov.pdf
Identity-Concealed Authenticated Encryption and Key Exchange,https://dl.acm.org/authorize.cfm?key=N14456,CCS,2016,No,\,No,\,Non-data,p1464-zhao.pdf
A Surfeit of SSH Cipher Suites,https://dl.acm.org/authorize.cfm?key=N14345,CCS,2016,Yes,two IPv4-address-space-wide scans for SSH servers using ZGrab/ZMap|We found about 224 servers in each scan.| also randomly sampled 2048 IPs ,No,\,Data,p1480-albrecht.pdf
Systematic Fuzzing and Testing of TLS Libraries,https://dl.acm.org/authorize.cfm?key=N14346,CCS,2016,No,\,No,\,Non-data,p1492-somorovsky.pdf
Attacking OpenSSL Implementation of ECDSA with a Few Signatures,https://dl.acm.org/authorize.cfm?key=N14347,CCS,2016,No,\,No,\,Non-data,p1505-fan.pdf
Host of Troubles: Multiple Host Ambiguities in HTTP Implementations,https://dl.acm.org/authorize.cfm?key=N14450,CCS,2016,Yes,We brought 1.5 million advertising im- pressions,No,\,Data,p1516-chen.pdf
Accessorize to a Crime: Real and Stealthy Attacks on State-of-the-Art Face Recognition,https://dl.acm.org/authorize.cfm?key=N14451,CCS,2016,Yes,"roughly 1000 images per celebrity for training, for a total of about 2.6M images.",No,\,Data,p1528-sharif.pdf
Maneuvering Around Clouds: Bypassing Cloud-based Security Providers,http://dl.acm.org/citation.cfm?doid=2810103.2813633,CCS,2015,Yes,Alexa top 1 million|the publicly available data of ,Yes,we conduct a large-scale analysis in which we attempt to uncover the origin of CBSP-protected domains.,Data,p1530-vissers.pdf
On the Instability of Bitcoin Without the Block Reward,https://dl.acm.org/authorize.cfm?key=N14243,CCS,2016,No,\,No,\,Non-data,p154-carlsten.pdf
Lurking Malice in the Cloud: Understanding and Detecting Cloud Repository as a Malicious Service,https://dl.acm.org/authorize.cfm?key=N14452,CCS,2016,Yes,The good buckets were gathered from the Alexa top 3K websites|we visited each website using a crawler,Yes,"BarFinder reported 730 suspi- cious repositories|These Bars were found to directly serve 156,608 domains",Data,p1541-liao.pdf
Safely Measuring Tor,https://dl.acm.org/authorize.cfm?key=N14453,CCS,2016,Yes,We collected Tor mea- surements in multiple rounds of different lengths,No,\,Data,p1553-jansen.pdf
PREDATOR: Proactive Recognition and Elimination of Domain Abuse at Time-Of-Registration,https://dl.acm.org/authorize.cfm?key=N14454,CCS,2016,Yes,"We collect authoritative nameservers for the domains within five minutes of domain registrations| We use the mapping dataset from iPlane to map the IP addresses to Autonomous System numbers|Our primary dataset consists of changes made to the .com zone| exclusive blacklisted .com domains (i.e., not reported by other feeds) on Spamhaus, | URIBL, and |  our spam trap number 24,015, 4,524, and 442 respectively",No,\,Data,p1568-hao.pdf
Stemming Downlink Leakage from Training Sequences in Multi-User MIMO Networks,https://dl.acm.org/authorize.cfm?key=N14465,CCS,2016,No,\,No,\,Non-data,p1580-mao.pdf
A Protocol for Privately Reporting Ad Impressions at Scale,https://dl.acm.org/authorize.cfm?key=N14466,CCS,2016,No,\,No,\,Non-data,p1591-green.pdf
Secure Stable Matching at Scale,https://dl.acm.org/authorize.cfm?key=N14467,CCS,2016,Yes,dataset designed to model the 2016 national medical residency match,No,\,Data,p1602-doerner.pdf
BeleniosRF: A Non-interactive Receipt-Free Electronic Voting Scheme,https://dl.acm.org/authorize.cfm?key=N14468,CCS,2016,No,\,No,\,Non-data,p1614-chaidos.pdf
ECDSA Key Extraction from Mobile Devices via Nonintrusive Physical Side Channels,https://dl.acm.org/authorize.cfm?key=N14469,CCS,2016,Yes, leakage of 5000 OpenSSL ECDSA signatures executed on an iPhone 3GS,No,\,Data,p1626-genkin.pdf
___Make Sure DSA Signing Exponentiations Really are Constant-Time,https://dl.acm.org/authorize.cfm?key=N14460,CCS,2016,Yes,collect 580 SM sequences from TLS handshakes and 260 from SSH,No,\,Data,p1639-pereida-garcia.pdf
On the Provable Security of (EC)DSA Signatures,https://dl.acm.org/authorize.cfm?key=N14461,CCS,2016,No,\,No,\,Non-data,p1651-fersch.pdf
Android ION Hazard: the Curse of Customizable Memory Management System,https://dl.acm.org/authorize.cfm?key=N14462,CCS,2016,Yes,"We have analyzed 17 Android devices in total,",No,\,Data,p1663-zhang.pdf
Drammer: Deterministic Rowhammer Attacks on Mobile Platforms,https://dl.acm.org/authorize.cfm?key=N14463,CCS,2016,No,\,No,\,Non-data,p1675-van-der-veen.pdf
Transparency Overlays and Applications,https://dl.acm.org/authorize.cfm?key=N14244,CCS,2016,No,\,No,\,Non-data,p168-chase.pdf
A Secure Sharding Protocol For Open Blockchains,https://dl.acm.org/authorize.cfm?key=N14232,CCS,2016,No,\,No,\,Non-data,p17-luu.pdf
Slitheen: Perfectly Imitated Decoy Routing through Traffic Replacement,https://dl.acm.org/authorize.cfm?key=N14475,CCS,2016,Yes,"visited the Alexa8 top 10,000 TLS sites",No,\,Data,p1702-bocovich.pdf
Practical Censorship Evasion Leveraging Content Delivery Networks,https://dl.acm.org/authorize.cfm?key=N14476,CCS,2016,Yes,"we browse the top 10,000 Alexa websites from 20 geographically-dispersed Planetlab|We find that all insecure edge servers of Akamai respond correctly to HTTPS requests",No,\,Data,p1715-zolfaghari.pdf
GAME OF DECOYS: Optimal Decoy Routing Through Game Theory,https://dl.acm.org/authorize.cfm?key=N14477,CCS,2016,Yes,We use CAIDAs Jan 2016 AS relationships database| We use GeLite2 geo-location database| We use CAIDAs AS rank dataset| We use the OEC10 dataset |We use the DNS Census dataset,No,\,Data,p1727-nasr.pdf
EpicRec: Towards Practical Differentially Private Framework for Personalized Recommendation,https://dl.acm.org/authorize.cfm?key=N14355,CCS,2016,Yes,a movie rating dataset collected by the Grou-|a business rating data provided by RecSys Chal-|We use the MovieLens-,No,\,Data,p180-shen.pdf
Heavy Hitter Estimation over Set-Valued Data with Local Differential Privacy,https://dl.acm.org/authorize.cfm?key=N14356,CCS,2016,Yes,AOL search log dataset|Kosarak dataset,No,\,Data,p192-qin.pdf
AUDACIOUS: User-Driven Access Control with Unmodified Operating Systems,https://dl.acm.org/authorize?N14357,CCS,2016,No,\,Yes,1060 errors across 88 of the top 100 applications ,Data,p204-ringer.pdf
Mix&Slice: Efficient Access Revocation in the Cloud,https://dl.acm.org/authorize.cfm?key=N14358,CCS,2016,No,\,No,\,Non-data,p217-bacis.pdf
Safe Serializable Secure Scheduling: Transactions and the Trade-Off Between Security and Consistency,https://dl.acm.org/authorize.cfm?key=N14359,CCS,2016,No,\,No,\,Non-data,p229-sheff.pdf
ProvUSB: Block-level Provenance-Based Data Protection for USB Storage Devices,https://dl.acm.org/authorize.cfm?key=N14350,CCS,2016,No,\,No,\,Non-data,p242-tian.pdf
Making Smart Contracts Smarter,https://dl.acm.org/authorize.cfm?key=N14351,CCS,2016,Yes,"We ran Oyente on 19, 366 smart contracts from",Yes,\,Data,p254-luu.pdf
Town Crier: An Authenticated Data Feed for Smart Contracts,https://dl.acm.org/authorize.cfm?key=N14352,CCS,2016,No,\,No,\,Non-data,p270-zhang.pdf
The Ring of Gyges: Investigating the Future of Criminal Smart Contracts,https://dl.acm.org/authorize.cfm?key=N14353,CCS,2016,No,\,No,\,Non-data,p283-juels.pdf
DPSense: Differentially Private Crowdsourced Spectrum Sensing,https://dl.acm.org/authorize.cfm?key=N14354,CCS,2016,Yes,We use the CRAWDAD dataset roma/taxi,No,\,Data,p296-jin.pdf
On the Security and Performance of Proof of Work Blockchains,https://dl.acm.org/authorize.cfm?key=N14231,CCS,2016,No,\,No,\,Non-data,p3-gervais.pdf
Deep Learning with Differential Privacy,https://dl.acm.org/authorize.cfm?key=N14365,CCS,2016,Yes,and results on two popular image datasets: MNIST and CIFAR-10,No,\,Data,p308-abadi.pdf
The Honey Badger of BFT Protocols,https://dl.acm.org/authorize.cfm?key=N14233,CCS,2016,No,\,No,\,Non-data,p31-miller.pdf
Membership Privacy in MicroRNA-based Studies,https://dl.acm.org/authorize.cfm?key=N14366,CCS,2016,Yes,"database under reference GSE61741. It con- tains the miRNA expression profiles of 1,049 individuals",No,\,Data,p319-backes.pdf
TaintART: A Practical Multi-level Information-Flow Tracking System for Android RunTime,https://dl.acm.org/authorize.cfm?key=N14367,CCS,2016,Yes,Apps in our dataset used for the case study are downloaded from the Google ,No,\,Data,p331-sun.pdf
Statistical Deobfuscation of Android Applications,https://dl.acm.org/authorize.cfm?key=N14368,CCS,2016,Yes,1784 non-obfuscated Android applications|49 mal- ware families,No,\,Data,p343-bichsel.pdf
Reliable Third-Party Library Detection in Android and its Security Applications,https://dl.acm.org/authorize.cfm?key=N14369,CCS,2016,Yes,Our library set contains 164 libraries|collected and tracked the version,Yes,360 affected packages from 23 distinct apps|394 affected packages from 51 distinct apps|667 app versions of 296 distinct apps,Data,p356-backes.pdf
Prefetch Side-Channel Attacks: Bypassing SMAP and Kernel ASLR,https://dl.acm.org/authorize.cfm?key=N14360,CCS,2016,No,\,No,\,Non-data,p368-gruss.pdf
Breaking Kernel Address Space Layout Randomization with Intel TSX,https://dl.acm.org/authorize.cfm?key=N14361,CCS,2016,No,\,No,\,Non-data,p380-jang.pdf
Enforcing Least Privilege Memory Views for Multithreaded Applications,https://dl.acm.org/authorize.cfm?key=N14362,CCS,2016,No,in Alexa top one million websites ,No,\,Data,p393-hsu.pdf
Improvements to Secure Computation with Penalties,https://dl.acm.org/authorize.cfm?key=N14363,CCS,2016,No,\,No,\,Non-data,p406-kumaresan.pdf
Amortizing Secure Computation with Penalties,https://dl.acm.org/authorize.cfm?key=N14364,CCS,2016,No,\,No,\,Non-data,p418-kumaresan.pdf
VCCFinder: Finding Potential Vulnerabilities in Open-Source Projects to Assist Code Audits,http://dl.acm.org/citation.cfm?doid=2810103.2813604,CCS,2015,Yes,"Our heuristic maps the 718 CVEs of our dataset to 640 VCCs. |we have a large set of 169,502 unclassified commits.|we use the years 2011| Common Weakness Enumeration (CVE) database",Yes,"the first large-scale mapping of CVEs to GitHub commits|We created a large test database containing 66 C and C++ project with 170,860 commits on",Data,p426-perl.pdf
Differential Privacy as a Mutual Information Constraint,https://dl.acm.org/authorize.cfm?key=N14234,CCS,2016,No,\,No,\,Non-data,p43-cuff.pdf
MPC-Friendly Symmetric Key Primitives,https://dl.acm.org/authorize.cfm?key=N14375,CCS,2016,No,\,No,\,Non-data,p430-grassi.pdf
Message-Recovery Attacks on Feistel-Based Format Preserving Encryption,https://dl.acm.org/authorize.cfm?key=N14376,CCS,2016,No,\,No,\,Non-data,p444-bellare.pdf
Security by Any Other Name: On the Effectiveness of Provider Based Email Security,http://dl.acm.org/citation.cfm?doid=2810103.2813607,CCS,2015,No,Alexa top million Web sites,Yes,"We created the set of popular email providers based on the top 1 million email address domains|We found that while more than half of the top 20,000 receiving",Data,p450-foster.pdf
On the Practical (In-)Security of 64-bit Block Ciphers Collision Attacks on HTTP over TLS and OpenVPN,https://dl.acm.org/authorize.cfm?key=N14377,CCS,2016,Yes,we tested servers from Alexa|We identified 11483 different HTTPS servers,Yes,\,Data,p456-bhargavan.pdf
A Systematic Analysis of the Juniper Dual EC Incident,https://dl.acm.org/authorize.cfm?key=N14378,CCS,2016,Yes, Internet-wide scan of all IPv4 addresses on port 500,No,\,Data,p468-checkoway.pdf
Scalable Graph-based Bug Search for Firmware Images,https://dl.acm.org/authorize.cfm?key=N14379,CCS,2016,Yes,"we first collect a dataset which covers ACFGs of different functions from various architec- tures.|We prepared this dataset using BusyBox|These different compilation combinations resulted in a dataset|used the same public dataset based upon two publicly-available firmware images for baseline comparison|This dataset of 33,045 firmware images was collected from the wild.|we mined official software websites to collect lists of vulnerabilities with the corresponding CVE num- bers.|The resulting vulnerability database includes 154 vulnerable functions.",Yes,\,Data,p480-feng.pdf
SmartWalk: Enhancing Social Network Security via Adaptive Random Walks,https://dl.acm.org/authorize.cfm?key=N14370,CCS,2016,Yes,Stanford Large Network Dataset Collection,No,\,Data,p492-liu.pdf
High Fidelity Data Reduction for Big Data Security Dependency Analyses,https://dl.acm.org/authorize.cfm?key=N14371,CCS,2016,Yes,The data logs we used are col- lected from more than 30 machines,No,\,Data,p504-xu.pdf
TypeSan: Practical Type Confusion Detection,https://dl.acm.org/authorize.cfm?key=N14372,CCS,2016,No,\,No,\,Non-data,p517-haller.pdf
CREDAL: Towards Locating a Memory Corruption Vulnerability with Your Core Dump,https://dl.acm.org/authorize.cfm?key=N14373,CCS,2016,Yes,80 crashes  corresponding  to  73  memory  corruption  vulnerabilities archived in Offensive Security Exploit Database,No,\,Data,p529-xu.pdf
AUTOREB: Automatically Understanding the Review-to-Behavior Fidelity in Android Applications,http://dl.acm.org/citation.cfm?doid=2810103.2813689,CCS,2015,No,\,Yes,We crawled a real-world dataset,Data,p530-kong.pdf
"Twice the Bits, Twice the Trouble: Vulnerabilities Induced by Migrating to 64-Bit Platforms",https://dl.acm.org/authorize.cfm?key=N14374,CCS,2016,Yes,and 200 popular open-source projects hosted on GitHub,Yes,\,Data,p541-wressnegger.pdf
Advanced Probabilistic Couplings for Differential Privacy,https://dl.acm.org/authorize.cfm?key=N14245,CCS,2016,No,\,No,\,Non-data,p55-barthe.pdf
Alternative Implementations of Secure Real Numbers,https://dl.acm.org/authorize.cfm?key=N14385,CCS,2016,No,\,No,\,Non-data,p553-dimitrov.pdf
Garbling Gadgets for Boolean and Arithmetic Circuits,https://dl.acm.org/authorize.cfm?key=N14386,CCS,2016,No,\,No,\,Non-data,p565-ball.pdf
Seeing through Network-Protocol Obfuscation,http://dl.acm.org/citation.cfm?doid=2810103.2813715,CCS,2015,Yes,"Alexa Top 5,000 websites",Yes,"Each of these three datasets contains 30,000 traces collected as follows: | packet-level traces for Tor Pluggable Transport traffic collected in controlled environments.",Data,p57-wang.pdf
Optimizing Semi-Honest Secure Multiparty Computation for the Internet,https://dl.acm.org/authorize.cfm?key=N14387,CCS,2016,No,\,No,\,Non-data,p578-ben-efraim.pdf
MEMS Gyroscopes as Physical Unclonable Functions,https://dl.acm.org/authorize.cfm?key=N14388,CCS,2016,No,\,No,\,Non-data,p591-willers.pdf
On the Security and Usability of Segment-based Visual Cryptographic Authentication Protocols,https://dl.acm.org/authorize.cfm?key=N14389,CCS,2016,No,\,No,\,Non-data,p603-wang.pdf
Instant and Robust Authentication and Key Agreement among Mobile Devices,https://dl.acm.org/authorize.cfm?key=N14380,CCS,2016,No,\,No,\,Non-data,p616-xi.pdf
Unauthorized origin crossing on mobile platforms: threats and mitigation,http://dl.acm.org/citation.cfm?doid=2508859.2516727,CCS,2013,No,\,No,\,Non-data,p635-wang.pdf
Chainsaw: Chained Automated Workflow-based Exploit Generation,https://dl.acm.org/citation.cfm?id=2978380&CFID=798977837&CFTOKEN=23312577,CCS,2016,Yes,Our dataset covers all test subjects used in two close works to,Yes," generating 199 exploits, including 30 second-order exploits, and has no false positives by design.",Data,p641-alhuzali.pdf
CSPAutoGen: Black-box Enforcement of Content Security Policy upon Real-world Websites,https://dl.acm.org/authorize.cfm?key=N14383,CCS,2016,Yes,Alexa Top 50 websites,No,\,Data,p653-pan.pdf
How I Learned to be Secure: a Census-Representative Survey of Security Advice Sources and Behavior,https://dl.acm.org/authorize.cfm?key=N14384,CCS,2016,Yes,U.S.-census-representative survey of 526 users,No,\,Data,p666-redmiles.pdf
Practical Detection of Entropy Loss in Pseudo-Random Number Generators,https://dl.acm.org/authorize?N14395,CCS,2016,Yes,\,Yes,\,Non-data,p678-dorre.pdf
Differentially Private Bayesian Programming,https://dl.acm.org/authorize.cfm?key=N14246,CCS,2016,No,\,No,\,Non-data,p68-barthe.pdf
"Build It, Break It, Fix It: Contesting Secure Development",https://dl.acm.org/authorize.cfm?key=N14396,CCS,2016,No,\,Yes,"For each team, we collected a variety of observed and self- ",Data,p690-ruef.pdf
SandScout: Automatic Detection of Flaws in iOS Sandbox Profiles,https://dl.acm.org/authorize.cfm?key=N14397,CCS,2016,Yes,\,Yes,\,Non-data,p704-deshotels.pdf
Computational Soundness for Dalvik Bytecode,https://dl.acm.org/authorize.cfm?key=N14398,CCS,2016,No,\,No,\,Non-data,p717-backes.pdf
SANA: Secure and Scalable Aggregate Network Attestation,https://dl.acm.org/authorize.cfm?key=N14399,CCS,2016,No,\,No,\,Non-data,p731-ambrosin.pdf
C-FLAT: Control-Flow Attestation for Embedded Systems Software,https://dl.acm.org/authorize.cfm?key=N14390,CCS,2016,Yes,\,No,\,Non-data,p743-abera.pdf
Acing the IOC Game: Toward Automatic Discovery and Analysis of Open-Source Cyber Threat Intelligence,https://dl.acm.org/authorize.cfm?key=N14391,CCS,2016,Yes,"71,000 articles collected from 45 leading technical blogs",No,\,Data,p755-liao.pdf
FeatureSmith: Automatically Engineering Features for Malware Detection by Mining the Security Literature,https://dl.acm.org/authorize.cfm?key=N14392,CCS,2016,Yes,we collect the papers from the IEEE Sympo- sium on Security and Privacy,No,\,Data,p767-zhu.pdf
An In-Depth Study of More Than Ten Years of Java Exploitation,https://dl.acm.org/authorize.cfm?key=N14393,CCS,2016,Yes,Metasploit| Exploit-DB|Packet Storm|Security Explorations|online repository for Java exploits,Yes,In the following we use the extensive documentation,Data,p779-holzinger.pdf
The ___Web/Local__ù Boundary Is Fuzzy: A Security Study of Chrome___s Process-based Sandboxing,https://dl.acm.org/authorize.cfm?key=N14394,CCS,2016,No,\,Yes,10 SOP checks and their corresponding critical data,Data,p791-jia.pdf
The Misuse of Android Unix Domain Sockets and Security Implications,https://dl.acm.org/authorize.cfm?key=N14247,CCS,2016,Yes,"We analyze 14,644 apps and 60 system daemons",Yes,"finding that some apps, as well as certain system daemons, suffer from serious vulnerabilities",Data,p80-shao.pdf
High-Throughput Semi-Honest Secure Three-Party Computation with an Honest Majority,https://dl.acm.org/authorize.cfm?key=N14305,CCS,2016,No,\,No,\,Non-data,p805-araki.pdf
Exploiting Temporal Dynamics in Sybil Defenses,http://dl.acm.org/citation.cfm?doid=2810103.2813693,CCS,2015,No,\,Yes,we consider a real-world Facebook inter- action graph from the New Orleans regional network,Data,p805-liu.pdf
Efficient Batched Oblivious PRF with Applications to Private Set Intersection,https://dl.acm.org/authorize.cfm?key=N14306,CCS,2016,No,\,No,\,Non-data,p818-kolesnikov.pdf
MASCOT: Faster Malicious Arithmetic Secure Computation with Oblivious Transfer,https://dl.acm.org/authorize.cfm?key=N14307,CCS,2016,No,\,No,\,Non-data,p830-keller.pdf
"Covert Channels through Random Number Generator: Mechanisms, Capacity Estimation and Mitigations",https://dl.acm.org/authorize.cfm?key=N14308,CCS,2016,No,\,No,\,Non-data,p843-evtyushkin.pdf
Return-Oriented Flush-Reload Side Channels on ARM and Their Implications for Android Devices,https://dl.acm.org/authorize.cfm?key=N14309,CCS,2016,No,\,No,\,Non-data,p858-zhang.pdf
A Software Approach to Defeating Side Channels in Last-Level Caches,https://dl.acm.org/authorize.cfm?key=N14300,CCS,2016,No,\,No,\,Non-data,p871-zhou.pdf
Leave Your Phone at the Door: Side Channels that Reveal Factory Floor Secrets,https://dl.acm.org/authorize.cfm?key=N14301,CCS,2016,No,\,Yes,the relevant sensor data by deliberately or accidentally placing an,Data,p883-hojjati.pdf
My Smartphone Knows What You Print: Exploring Smartphone-based Side-channel Attacks Against 3D Printers,https://dl.acm.org/authorize.cfm?key=N14302,CCS,2016,No,\,Yes,we implement an application on Nexus 5 (Android OS v6.01) to collect the acoustic data,Data,p895-song.pdf
The Sounds of the Phones: Dangers of Zero-Effort Second Factor Login based on Ambient Audio,https://dl.acm.org/authorize.cfm?key=N14303,CCS,2016,No,\,Yes,we collect general population statistics via an online sur- vey to determine the phone usage habits relevant to our attacks.,Data,p908-shrestha.pdf
Call Me Back! Attacks on System Server and System Apps in Android through Synchronous Callback,https://dl.acm.org/authorize.cfm?key=N14248,CCS,2016,Yes,"1,591 service interfaces of all the 80 system services in Android 5.1.0",No,\,Data,p92-wang.pdf
UniSan: Proactive Kernel Memory Initialization to Eliminate Data Leakages,https://dl.acm.org/authorize.cfm?key=N14304,CCS,2016,No,\,Yes,19 of the new data leak vulnerabilities in the latest kernels have been confirmed,Data,p920-lu.pdf
iLock: Immediate and Automatic Locking of Mobile Devices against Data Theft,https://dl.acm.org/authorize.cfm?key=N14315,CCS,2016,No,\,No,\,Non-data,p933-li.pdf
Hypnoguard: Protecting Secrets across Sleep-wake Cycles,https://dl.acm.org/authorize.cfm?key=N14316,CCS,2016,No,\,No,\,Non-data,p945-zhao.pdf
5Gen: A Framework for Prototyping Applications Using Multilinear Maps and Matrix Branching Programs,https://dl.acm.org/authorize.cfm?key=N14317,CCS,2016,No,\,No,\,Non-data,p981-lewi.pdf
Functional Lattice Cryptography,https://dl.acm.org/authorize.cfm?key=N14318,CCS,2016,No,\,No,\,Non-data,p993-crockett.pdf
Practical Darknet Measurement,http://mdbailey.ece.illinois.edu/publications/ciss06_final.pdf,CISS,2006,No,\,No,the real-world savings consider that a certain IMS darknet ,Data,ciss06_final.pdf
Remote Detection of Bottleneck Links Using Spectral and Statistical Methods,https://www.isi.edu/~johnh/PAPERS/He09a.pdf,Computer Networks V 53 (N. 3),2009,Yes,\,No,\,Non-data,He09a.pdf
Understanding Craigslist Rental Scams.,https://doi.org/10.1007/978-3-662-54970-4_1,FC,2016,Yes,We used DB-IP database ,Yes,"The basis of our study relies upon repeated crawls of the rental section|Our primary data set is based on listings collected from daily crawls|We identified initial postings for each campaign|To detect clone scams, our crawler tracked rental posts on Craigslist and 5 other major rental websites.",Data,01_Park.pdf
Graph Analytics for Real-Time Scoring of Cross-Channel Transactional Fraud.,https://doi.org/10.1007/978-3-662-54970-4_2,FC,2016,No,"The data set that we use is proprietary|The only large public data set is the Bitcoin [21] blockchain, currently having 420 million transactions and about 85 million Bitcoin addresses which can be seen as accounts.",No,\,Data,02_Molloy.pdf
Android UI Deception Revisited: Attacks and Defenses.,https://doi.org/10.1007/978-3-662-54970-4_3,FC,2016,No,\,No,\,Non-data,03_Fernandes.pdf
Introducing Reputation Systems to the Economics of Outsourcing Computations to Rational Workers.,https://doi.org/10.1007/978-3-662-54970-4_4,FC,2016,No,\,No,\,Non-data,04_Aljuraidan.pdf
Accountable Privacy for Decentralized Anonymous Payments.,https://doi.org/10.1007/978-3-662-54970-4_5,FC,2016,No,\,No,\,Non-data,05_Garman.pdf
Private eCash in Practice (Short Paper).,https://doi.org/10.1007/978-3-662-54970-4_6,FC,2016,No,\,No,\,Non-data,06_Barki.pdf
Practically Efficient Secure Single-Commodity Multi-market Auctions.,https://doi.org/10.1007/978-3-662-54970-4_7,FC,2016,No,\,No,\,Non-data,07_Aly.pdf
How to Challenge and Cast Your e-Vote.,https://doi.org/10.1007/978-3-662-54970-4_8,FC,2016,No,\,No,\,Non-data,08_Guasch.pdf
VD-PSI: Verifiable Delegated Private Set Intersection on Outsourced Private Datasets.,https://doi.org/10.1007/978-3-662-54970-4_9,FC,2016,No,\,No,\,Non-data,09_Abadi.pdf
Confidential Benchmarking Based on Multiparty Computation.,https://doi.org/10.1007/978-3-662-54970-4_10,FC,2016,Yes,\,No,\,Non-data,10_Damgaard.pdf
Efficiently Making Secure Two-Party Computation Fair.,https://doi.org/10.1007/978-3-662-54970-4_11,FC,2016,No,\,No,\,Non-data,11_Kilinc.pdf
Fast Optimistically Fair Cut-and-Choose 2PC.,https://doi.org/10.1007/978-3-662-54970-4_12,FC,2016,No,\,No,\,Non-data,12_Kupcu.pdf
CuriousDroid: Automated User Interface Interaction for Android Application Analysis Sandboxes.,https://doi.org/10.1007/978-3-662-54970-4_13,FC,2016,No,\,Yes,"Our evaluation was performed over a data set of 51,571 randomly selected An- droid applications from five categories: |We found that out of the 51,571 applications tested",Data,13_Carter.pdf
DroydSeuss: A Mobile Banking Trojan Tracker (Short Paper).,https://doi.org/10.1007/978-3-662-54970-4_14,FC,2016,Yes,"For the purpose of this evaluation we used 4,293 samples of banking trojans, downloaded nightly through the VirusTotal Intelligence API|Alexa Top 1M domain list",No,\,Data,14_Coletta.pdf
DroidAuditor: Forensic Analysis of Application-Layer Privilege Escalation Attacks on Android (Short Paper).,https://doi.org/10.1007/978-3-662-54970-4_15,FC,2016,No,\,No,\,Non-data,15_Heuser.pdf
"Discrete Choice, Social Interaction, and Policy in Encryption Technology Adoption (Short Paper).",https://doi.org/10.1007/978-3-662-54970-4_16,FC,2016,No,\,No,\,Non-data,16_Caulfield.pdf
Failures of Security APIs: A New Case.,https://doi.org/10.1007/978-3-662-54970-4_17,FC,2016,Yes,By sending a sequence of numbers starting from 1 to 72154 ,No,\,Data,17_Algwil.pdf
Explicit Optimal Binary Pebbling for One-Way Hash Chain Reversal.,https://doi.org/10.1007/978-3-662-54970-4_18,FC,2016,No,\,No,\,Non-data,18_Schoenmakers.pdf
Factoring as a Service.,https://doi.org/10.1007/978-3-662-54970-4_19,FC,2016,Yes,We analyzed several DNSSEC datasets |contained in the Rapid7 dataset|We examined IPv4 scan results for HTTPS on port 443 performed using Zmap,Yes,We conducted two Zmap scans of the full IPv4 space ,Data,19_Valenta.pdf
The Self-blindable U-Prove Scheme from FC'14 Is Forgeable (Short Paper).,https://doi.org/10.1007/978-3-662-54970-4_20,FC,2016,No,\,No,\,Non-data,20_Verheul.pdf
A Sound for a Sound: Mitigating Acoustic Side Channel Attacks on Password Keystrokes with Active Sounds.,https://doi.org/10.1007/978-3-662-54970-4_21,FC,2016,No,\,Yes,hunt and peck dataset ,Data,21_Anand.pdf
Leaky Birds: Exploiting Mobile Application Traffic for Surveillance.,https://doi.org/10.1007/978-3-662-54970-4_22,FC,2016,No,\,Yes,"we crawled the entire Play Store and obtained information on 1,003,701 different Android apps|In total we found 1597 rules with our method",Data,22_Vanrykel.pdf
Footprint Scheduling for Dining-Cryptographer Networks.,https://doi.org/10.1007/978-3-662-54970-4_23,FC,2016,No,\,No,\,Non-data,23_Krasnova.pdf
How Anywhere Computing Just Killed Your Phone-Based Two-Factor Authentication.,https://doi.org/10.1007/978-3-662-54970-4_24,FC,2016,No,\,No,\,Non-data,24_Konoth.pdf
Security Keys: Practical Cryptographic Second Factors for the Modern Web.,https://doi.org/10.1007/978-3-662-54970-4_25,FC,2016,No,\,No,\,Non-data,25_Lang.pdf
Include Me Out: In-Browser Detection of Malicious Third-Party Content Inclusions.,https://doi.org/10.1007/978-3-662-54970-4_26,FC,2016,Yes,"the top 1M |To collect inclusion sequences related to extensions, we used 292 Chrome extensions reported in prior work|We labeled collected inclusion sequences as either benign or malicious using VirusTotal",Yes,and crawled the home pages of the Alexa Top 200K ,Data,26_Arshad.pdf
A Sensitivity-Adaptive _Å-Uncertainty Model for Set-Valued Data.,https://doi.org/10.1007/978-3-662-54970-4_27,FC,2016,Yes,We labeled collected inclusion sequences as either benign or malicious using VirusTotal ,No,\,Data,27_Chen.pdf
Incentive Compatibility of Bitcoin Mining Pool Reward Functions.,https://doi.org/10.1007/978-3-662-54970-4_28,FC,2016,No,\,No,\,Non-data,28_Schrijvers.pdf
When Cryptocurrencies Mine Their Own Business.,https://doi.org/10.1007/978-3-662-54970-4_29,FC,2016,No,\,No,\,Non-data,29_Teutsch.pdf
Optimal Selfish Mining Strategies in Bitcoin.,https://doi.org/10.1007/978-3-662-54970-4_30,FC,2016,No,\,No,\,Non-data,30_Sapirshtein.pdf
A Short Paper on Blind Signatures from Knowledge Assumptions.,https://doi.org/10.1007/978-3-662-54970-4_31,FC,2016,No,\,No,\,Non-data,31_Hanzlik.pdf
KBID: Kerberos Bracelet Identification (Short Paper).,https://doi.org/10.1007/978-3-662-54970-4_32,FC,2016,No,\,No,\,Non-data,32_Carrigan.pdf
The Other Side of the Coin: User Experiences with Bitcoin Security and Privacy.,https://doi.org/10.1007/978-3-662-54970-4_33,FC,2016,No,\,Yes,"We recruited 1,265 participants over July 8-15, 2015 via these channels. ",Data,33_Krombholz.pdf
Refund Attacks on Bitcoin's Payment Protocol.,https://doi.org/10.1007/978-3-662-54970-4_34,FC,2016,No,\,No,\,Non-data,34_McCorry.pdf
Are Payment Card Contracts Unfair? (Short Paper).,https://doi.org/10.1007/978-3-662-54970-4_35,FC,2016,No,\,Yes,We received 241 (out of 250) valid responses ,Data,35_Murdoch.pdf
The Bitcoin Brain Drain: Examining the Use and Abuse of Bitcoin Brain Wallets.,https://doi.org/10.1007/978-3-662-54970-4_36,FC,2016,Yes,We have constructed an extensive set of passwords derived from publicly available sources.|We download the Bitcoin blockchain,Yes,We extract a list of all used Bitcoin addresses and then compare all of our generated passwords to construct a list of all used brain wallets. ,Data,36_Vasek.pdf
Detection of Low-Rate Attacks in Computer Networks,http://www.isi.edu/~johnh/PAPERS/Thatte08a.pdf,IEEE Global Internet Symposium 2008,2008,Yes,we use the former method to detect the presence of an attack in real Internet traces,No,\,Data,Thatte08a.pdf
A Cognitive Multifractal Approach to Characterize Complexity of Non-Stationary and Malicious DNS Data Traffic Using Adaptive Sliding Window ,https://www.computer.org/csdl/proceedings/iccicc/2015/7290/00/07259368.pdf,IEEE on Congnitive Computing,2015,Yes,PREDICT ID USC| DoS_DNS_amplification-20130617 ,No,\,Data,07259368.pdf
Understanding IPv6 Internet Background Radiation,http://conferences.sigcomm.org/imc/2013/papers/imc027-czyzA.pdf,IMC,2013,Yes,we describe the design of our experiment and our data collection methodology|We collected a set of public IPv6 addresses|Alexa top 1M domains|we analyzed a single week of IPv4 background radiation captured,No,\,Data,imc027-czyzA.pdf
Revealing Middlebox Interference with Tracebox,http://conferences.sigcomm.org/imc/2013/papers/imc032s-detalA.pdf,IMC,2013,Yes,"top 5,000 Alexa web sites|Each VP had a target list of 5,000 items",No,\,Data,imc032s-detalA.pdf
A Fistful of Bitcoins: Characterizing Payments Among Men with No Names,http://conferences.sigcomm.org/imc/2013/papers/imc182-meiklejohnA.pdf,IMC,2013,Yes,We engaged in 344 transactions with a wide variety of services|We kept money with most of the major wallet services|we tagged these services just as we did the wallets|We collected all of these tags ,No,\,Data,imc182-meiklejohnA.pdf
Follow the Money,http://conferences.sigcomm.org/imc/2013/papers/imc184s-gillAemb.pdf,IMC,2013,Yes,"We use three data sets, summarized",No,\,Data,imc184s-gillAemb.pdf
Understanding the Domain Registration Behavior of Spammers,http://conferences.sigcomm.org/imc/2013/papers/imc247-haoA.pdf,IMC,2013,Yes,"In this section we describe the datasets used in our analysis|Our primary dataset consists of changes made to the .com|Our data includes captures of the DNZA files as recorded|we operated a spam trap|we subscribed to three major DNS blacklists, URIBL, SURBL, and Spamhaus DBL.",No,\,Data,imc247-haoA.pdf
Speedtrap: Internet-Scale IPv6 Alias Resolution,http://conferences.sigcomm.org/imc/2013/papers/imc40s-luckieAemb.pdf,IMC,2013,Yes,"The graph consists of all the 52,986 IPv6 interfaces",Yes,"probe at a low rate of 20pps from a single VP, producing 26Kbps of traffic",Data,imc40s-luckieAemb.pdf
"Analysis of a /0"" stealth scan from a botnet.""",http://doi.acm.org/10.1145/2398776.2398778,imc,2012,Yes,DShield is a constantly updated reposi- tory of scanning and attack reports|MAWI WIDE Samplepoint-F,No,\,Data,p1-dainotti.pdf
MAPLE: a scalable architecture for maintaining packet latency measurements.,http://doi.acm.org/10.1145/2398776.2398788,imc,2012,No,\,No,\,Non-data,p101-lee.pdf
Can you GET me now?: estimating the time-to-first-byte of HTTP transactions with passive measurements.,http://doi.acm.org/10.1145/2398776.2398789,imc,2012,No,\,Yes,we collect two packet traces at Gn links of a major U.S. cellu- lar carrier ,Data,p115-halepovic.pdf
Towards geolocation of millions of IP addresses.,http://doi.acm.org/10.1145/2398776.2398790,imc,2012,Yes,To evaluate this conjecture we begin with 400 vantage points ,Yes,"Instead, we evaluate Shortest Ping and CBG on each of 10,000 ran- domly chosen subsets.|we have geolocated 78 /8s, about 35% of the allocated, unicast, IPv4 address-space.",Data,p123-hu.pdf
"Evolution of social-attribute networks: measurements, modeling, and implications using google+.",http://doi.acm.org/10.1145/2398776.2398792,imc,2012,No,\,Yes,we began to crawl daily snapshots of pub- lic Google+ social network structure and user profiles ,Data,p131-gong.pdf
Evolution of a location-based online social network: analysis and models.,http://doi.acm.org/10.1145/2398776.2398793,imc,2012,Yes,we have downloaded daily snapshots of Gowalla data ,No,\,Data,p145-allamanis.pdf
Detecting prefix hijackings in the internet with argus.,http://doi.acm.org/10.1145/2398776.2398779,imc,2012,Yes,The LRM accomplishes this task by maintaining a local database of candidate live IP addresses in all announced pre- fixes in the Internet ,Yes,"Argus has been continuously monitoring the Internet for one year, starting from May 2, 2011 ",Data,p15-shi.pdf
New kid on the block: exploring the google+ social graph.,http://doi.acm.org/10.1145/2398776.2398794,imc,2012,No,\,Yes,We used a total of 11 machines with different IP addresses to efficiently gather large amount of data ,Data,p159-magno.pdf
Multi-scale dynamics in a massive online social network.,http://doi.acm.org/10.1145/2398776.2398795,imc,2012,Yes,"Our anonymized dataset encompasses the timestamped creation events of all users and edges in the social network. The dataset covers more than 2 years, starting on Novem- ber 21, 2005 and ending December 31, 2007. ",No,\,Data,p171-zhao.pdf
Watching videos from everywhere: a study of the PPTV mobile VoD system.,http://doi.acm.org/10.1145/2398776.2398797,imc,2012,Yes,Our dataset was collected from the log servers of PPTV ,No,\,Data,p185-li.pdf
Program popularity and viewer behaviour in a large TV-on-demand system.,http://doi.acm.org/10.1145/2398776.2398798,imc,2012,No,\,No,\,Non-data,p199-abrahamsson.pdf
Video stream quality impacts viewer behavior: inferring causality using quasi-experimental designs.,http://doi.acm.org/10.1145/2398776.2398799,imc,2012,Yes,The data sets that we use for our analysis are collected from a large cross section of actual users around the world who play videos using media players that incorporate the widely-deployed Akamaiês client-side media analytics plug in ,No,\,Data,p211-krishnan.pdf
"Confused, timid, and unstable: picking a video streaming rate is hard.",http://doi.acm.org/10.1145/2398776.2398800,imc,2012,No,\,No,\,Non-data,p225-huang.pdf
Routing state distance: a path-based metric for network analysis.,http://doi.acm.org/10.1145/2398776.2398802,imc,2012,Yes,"To evaluate our methods, we use a collection of BGP ta- bles collected on midnight UTC on December 6, 2011 from the Routeviews [18] and RIPE [16] repositories. ",No,\,Data,p239-gursun.pdf
On the incompleteness of the AS-level graph: a novel methodology for BGP route collector placement.,http://doi.acm.org/10.1145/2398776.2398803,imc,2012,Yes,"There are three main projects that collect BGP data and make it publicly available on the web: RouteViews, RIS and PCH. ",No,\,Data,p253-gregori.pdf
Quantifying violations of destination-based forwarding on the internet.,http://doi.acm.org/10.1145/2398776.2398804,imc,2012,No,\,Yes,"we recorded more than 260,000 traces using 179 PlanetLab sites, 65 of which do not filter source-spoofed packets.",Data,p265-flach.pdf
Revisiting broadband performance.,http://doi.acm.org/10.1145/2398776.2398805,imc,2012,Yes,"The data we use in this study were collected from Speedtest servers located in 59 metro areas over a period of six months from June 1, 2011 through November 30, 2011 ",No,\,Data,p273-canadi.pdf
Obtaining in-context measurements of cellular network performance.,http://doi.acm.org/10.1145/2398776.2398807,imc,2012,Yes,"Our network dataset consists of anonymized flow records and radio resource control events from approximately 20,000 devices connected to a large US- based cellular provider. ",No,\,Data,p287-gember.pdf
Concurrent prefix hijacks: occurrence and impacts.,http://doi.acm.org/10.1145/2398776.2398780,imc,2012,Yes,WHOIS ,Yes,"Applying our algorithm to BGP data collected by Route- Views Oregon collector, we detect totally 60 concurrent pre- fix hijacks from 2003 through 2010, ",Data,p29-khare.pdf
Cell vs. WiFi: on the performance of metro area mobile connections.,http://doi.acm.org/10.1145/2398776.2398808,imc,2012,Yes,"The data we consider in our initial evaluation were collected from servers located in 15 metro areas over a period of 15 weeks from February 21, 2011 through June 5, 2011. ",No,\,Data,p301-sommers.pdf
Network performance of smart mobile handhelds in a university campus WiFi network.,http://doi.acm.org/10.1145/2398776.2398809,imc,2012,No,\,Yes,"We have collected two data sets. One data set is for three days, from 9am March 2 to 9am March 5, 2011. The other data set is for one day, from 9am April 23 to 9am April 24, 2012. ",Data,p315-chen.pdf
Tackling bufferbloat in 3G/4G networks.,http://doi.acm.org/10.1145/2398776.2398810,imc,2012,No,\,Yes,a whole day with a one-minute interval between each run. That results in more than 300 samples for each experiment based on which we calculate the average and the confidence interval. ,Data,p329-jiang.pdf
Breaking for commercials: characterizing mobile advertising.,http://doi.acm.org/10.1145/2398776.2398812,imc,2012,Yes,"top 10 most popular free apps on Google Play|In this section we characterize ad traffic leveraging on a data set containing 1.7 billion traffic connections, which corresponds to 22TB of volume downloaded on 13th Aug. 2011 by more than 3 million subscribers of a major European mobile network.",No,\,Data,p343-vallinarodriguez.pdf
Screen-off traffic characterization and optimization in 3G/4G networks.,http://doi.acm.org/10.1145/2398776.2398813,imc,2012,Yes,The UMICH data set [9] totals 118 GB and consists of five- month (05/12/2011 _ 10/12/2011) data (both cellular and WiFi) from 20 volunteers who used smartphones running Android 2.2. ,No,\,Data,p357-huang.pdf
Configuring DHCP leases in the smartphone era.,http://doi.acm.org/10.1145/2398776.2398814,imc,2012,No,\,Yes,"We capture packet traces from two large wireless local area networks, one from a corporate office network and one from an educational campus network. Table 1 summarizes the two traces, including their static lease policies. ",Data,p365-papapanagiotou.pdf
Classifying internet one-way traffic.,http://doi.acm.org/10.1145/2398776.2398781,imc,2012,Yes,We use data from a regional academic backbone network that serves 46 single-homed universities and research insti- tutes ,Yes,We built a monitoring setup and collected packet traces at the Internet gateway of the Swiss university Hochschule fu _r Technik Rapperswil ,Data,p37-glatz.pdf
"Video telephony for end-consumers: measurement study of Google+, iChat, and Skype.",http://doi.acm.org/10.1145/2398776.2398816,imc,2012,No,\,Yes,"In our Wireshark trace analysis, we capture those TCP and UDP sessions, whose durations are long enough (at least half of the conference ses- sion time) and data rates are significant ",Data,p371-xu.pdf
Range tomography: combining the practicality of boolean tomography with the resolution of analog tomography.,http://doi.acm.org/10.1145/2398776.2398817,imc,2012,No,\,No,\,Non-data,p385-zarifzadeh.pdf
On traffic matrix completion in the internet.,http://doi.acm.org/10.1145/2398776.2398818,imc,2012,Yes,"Our data consists of a snapshot of all active BGP paths in use by 376 ASes (monitors), taken at midnight UTC on August 6th, 2010. ",No,\,Data,p399-gursun.pdf
DNS to the rescue: discerning content and services in a tangled web.,http://doi.acm.org/10.1145/2398776.2398819,imc,2012,Yes,All our datasets are collected at the Points-of-Presence (PoP) of large ISPs where the end customers are connected to the Internet. ,No,\,Data,p413-bermudez.pdf
Taster's choice: a comparative analysis of spam feeds.,http://doi.acm.org/10.1145/2398776.2398821,imc,2012,Yes,"In this work we compare ten distinct sources of spam data (which we call feeds), ranging in their level of detail from full e-mail content to only domain names of URLs in messages. ",No,\,Data,p427-pitsillidis.pdf
Crime scene investigation: SMS spam data analysis.,http://doi.acm.org/10.1145/2398776.2398822,imc,2012,Yes,The analysis presented in this paper is based on traffic data provided by a tier-1 cellular operator in the United States.|The spammer data set is obtained as follows|The legitimate account data set ,No,\,Data,p441-murynets.pdf
Longtime behavior of harvesting spam bots.,http://doi.acm.org/10.1145/2398776.2398823,imc,2012,Yes,"web site operators provided us with complete access logs since January 2010. |In contrast to [24] and [25], our spam body consists of 620,000 spam e-mails and is larger by magnitudes.|We query the IP based spam blacklist provided by Project Honeypot for each page request to our monitored sites at the time of the visit. Blacklist data has been collected over a period of 13 months since July 2011 and aims to evaluate the efficiency of blacklisting for blocking harvester bots.",No,\,Data,p453-hohlfeld.pdf
Observing common spam in Twitter and email.,http://doi.acm.org/10.1145/2398776.2398824,imc,2012,Yes,"To compare spam in tweets and email, we start with two sets of public messages, Twitter and Yahoo, both collected in March 2011. |We check the domains in our data sets against several public URL blacklists in the first week of May 2011. URIBL and SURBL are DNS-based blacklists with domain names found in the body of spam emails, but generally not in legitimate emails. PhishTank lists phishing URLs voted by users. To detect malware, we use the list published by malwaredomains.com. Finally, for both malware and phishing domains, we use the Google Safebrowsing API to check against Googleês constantly up- dated blacklists.|we use data from the spamtrap set up by Ramachandran and Feam- ster|Alexa top 10,000 |we use DNS lookup information collected by Verisign.",No,\,Data,p461-lumezanu.pdf
Beyond friendship: modeling user activity graphs on social network-based gifting applications.,http://doi.acm.org/10.1145/2398776.2398826,imc,2012,Yes,"our review (using Developer Analyt- ics [27]) in January 2012 showed that 74.4% of the top 250 Facebook applications by MAU were Flash or text-based gaming applications, while 9.43% were gifting applications, followed by other smaller genres of applications. ",Yes,Our user activity traces capture 2.2 billion activities. |Our user activity traces capture 2.2 billion activities.|Our user activity traces for Hugged capture 1.6 billion user activities.,Data,p467-nazir.pdf
Inside dropbox: understanding personal cloud storage services.,http://doi.acm.org/10.1145/2398776.2398827,imc,2012,Yes,"We installed Tstat at 4 vantage points in 2 European coun- tries and collected data from March 24, 2012 to May 5, 2012. ",No,\,Data,p481-drago.pdf
Reducing allocation errors in network testbeds.,http://doi.acm.org/10.1145/2398776.2398828,imc,2012,Yes,We analyze eight years of data about DeterLabês operation col- lected from its inception in February 2004 until February 2012. ,No,\,Data,p495-mirkovic.pdf
Sharing the cost of backbone networks: cui bono?,http://doi.acm.org/10.1145/2398776.2398830,imc,2012,Yes,"We use several datasets from a tier-1 backbone network, which interconnects with other ISPs that it serves. ",No,\,Data,p509-gyarmati.pdf
RasterZip: compressing network monitoring data with support for partial decompression.,http://doi.acm.org/10.1145/2398776.2398783,imc,2012,No,Six days of NetFlow traces of access traffic from a large |A two month NetFlow trace of internal and external,No,\,Non-data,p51-fusco.pdf
"Content delivery and the natural evolution of DNS: remote dns trends, performance issues and alternative solutions.",http://doi.acm.org/10.1145/2398776.2398831,imc,2012,Yes,"top 1,000 sites |We base our analyses on data contributed by 10,923 end hosts distributed across 99 countries and 752 ASes, providing a diverse set of vantage points.",No,\,Data,p523-otto.pdf
"Measuring the deployment of IPv6: topology, routing and performance.",http://doi.acm.org/10.1145/2398776.2398832,imc,2012,Yes,"We use a variety of data sources and analysis methods, ",No,\,Data,p537-dhamdhere.pdf
Measuring the impact of the copyright amendment act on New Zealand residential DSL users.,http://doi.acm.org/10.1145/2398776.2398833,imc,2012,Yes,Packet traces that were captured using a passive monitor placed within the core network of a New Zealand ISP were used for this study.,No,\,Data,p551-alcock.pdf
Wire-speed statistical classification of network traffic on commodity hardware.,http://doi.acm.org/10.1145/2398776.2398784,imc,2012,Yes,Real traffic consists of a packet-level trace sniffed in 2009 ,No,\,Data,p65-santiago.pdf
Fathom: a browser-based network measurement platform.,http://doi.acm.org/10.1145/2398776.2398786,imc,2012,No,\,No,\,Non-data,p73-dhawan.pdf
Mitigating sampling error when measuring internet client IPv6 capabilities.,http://doi.acm.org/10.1145/2398776.2398787,imc,2012,No,\,Yes,We use the data collected between 16th of May 2011 and 19th of February 2012 ,Data,p87-zander.pdf
Search + Seizure: The Effectiveness of Interventions on SEO Campaigns,http://conferences2.sigcomm.org/imc/2014/papers/p359.pdf,IMC (Internet Measurement Conference),2014,No,\,Yes,"Using eight months of empirical crawled data, we identify 52 distinct SEO campaigns| we were able to periodically collect AWStats data for 647 storefronts|In the PSR data set, we found 68,193 ",Data,p359.pdf
Detecting Malicious Activity with DNS Backscatter,http://conferences.sigcomm.org/imc/2015/papers/p197.pdf,IMC on Internet Measurements,2015,Yes,This paper uses DNS datasets from three authorities|we have data from all seven of their anycast sites|We also use data for M-Root| we draw on 9 months of data taken at the M-Root server,No,\,Data,p197.pdf
The MALICIA Dataset: Identification and Analysis of Drive-by Download Operations.,https://lirias.kuleuven.be/bitstream/123456789/464045/1/malicia_dataset.pdf,International Journal of Information Security,2015,No,\,Yes,we have built an infrastructure to track individual exploit servers over time|We receive feeds of drive-by download URLs,Data,malicia_dataset.pdf
Friendship and mobility: User movement in location-based social networks.,http://cs.stanford.edu/people/jure/pubs/mobile-kdd11.pdf,KDD,2011,No,\,Yes,We use three different datasets that capture human mobility|We col- lected all the public check-in data between|we also include a dataset of cell phone location trace data,Data,mobile-kdd11.pdf
The Internet Motion Sensor: A Distributed Blackhole Monitoring System,http://web.eecs.umich.edu/~farnam/pubs/2005-bc-ndss.pdf,ndss,2005,Yes,"In this one-week period of measurement, the IMS system",No,\,Data,2005-bc-ndss.pdf
Predicting Users___ Motivations behind Location Check-Ins and Utility Implications of Privacy Protection Mechanisms,http://www.shokri.org/files/Shokri-NDSS2015.pdf,ndss,2015,No,\,Yes,"to grant us access to their Foursquare data, we rewarded them with a fixed amount of money (US $4.5 per HIT [2], [22]). ",Data,Shokri-NDSS2015.pdf
Spectral Fractal Dimension Trajectory to Measure Cognitive Complexity of Malicious DNS Traffic,http://worldcomp-proceedings.com/proc/p2016/SAM3798.pdf,SAM,2016,Yes,Data set from PREDICT USA|Data  set  from  CAIDA  USA,Yes,Data set from our experiment in which a PCAP file,Data,SAM3798.pdf
Measuring IPv6 Adoption,http://web.engr.illinois.edu/~mdbailey/publications/sigcomm14_ipv6.pdf,SIGCOMM,2014,Yes,millions of daily global samples|10 million IPs probed daily|The number of IPv4 prefix allocations grows from roughly 300 per month at the begin-,No,"In the past several years, we typically find more than 300 prefixes allocated per month|we find nearly 69K IPv4 prefix allocations at|",Data,sigcomm14_ipv6.pdf
All Your IFCException Are Belong to Us.,http://dx.doi.org/10.1109/SP.2013.10,sp,2013,No,\,No,\,Non-data,06547098.pdf
"Declarative, Temporal, and Practical Programming with Capabilities.",http://dx.doi.org/10.1109/SP.2013.11,sp,2013,No,\,No,\,Non-data,06547099.pdf
Towards Practical Reactive Security Audit Using Extended Static Checkers.,http://dx.doi.org/10.1109/SP.2013.12,sp,2013,Yes,The properties were derived by studying a set of security vulnerabilities reported in a set of recent MSRC bulletins ,Yes,We identified around 70 vulnerabilities in critical software components,Data,06547100.pdf
SoK: Eternal War in Memory.,http://dx.doi.org/10.1109/SP.2013.13,sp,2013,No,\,No,\,Non-data,06547101.pdf
The Parrot Is Dead: Observing Unobservable Network Communications.,http://dx.doi.org/10.1109/SP.2013.14,sp,2013,No,\,No,\,Non-data,06547102.pdf
"Trawling for Tor Hidden Services: Detection, Measurement, Deanonymization.",http://dx.doi.org/10.1109/SP.2013.15,sp,2013,No,\,Yes,At the end of the experiment we collected 39824 unique onion addresses.|We also fetched the descriptors from the memory of running Tor instances and obtained 58389 descriptors in total,Data,06547103.pdf
SoK: P2PWNED - Modeling and Evaluating the Resilience of Peer-to-Peer Botnets.,http://dx.doi.org/10.1109/SP.2013.17,sp,2013,No,\,No,we enumerated eleven botnets that ,Non-data,06547104.pdf
Finding the Linchpins of the Dark Web: a Study on Topologically Dedicated Hosts on Malicious Web Infrastructures.,http://dx.doi.org/10.1109/SP.2013.18,sp,2013,Yes," Alexa top 60,000 site list and EasyList | Microsoft provides us with around 30 million doorway URLs|We download the malicious URL set posted by the WarningBird project|We run Twitter Search APIs [29] to pick top 10 trending terms every day. |We gather Alexa top 1 million web sites and update them every week. We obtain 2 million URLs in total, most of which are legitimate.",Yes,"Our HIC graph contains in total 60,856 HICs |our approach detects about 5,000 new topologically dedicated malicious hosts and over 20,000 malicious host paths",Data,06547105.pdf
The Crossfire Attack.,http://dx.doi.org/10.1109/SP.2013.19,sp,2013,No,\,No,\,Non-data,06547106.pdf
Ghost Talk: Mitigating EMI Signal Injection Attacks against Analog Sensors.,http://dx.doi.org/10.1109/SP.2013.20,sp,2013,No,\,No,\,Non-data,06547107.pdf
On Limitations of Friendly Jamming for Confidentiality.,http://dx.doi.org/10.1109/SP.2013.21,sp,2013,No,\,No,\,Non-data,06547108.pdf
Ally Friendly Jamming: How to Jam Your Enemy and Maintain Your Own Wireless Connectivity at the Same Time.,http://dx.doi.org/10.1109/SP.2013.22,sp,2013,No,\,No,\,Non-data,06547109.pdf
Practical Timing Side Channel Attacks against Kernel Space ASLR.,http://dx.doi.org/10.1109/SP.2013.23,sp,2013,No,\,No,\,Non-data,06547110.pdf
PrivExec: Private Execution as an Operating System Service.,http://dx.doi.org/10.1109/SP.2013.24,sp,2013,Yes,"In this test, we directed the browsers to visit the top 50 Alexa domains.|In this test, we visited 50 Wikipedia articles.|We cycled 5 times through 10 CNN pages with many embedded images",Yes,"We configured Audacious, a desktop audio player, to iterate through a playlist of 2500 MP3 audio files|We config- ured Feh to load and cycle through 1000 JPEG images|to iterate through a playlist of 100 Matroska files totaling 30 GB containing videos in various formats,|we selected the top 50 applications, excluding all non-free or Ubuntu-specific software.",Data,06547111.pdf
A Hybrid Architecture for Interactive Verifiable Computation.,http://dx.doi.org/10.1109/SP.2013.48,sp,2013,No,\,No,\,Non-data,06547112.pdf
Pinocchio: Nearly Practical Verifiable Computation.,http://dx.doi.org/10.1109/SP.2013.47,sp,2013,No,\,No,\,Non-data,06547113.pdf
ObliviStore: High Performance Oblivious Cloud Storage.,http://dx.doi.org/10.1109/SP.2013.25,sp,2013,No,\,No,\,Non-data,06547114.pdf
Hiding Information in Flash Memory.,http://dx.doi.org/10.1109/SP.2013.26,sp,2013,No,\,No,\,Non-data,06547115.pdf
PUFs in Security Protocols: Attack Models and Security Evaluations.,http://dx.doi.org/10.1109/SP.2013.27,sp,2013,No,\,No,\,Non-data,06547116.pdf
SoK: Secure Data Deletion.,http://dx.doi.org/10.1109/SP.2013.28,sp,2013,No,\,No,\,Non-data,06547117.pdf
Anon-Pass: Practical Anonymous Subscriptions.,http://dx.doi.org/10.1109/SP.2013.29,sp,2013,No,\,No,\,Non-data,06547118.pdf
Privacy-Preserving Ridge Regression on Hundreds of Millions of Records.,http://dx.doi.org/10.1109/SP.2013.30,sp,2013,Yes,we ran our system on real datasets retrieved from the UCI repository,No,\,Data,06547119.pdf
A Scanner Darkly: Protecting User Privacy from Perceptual Applications.,http://dx.doi.org/10.1109/SP.2013.31,sp,2013,Yes,We also experimentally estimated the entropy of sketches on a dataset of 30 frontal face images sampled from the Color FERET database.,Yes,We evaluated DARKLY on 20 OpenCV applications,Data,06547120.pdf
Caveat Coercitor: Coercion-Evidence in Electronic Voting.,http://dx.doi.org/10.1109/SP.2013.32,sp,2013,No,\,No,\,Non-data,06547121.pdf
SoK: The Evolution of Sybil Defense via Social Networks.,http://dx.doi.org/10.1109/SP.2013.33,sp,2013,No,\,No,\,Non-data,06547122.pdf
Zerocoin: Anonymous Distributed E-Cash from Bitcoin.,http://dx.doi.org/10.1109/SP.2013.34,sp,2013,No,\,No,\,Non-data,06547123.pdf
"Design, Implementation and Verification of an eXtensible and Modular Hypervisor Framework.",http://dx.doi.org/10.1109/SP.2013.36,sp,2013,No,\,No,\,Non-data,06547125.pdf
Implementing TLS with Verified Cryptographic Security.,http://dx.doi.org/10.1109/SP.2013.37,sp,2013,No,\,No,\,Non-data,06547126.pdf
An Ideal-Security Protocol for Order-Preserving Encoding.,http://dx.doi.org/10.1109/SP.2013.38,sp,2013,No,\,No,\,Non-data,06547127.pdf
Efficient Garbling from a Fixed-Key Blockcipher.,http://dx.doi.org/10.1109/SP.2013.39,sp,2013,No,\,No,\,Non-data,06547128.pdf
Circuit Structures for Improving Efficiency of Security and Privacy Tools.,http://dx.doi.org/10.1109/SP.2013.40,sp,2013,No,\,No,\,Non-data,06547129.pdf
SoK: SSL and HTTPS: Revisiting Past Challenges and Evaluating Certificate Trust Model Enhancements.,http://dx.doi.org/10.1109/SP.2013.41,sp,2013,No,\,No,\,Non-data,06547130.pdf
Lucky Thirteen: Breaking the TLS and DTLS Record Protocols.,http://dx.doi.org/10.1109/SP.2013.42,sp,2013,No,\,No,\,Non-data,06547131.pdf
Cookieless Monster: Exploring the Ecosystem of Web-Based Device Fingerprinting.,http://dx.doi.org/10.1109/SP.2013.43,sp,2013,Yes,"Alexa top 10,000 sites",Yes,"we used a list of 3,804 domains of sites that, when analyzed by Wepawet | we crawled up to 20 pages for each of the Alexa top 10,000 sites|we ana- lyzed the fingerprinting libraries of three large, commercial companies",Data,06547132.pdf
Practical Control Flow Integrity and Randomization for Binary Executables.,http://dx.doi.org/10.1109/SP.2013.44,sp,2013,No,\,No,\,Non-data,06547133.pdf
Just-In-Time Code Reuse: On the Effectiveness of Fine-Grained Address Space Layout Randomization.,http://dx.doi.org/10.1109/SP.2013.45,sp,2013,No,\,No,\,Non-data,06547134.pdf
Welcome to the Entropics: Boot-Time Entropy in Embedded Devices.,http://dx.doi.org/10.1109/SP.2013.46,sp,2013,No,\,No,\,Non-data,06547135.pdf
seL4: From General Purpose to a Proof of Information Flow Enforcement.,http://dx.doi.org/10.1109/SP.2013.35,sp,2013,No,\,No,\,Non-data,p1690-argyros.pdf
Understanding Address Usage in the Visible Internet,http://www.isi.edu/~johnh/PAPERS/Cai09b.pdf,USC/ISI Technical Report,2009,Yes,We use two ICMP surveys taken by USC|We collected VUSC s at our enterprise in order to compare,No,\,Data,Cai09b.pdf
Understanding the Dark Side of Domain Parking.,https://www.usenix.org/conference/usenixsecurity14/technical-sessions/presentation/alrwais,uss,2014,Yes,them are ranked among the top 100k by Alexa |PassiveDNS set (DNS record collection) pro- vided by the Security Information Exchange,Yes,"we extracted a set of salient features from those|the data used in our study was collected from crawling parked domains.|Those crawlers worked on a list of parked domains,|we made about 24M visits to over 100K parked domains.|we were able to collect 1,015 mone-|We further evaluated the false positive rate that could be introduced by the stamps on a dataset containing 768M redirection chains collected by crawl- ing the top 1M Alexa websites | we labeled the 1.2M monetization chains collected from",Data,sec14-paper-alrwais.pdf
Oxymoron: Making Fine-Grained Memory Randomization Practical by Allowing Code Sharing.,https://www.usenix.org/conference/usenixsecurity14/technical-sessions/presentation/backes,uss,2014,No,\,No,\,Non-data,sec14-paper-backes.pdf
BYTEWEIGHT: Learning to Recognize Functions in Binary Code.,https://www.usenix.org/conference/usenixsecurity14/technical-sessions/presentation/bao,uss,2014,No,\,Yes,"Our data set consisted of 2,200 different binaries compiled with four variables:|our data set consisted of 2,064 binaries in total",Data,sec14-paper-bao.pdf
Succinct Non-Interactive Zero Knowledge for a von Neumann Architecture.,https://www.usenix.org/conference/usenixsecurity14/technical-sessions/presentation/ben-sasson,uss,2014,No,\,No,\,Non-data,sec14-paper-ben-sasson.pdf
Brahmastra: Driving Apps to Test the Security of Third-Party Components.,https://www.usenix.org/conference/usenixsecurity14/technical-sessions/presentation/bhoraskar,uss,2014,Yes,Web of Trust (WoT) database |we use a list of apps categorized as Kids in Amazons Android app store,Yes,"175 out of 220 childrenês apps we tested display ads |We crawled 12,571 unique apps from the Google Play store from late December 2012 till |We then identify the requests made by the ad libraries to their server component us- ing domain names.",Data,sec14-paper-bhoraskar.pdf
A Look at Targeted Attacks Through the Lense of an NGO.,https://www.usenix.org/conference/usenixsecurity14/technical-sessions/presentation/le-blond,uss,2014,Yes,"we then scraped the National Vulnerability Database | we submitted the documents to VirusTotal|In particular, we found 247 RAR and 49 ZIP containing malicious EXE",Yes,"The two volunteers shared with us the headers and content of 1,493 suspi- cious emails | The emails contained 209 links and 1,649 attachments|we observed that malicious emails had been sent to 1,250 unique email addresses and 157 organizations. |Our analysis below was done on 689 malware samples that we extracted from malicious documents.",Data,sec14-paper-blond.pdf
Towards Reliable Storage of 56-bit Secrets in Human Memory.,https://www.usenix.org/conference/usenixsecurity14/technical-sessions/presentation/bonneau,uss,2014,No,\,No,\,Non-data,sec14-paper-bonneau.pdf
iSeeYou: Disabling the MacBook Webcam Indicator LED.,https://www.usenix.org/conference/usenixsecurity14/technical-sessions/presentation/brocker,uss,2014,No,\,No,\,Non-data,sec14-paper-brocker.pdf
ROP is Still Dangerous: Breaking Modern Defenses.,https://www.usenix.org/conference/usenixsecurity14/technical-sessions/presentation/carlini,uss,2014,No,\,No,\,Non-data,sec14-paper-carlini.pdf
On the Practical Exploitability of Dual EC in TLS Implementations.,https://www.usenix.org/conference/usenixsecurity14/technical-sessions/presentation/checkoway,uss,2014,No,\,Yes,We collected a large dataset of TLS session information from servers listening on port 443 in ,Data,sec14-paper-checkoway.pdf
Peeking into Your App without Actually Seeing It: UI State Inference and Novel Android Attacks.,https://www.usenix.org/conference/usenixsecurity14/technical-sessions/presentation/chen,uss,2014,No,\,No,\,Non-data,sec14-paper-chen.pdf
A Large-Scale Analysis of the Security of Embedded Firmwares.,https://www.usenix.org/conference/usenixsecurity14/technical-sessions/presentation/costin,uss,2014,No,\,Yes,"Our crawler collected 759,273 files, for a total of 1.8TB of data. ",Data,sec14-paper-costin.pdf
SpanDex: Secure Password Tracking for Android.,https://www.usenix.org/conference/usenixsecurity14/technical-sessions/presentation/cox,uss,2014,No,\,Yes,"First, we ran 50 popular apps from Googleês Play Store. ",Data,sec14-paper-cox.pdf
Static Detection of Second-Order Vulnerabilities in Web Applications.,https://www.usenix.org/conference/usenixsecurity14/technical-sessions/presentation/dahse,uss,2014,No,\,Yes,Our prototype reported a total of 159 valid second-order vulnerabilities with a |,Data,sec14-paper-dahse.pdf
Burst ORAM: Minimizing ORAM Response Times for Bursty Access Patterns.,https://www.usenix.org/conference/usenixsecurity14/technical-sessions/presentation/dautrich,uss,2014,Yes,The third workload is based on the NetApp Dataset ,No,\,Data,sec14-paper-dautrich.pdf
Stitching the Gadgets: On the Ineffectiveness of Coarse-Grained Control-Flow Integrity Protection.,https://www.usenix.org/conference/usenixsecurity14/technical-sessions/presentation/davi,uss,2014,No,\,No,\,Non-data,sec14-paper-davi.pdf
Ad-Hoc Secure Two-Party Computation on Mobile Devices using Hardware Tokens.,https://www.usenix.org/conference/usenixsecurity14/technical-sessions/presentation/demmler,uss,2014,No,\,No,\,Non-data,sec14-paper-demmler.pdf
An Internet-Wide View of Internet-Wide Scanning.,https://www.usenix.org/conference/usenixsecurity14/technical-sessions/presentation/durumeric,uss,2014,Yes,"The University of Michigan performs regular ZMap scans for HTTPS hosts in order to track the certificate authority ecosystem | Shodan completed 2,294 scans targeting 53 ports, send- ing an estimated 209 billion probes from six servers",Yes,We detected 10.8 million scans from 1.76 million hosts|Our dataset consists of all traffic,Data,sec14-paper-durumeric.pdf
Blanket Execution: Dynamic Similarity Testing for Program Binaries and Components.,https://www.usenix.org/conference/usenixsecurity14/technical-sessions/presentation/egele,uss,2014,No,\,Yes,"In total our dataset consists of 1,140 unique binary applications,| In our dataset 37 different programs contained duplicates ",Data,sec14-paper-egele.pdf
Password Portfolios and the Finite-Effort User: Sustainably Managing Large Numbers of Accounts.,https://www.usenix.org/conference/usenixsecurity14/technical-sessions/presentation/florencio,uss,2014,No,\,No,\,Non-data,sec14-paper-florencio.pdf
Privacy in Pharmacogenetics: An End-to-End Case Study of Personalized Warfarin Dosing.,https://www.usenix.org/conference/usenixsecurity14/technical-sessions/presentation/fredrikson_matthew,uss,2014,No,\,No,\,Non-data,sec14-paper-fredrikson-privacy.pdf
Zê„: An Optimizing Distributing Zero-Knowledge Compiler.,https://www.usenix.org/conference/usenixsecurity14/technical-sessions/presentation/fredrikson,uss,2014,No,\,No,\,Non-data,sec14-paper-fredrikson-z0.pdf
Size Does Matter: Why Using Gadget-Chain Length to Prevent Code-Reuse Attacks is Hard.,https://www.usenix.org/conference/usenixsecurity14/technical-sessions/presentation/goktas,uss,2014,No,\,No,\,Non-data,sec14-paper-goktas.pdf
Targeted Threat Index: Characterizing and Quantifying Politically-Motivated Targeted Malware.,https://www.usenix.org/conference/usenixsecurity14/technical-sessions/presentation/hardy,uss,2014,No,\,Yes,Our primary data source is a collection of e-mails identified by participants |The e-mails examined in this study span over four years,Data,sec14-paper-hardy.pdf
ASM: A Programmable Interface for Extending Android Security.,https://www.usenix.org/conference/usenixsecurity14/technical-sessions/presentation/heuser,uss,2014,No,\,No,\,Non-data,sec14-paper-heuser.pdf
Never Been KIST: Tor's Congestion Management Blossoms with Kernel-Informed Socket Transport.,https://www.usenix.org/conference/usenixsecurity14/technical-sessions/presentation/jansen,uss,2014,Yes,"traceroute data from CAIDA [2], and client/server data from the Tor Metrics Portal [8] and Alexa [1]. ",Yes,"To collect congestion information in Tor, we first ran three live relays ",Data,sec14-paper-jansen.pdf
Hulk: Eliciting Malicious Behavior in Browser Extensions.,https://www.usenix.org/conference/usenixsecurity14/technical-sessions/presentation/kapravelos,uss,2014,Yes,To evaluate Hulk we use two sources of extensions,No,\,Data,sec14-paper-kapravelos.pdf
On the Effective Prevention of TLS Man-in-the-Middle Attacks in Web Applications.,https://www.usenix.org/conference/usenixsecurity14/technical-sessions/presentation/karapanos,uss,2014,No,\,No,\,Non-data,sec14-paper-karapanos.pdf
ret2dir: Rethinking Kernel Isolation.,https://www.usenix.org/conference/usenixsecurity14/technical-sessions/presentation/kemerlis,uss,2014,No,\,No,\,Non-data,sec14-paper-kemerlis.pdf
BareCloud: Bare-metal Analysis-based Evasive Malware Detection.,https://www.usenix.org/conference/usenixsecurity14/technical-sessions/presentation/kirat,uss,2014,No,\,Yes,We first built the ground truth dataset of evasive mal- ware and non-evasive malware samples.,Data,sec14-paper-kirat.pdf
Telepathwords: Preventing Weak Passwords by Reading Users' Minds.,https://www.usenix.org/conference/usenixsecurity14/technical-sessions/presentation/komanduri,uss,2014,No,\,Yes,We recruited participants from Amazonês Mechanical Turk by listing a Human Intelligence Task |We downloaded our encrypted logs to a researcherês workstation for decryption and analysis.,Data,sec14-paper-komanduri.pdf
TRUESET: Faster Verifiable Set Computations.,https://www.usenix.org/conference/usenixsecurity14/technical-sessions/presentation/kosba,uss,2014,No,\,No,\,Non-data,sec14-paper-kosba.pdf
Exit from Hell? Reducing the Impact of Amplification DDoS Attacks.,https://www.usenix.org/conference/usenixsecurity14/technical-sessions/presentation/kuhrer,uss,2014,Yes,we used the MaxMind GeoIP database,Yes,"We run two separated TCP scans to mimic both behaviors. |In total, 66,785,451 HTTP hosts, 23,519,493 Telnet hosts, and 1,845,346 CUPS hosts replied to our requests.|We ran the scans on a weekly basis from Nov 22, 2013 to Feb 21, 2014 to observe potential changes |During the course of our scans, we received 90 emails from administrators asking about the scanning experi- ments.",Data,sec14-paper-kuhrer.pdf
Mimesis Aegis: A Mimicry Privacy Shield-A System's Approach to Data Privacy on Public Cloud.,https://www.usenix.org/conference/usenixsecurity14/technical-sessions/presentation/lau,uss,2014,No,\,No,\,Non-data,sec14-paper-lau.pdf
XRay: Enhancing the Web's Transparency with Differential Correlation.,https://www.usenix.org/conference/usenixsecurity14/technical-sessions/presentation/lecuyer,uss,2014,No,\,No,\,Non-data,sec14-paper-lecuyer.pdf
"SDDR: Light-Weight, Secure Mobile Encounters.",https://www.usenix.org/conference/usenixsecurity14/technical-sessions/presentation/lentz,uss,2014,No,\,No,\,Non-data,sec14-paper-lentz-update.pdf
A Large-Scale Empirical Analysis of Chinese Web Passwords.,https://www.usenix.org/conference/usenixsecurity14/technical-sessions/presentation/li_zhigong,uss,2014,No,\,Yes,"we analyzed a corpus of over 100 million passwords from multiple websites that are in Chinese and English, respectively",Data,sec14-paper-li-zhigong.pdf
The Emperor's New Password Manager: Security Analysis of Web-based Password Managers.,https://www.usenix.org/conference/usenixsecurity14/technical-sessions/presentation/li_zhiwei,uss,2014,No,\,No,\,Non-data,sec14-paper-li-zhiwei.pdf
"LibFTE: A Toolkit for Constructing Practical, Format-Abiding Encryption Schemes.",https://www.usenix.org/conference/usenixsecurity14/technical-sessions/presentation/luchaup,uss,2014,No,\,No,\,Non-data,sec14-paper-luchaup.pdf
When Governments Hack Opponents: A Look at Actors and Technology.,https://www.usenix.org/conference/usenixsecurity14/technical-sessions/presentation/marczak,uss,2014,No,\,Yes,"We searched for the dis- tinctive SSL certificates in two Internet Census service probes, and SSL certificate scans from ZMap|we probed all of the IP ad- dresses that we collected|our fingerprints matched 92 dis- tinct IP addresses in 35 different countries.",Data,sec14-paper-marczak.pdf
Revisiting SSL/TLS Implementations: New Bleichenbacher Side Channels and Attacks.,https://www.usenix.org/conference/usenixsecurity14/technical-sessions/presentation/meyer,uss,2014,No,\,No,\,Non-data,sec14-paper-meyer.pdf
Gyrophone: Recognizing Speech from Gyroscope Signals.,https://www.usenix.org/conference/usenixsecurity14/technical-sessions/presentation/michalevsky,uss,2014,No,\,No,\,Non-data,sec14-paper-michalevsky.pdf
Security Analysis of a Full-Body Scanner.,https://www.usenix.org/conference/usenixsecurity14/technical-sessions/presentation/mowery,uss,2014,No,\,No,\,Non-data,sec14-paper-mowery.pdf
From the Aether to the Ethernet - Attacking the Internet using Broadcast Digital Television.,https://www.usenix.org/conference/usenixsecurity14/technical-sessions/presentation/oren,uss,2014,No,\,Yes,Our analysis was based on the NASA SEDAC Metropolitan Statistical Areas dataset ,Data,sec14-paper-oren.pdf
Preventing Cryptographic Key Leakage in Cloud Virtual Machines.,https://www.usenix.org/conference/usenixsecurity14/technical-sessions/presentation/pattuk,uss,2014,No,\,No,\,Non-data,sec14-paper-pattuck.pdf
X-Force: Force-Executing Binary Programs for Security Applications.,https://www.usenix.org/conference/usenixsecurity14/technical-sessions/presentation/peng,uss,2014,No,\,No,\,Non-data,sec14-paper-peng.pdf
Faster Private Set Intersection Based on OT Extension.,https://www.usenix.org/conference/usenixsecurity14/technical-sessions/presentation/pinkas,uss,2014,No,\,No,\,Non-data,sec14-paper-pinkas.pdf
Optimizing Seed Selection for Fuzzing.,https://www.usenix.org/conference/usenixsecurity14/technical-sessions/presentation/rebert,uss,2014,No,\,Yes,"All seed files gathered for our fuzzing ex- periments (4,912,142 files making up more than 6TB of data) were automatically crawled from the internet us- ing the Bing API. ",Data,sec14-paper-rebert.pdf
DSCRETE: Automatic Rendering of Forensic Information from Memory Images via Application Logic Reuse.,https://www.usenix.org/conference/usenixsecurity14/technical-sessions/presentation/saltaformaggio,uss,2014,No,\,No,\,Non-data,sec14-paper-saltaformaggio.pdf
Cardinal Pill Testing of System Virtual Machines.,https://www.usenix.org/conference/usenixsecurity14/technical-sessions/presentation/shi,uss,2014,No,\,No,\,Non-data,sec14-paper-shi.pdf
Password Managers: Attacks and Defenses.,https://www.usenix.org/conference/usenixsecurity14/technical-sessions/presentation/silver,uss,2014,Yes,we surveyed Alexa Top 500 sites ,No,\,Data,sec14-paper-silver.pdf
Automatically Detecting Vulnerable Websites Before They Turn Malicious.,https://www.usenix.org/conference/usenixsecurity14/technical-sessions/presentation/soska,uss,2014,Yes,"data from PhishTank | From a related measurement project [19], we obtained a list, collected between October 20, 2011 and September 16, 2013, of 738,479 unique links,",Yes,"We randomly sampled the entire .com zone file from January 14th, 2014. ",Data,sec14-paper-soska.pdf
Precise Client-side Protection against DOM-based Cross-Site Scripting.,https://www.usenix.org/conference/usenixsecurity14/technical-sessions/presentation/stock,uss,2014,No,\,Yes,"We used the method- ology applied for our previous paper [18] to collect a set of 1,602 unique real-world DOM-based XSS vulner- abilities on 958 domains. ",Data,sec14-paper-stock.pdf
"The Long Taile"" of Typosquatting Domain Names.""",https://www.usenix.org/conference/usenixsecurity14/technical-sessions/presentation/szurdi,uss,2014,Yes,"we collect registration data from the WHOIS global database. |The Alexa list of the top 1 million sites from March 15, 2013 serves as a benchmark for popularity |we check the typo domains from the .com zone file against twelve different domain name blacklists.",Yes,We collect DNS data to explore the background infrastructure serving these domains. |We use a web crawler to obtain the rendered DOM of each page,Data,sec14-paper-szurdi.pdf
Enforcing Forward-Edge Control-Flow Integrity in GCC &amp; LLVM.,https://www.usenix.org/conference/usenixsecurity14/technical-sessions/presentation/tice,uss,2014,No,\,No,\,Non-data,sec14-paper-tice.pdf
A Bayesian Approach to Privacy Enforcement in Smartphones.,https://www.usenix.org/conference/usenixsecurity14/technical-sessions/presentation/tripp,uss,2014,Yes,"we relied on (i) an extensive study by Hornyack et al. spanning 1,100 top-popular free Android apps |",No,\,Data,sec14-paper-tripp.pdf
Scheduler-based Defenses against Cross-VM Side-channels.,https://www.usenix.org/conference/usenixsecurity14/technical-sessions/presentation/varadarajan,uss,2014,No,\,No,\,Non-data,sec14-paper-varadarajan.pdf
JIGSAW: Protecting Resource Access by Inferring Programmer Expectations.,https://www.usenix.org/conference/usenixsecurity14/technical-sessions/presentation/vijaykumar,uss,2014,No,\,No,\,Non-data,sec14-paper-vijayakumar.pdf
Towards Detecting Anomalous User Behavior in Online Social Networks.,https://www.usenix.org/conference/usenixsecurity14/technical-sessions/presentation/viswanath,uss,2014,No,\,Yes,"We collected three datasets to capture normal user behav- ior. The first dataset is the 719 users that are part of the SIGCOMM [33] and COSN [24] Facebook groups. | For our second dataset, we use the random sampling of Facebook users described in Section 4.1. |A compromise between the two extremes is our third dataset:| We collected data for three types of anomalous behav- iors: fake (Sybil) accounts that do not have any normal user activity|We then used Selenium to crawl the publicly visible data for these users|we crawled the publicly-visible user behavior of the black-market users who liked our pages.|The Yelp dataset consists of all 92,725 Yelp reviewers in the San Francisco area|We collected the publicly visible like and Time- line [34] activity of 13,991 users over the 26 month pe- riod ending in August 2013. |The Twitter dataset consists of a random sample of 100K out of the 19M Twitter users",Data,sec14-paper-viswanath.pdf
Dynamic Hooks: Hiding Control Flow Changes within Non-Control Data.,https://www.usenix.org/conference/usenixsecurity14/technical-sessions/presentation/vogl,uss,2014,No,\,No,\,Non-data,sec14-paper-vogl.pdf
Man vs. Machine: Practical Adversarial Detection of Malicious Crowdsourcing Workers.,https://www.usenix.org/conference/usenixsecurity14/technical-sessions/presentation/wang,uss,2014,No,\,Yes,"We need a base- line dataset of normal users for comparison.|We extract two different baseline datasets.|We extract records of 20,416 crowdturfing campaigns",Data,sec14-paper-wang-gang.pdf
Effective Attacks and Provable Defenses for Website Fingerprinting.,https://www.usenix.org/conference/usenixsecurity14/technical-sessions/presentation/wang_tao,uss,2014,Yes,"We selected our list of 5,000 non- monitored pages from Alexaês top 10,000",Yes,We use a list of 90 instances each of 100 sensitive pages |,Data,sec14-paper-wang-tao.pdf
On the Feasibility of Large-Scale Infections of iOS Devices.,https://www.usenix.org/conference/usenixsecurity14/technical-sessions/presentation/wang_tielei,uss,2014,No,\,Yes,"We collected and built a pas- sive DNS database|We utilized technology provided by Damballa to collect HTTP headers|We obtained DNS traffic from two large ISPs in the US,",Data,sec14-paper-wang-tielei.pdf
TapDance: End-to-Middle Anticensorship without Flow Blocking.,https://www.usenix.org/conference/usenixsecurity14/technical-sessions/presentation/wustrow,uss,2014,No,Alexa top million domains ,No,sample of the IPv4 address space listening on port ,Non-data,sec14-paper-wustrow.pdf
"FLUSH+RELOAD: A High Resolution, Low Noise, L3 Cache Side-Channel Attack.",https://www.usenix.org/conference/usenixsecurity14/technical-sessions/presentation/yarom,uss,2014,No,\,No,\,Non-data,sec14-paper-yarom.pdf
SSOScan: Automated Testing of Web Applications for Single Sign-On Vulnerabilities.,https://www.usenix.org/conference/usenixsecurity14/technical-sessions/presentation/zhou,uss,2014,No,\,Yes,"We analyze the click data collected from the top 10,000 sites |We evaluated SSOScan by running it on the list of the most popular 20,000 websites",Data,sec14-paper-zhou.pdf
Privee: An Architecture for Automatically Analyzing Web Privacy Policies.,https://www.usenix.org/conference/usenixsecurity14/technical-sessions/presentation/zimmeck,uss,2014,Yes,we selected the majority of our policies randomly from the Alexa top 500 websites for the U.S. ,Yes,The database holds a total of 100 training policies.,Data,sec14-paper-zimmeck.pdf
Trustworthy Whole-System Provenance for the Linux Kernel,https://www.usenix.org/conference/usenixsecurity15/technical-sessions/presentation/bates,uss,2015,No,\,Yes,\,Non-data,sec15-paper-bates.pdf
De-anonymizing Programmers via Code Stylometry,https://www.usenix.org/system/files/conference/usenixsecurity15/sec15-paper-caliskan-islam.pdf,uss,2015,No,\,Yes,"We collected C++ source of thousands of contestants| We identified the most important 928 fea- tures out of 120,000|Wecollectedalargerdatasetof1,600programmers",Data,sec15-paper-caliskan-islam.pdf
Protocol State Fuzzing of TLS Implementations,https://www.usenix.org/system/files/conference/usenixsecurity15/sec15-paper-de-ruiter.pdf,uss,2015,No,\,Yes,\,Non-data,sec15-paper-de-ruiter.pdf
Automatic Generation of Data-Oriented Exploits,https://www.usenix.org/system/files/conference/usenixsecurity15/sec15-paper-hu.pdf,uss,2015,No,\,Yes,FLOWSTITCH generates 19 data-oriented attacks from 8 vulnerable programs.,Data,sec15-paper-hu.pdf
Investigating the Computer Security Practices and Needs of Journalists,https://www.usenix.org/conference/usenixsecurity15/technical-sessions/presentation/mcgregor,uss,2015,No,\,Yes,employed in a range of well-respected,Data,sec15-paper-mcgregor.pdf
To Pin or Not to Pin__ÓHelping App Developers Bullet Proof Their TLS Connections,https://www.usenix.org/system/files/conference/usenixsecurity15/sec15-paper-oltrogge.pdf,uss,2015,No,\,Yes,"We found 2,878,454 connections in custom code of which we identified 145,243 as TLS connections|We evaluate the update behaviour of 871,911 unique users|We found cus- tom TrustManager implementations in 42,902 apps|Our data extraction showed that of these apps, 573,258 imple- mented network connections",Data,sec15-paper-oltrogge.pdf
Securing Self-Virtualizing Ethernet Devices,https://www.usenix.org/conference/usenixsecurity15/technical-sessions/presentation/smolyar,uss,2015,No,\,Yes,\,Non-data,sec15-paper-smolyar.pdf
Evilcohort: detecting communities of malicious accounts on online services,https://www.usenix.org/system/files/conference/usenixsecurity15/sec15-paper-stringhini.pdf,uss,2015,No,\,Yes,we observed the email-sending activity on a large web- mail service.,Data,sec15-paper-stringhini.pdf
Measuring Real-World Accuracies and Biases in Modeling Password Guessability,https://www.usenix.org/conference/usenixsecurity15/technical-sessions/presentation/ur,uss,2015,No,\,Yes,"We examine 13,345 passwords from four sets created|The passwords in these sets were collected",Data,sec15-paper-ur.pdf
All Your Biases Belong to Us: Breaking RC4 in WPA-TKIP and TLS,https://www.usenix.org/system/files/conference/usenixsecurity15/sec15-paper-vanhoef.pdf,uss,2015,No,\,Yes,\,Non-data,sec15-paper-vanhoef.pdf
EASEAndroid: Automatic Policy Analysis and Refinement for Security Enhanced Android via Large-Scale Semi-Supervised Learning,https://www.usenix.org/conference/usenixsecurity15/technical-sessions/presentation/wang-ruowen,uss,2015,No,\,Yes,on 1.3 million audit logs,Data,sec15-paper-wang-ruowen.pdf
IDENTITY THEFT AS A TEACHABLE MOMENT,,weis,2016,Yes,"We use the Federal Reserve Bank of New York Consumer Credit Panel/Equifax data set (hereafter, CCP), combined with additional information on the timing (placement) and type of fraud alerts obtained from Equifax by the Payment Cards Center.",No,\,Data,WEIS_2016_paper_14-1.pdf
Whack-a-mole: Asymmetric Conflict and Guerrilla Warfare in Web Security ,,weis,2016,No,\,No,\,Non-data,WEIS_2016_paper_15-2.pdf
Identifying How Firms Manage Cybersecurity Investment ,,weis,2016,No,\,Yes,We recruited a total of 40 executives for this study ,Data,WEIS_2016_paper_19-1.pdf
Strategic News Bundling and Privacy Breach Disclosures,,weis,2016,Yes,The data for stock prices comes from the Center for Research in Security Prices (CRSP).|DatalossDB.org|Databreaches.net|PHIprivacy.net|Privacy Rights Clearinghouse,No,\,Data,WEIS_2016_paper_20-1.pdf
The Days Before Zero Day:Investment Models for Secure Software Engineering ,,weis,2016,No,\,No,\,Non-data,WEIS_2016_paper_21-2.pdf
Measuring Attitude towards Risk Treatment Actions amongst Information Security Professionals: an Experimental Approach,,weis,2016,No,\,No,\,Non-data,WEIS_2016_paper_22-5.pdf
Market Segmentation and Software Security: Pricing Patching Rights,,weis,2016,No,\,No,\,Non-data,WEIS_2016_paper_33-2.pdf
Data Security in the Digital Age: Reputation and Strategic Interactions in Security Investments ,,weis,2016,No,\,No,\,Non-data,WEIS_2016_paper_34-4.pdf
Privacy and Security Through the Lens of the Federal Trade Commissionês Bureau of Economics,,weis,2016,No,\,No,\,Non-data,WEIS_2016_paper_36-1.pdf
National-level risk assessment: A multi-country study of malware infections,,weis,2016,Yes,"The data was collected by Microsoft Malicious Software Removal Tool (MSRT), a malware cleaner utility that scans computers for infections of specific, prevalent malicious software and helps remove these infections",Yes,"The five less infected countries were Aland Islands (1.4%), Japan (3%), Cayman Islands (3.4%), Finland (3.6%) and Liechtenstien (3.7%), while the five most infected countries were Ethiopia (63.8%), Iraq (54.5%), Pakistan (54.2%), Yemen (51.8%) and Sudan (51.2%)",Data,WEIS_2016_paper_38-2-1.pdf
Malware and Market Share,,weis,2016,No,\,No,\,Non-data,WEIS_2016_paper_4-1.pdf
Risk Management for Third Party Payment Networks ,,weis,2016,Yes,"we analyzed one year of transac- tion data from the TPP network, spanning from from 1/8/2014 till 1/8/2015 and collected by Adyen, a globally active PSP.",No,\,Data,WEIS_2016_paper_43_1.pdf
MyTrackingChoices: Pacifying the Ad-Block War by Enforcing User Privacy Preferences,,weis,2016,Yes,"We incorporate Alexa.comês 500 top Web sites for almost each of the top-level categories.|we have approximately 76000 entries for English language. Three additional lists of unigrams and bigrams, although with a fewer number of entries, are also available for French, Spanish and Italian.|The collected data is from those users of MyTrackingChoices who downloaded it directly from Chrome Web Store. In order to study blocking ad behaviors.",No,\,Data,WEIS_2016_paper_48.pdf
Estimating the costs of consumer-facing cybercrime: A tailored instrument and representative data for six EU countries,,weis,2016,Yes,"We develop an instrument to measure the prevalence of cybercrime and the costs to consumers. We collected representative data for adult Internet users in the following six European member states (in protocol order): Germany (DE), Estonia (EE), Italy (IT), the Netherlands (NL), Poland (PL), and the United Kingdom (UK).",No,\,Data,WEIS_2016_paper_54-2.pdf
Join Me on a Market for Anonymity ,,weis,2016,Yes,We used JoinMarketês built-in order book watcher to monitor the available o_ers and stored a snapshot about every five minutes since the beginning of June 2015 until the end of January 2016. ,No,\,Data,WEIS_2016_paper_58.pdf
Determining an Optimal Threshold on the Online Reserves of a Bitcoin Exchange ,,weis,2016,No,\,No,\,Non-data,WEIS_2016_paper_68-2.pdf
The Impact of DDoS and Other Security Shocks on Bitcoin Currency Exchanges: Evidence from Mt. Gox ,,weis,2016,Yes,a trade history of Mt. Gox transactions was publicly leaked. ,,,Data,WEIS_2016_paper_7.pdf
Perverse Incentives in Security Contracts: A Case Study in the Colombian Power Grid,,weis,2016,No,\,No,\,Non-data,WEIS_2016_paper_71-1.pdf
"Given Enough Eyeballs, All Bugs Are Shallow? Revisiting Eric Raymond with Bug Bounty Programs",,weis,2016,Yes,"We have investigated a public data set of 35 public bug bounty programs from the HackerOne website. We collected the rewards received by security researchers, with their timestamps",No,\,Data,WEIS_2016_paper_76.pdf
International Comparison of Bank Fraud Reimbursement: Customer Perceptions and Contractual Terms,,weis,2016,Yes,"We surveyed the terms and conditions of 30 banks operating in 25 countries. The terms and conditions were reviewed to identify instructions or advice on security. This included how users should handle the PINs associated with their cards, as well as telephone and Internet banking credentials.|We recruited 151 participants in total: 41, 56 and 54 participants from the DE, UK and US respectively.",No,\,Data,WEIS_2016_paper_78-1.pdf
Metric tree-like structures in real-life networks: an empirical study,https://arxiv.org/pdf/1402.3364.pdf,,2016,Yes,"Our datasets come from different domains like Internet measurements,",No,\,Data,1402.3364.pdf
Evidence of spatial embedding in the IPv4 router-level Internet network,https://arxiv.org/pdf/1410.3340v1.pdf,,2014,Yes,by the Center for Applied Internet Data Analysis (CAIDA)|the MaxMind Geolite database for a subset of the routers to varying levels of precision.,No,\,Data,1410.3340v1.pdf
A Novel Methodology of Router-To-AS Mapping inspired by Community Discovery,https://arxiv.org/ftp/arxiv/papers/1512/1512.03916.pdf,,2015,Yes,PeeringDB IP-to-AS ground truth Data,No,\,Data,1512.03916.pdf
On Measuring the Geographic Diversity of Internet Routes,https://arxiv.org/pdf/1601.01116v1.pdf,,2016,Yes,Therefore we used the data ,No,\,Data,1601.01116v1.pdf
Towards Characterizing International Routing Detours,https://arxiv.org/pdf/1606.05047.pdf,,2016,Yes,MaxMind GeoLite,No,\,Data,1606.05047.pdf
An Empirical Comparison of Botnet Detection Methods,https://pdfs.semanticscholar.org/eabb/a0b46f4325d28d6e02f4ebbf70f40a1263a5.pdf,,2014,Yes,The dataset used in the paper includes an IRC-based Botnet|indexed three Botnet datasets2 until|A custom botnet dataset was created to verify five| Ericsson Research created a normal dataset that was used in Saad|A considerable amount of malware traffic in pcap forma|Another dataset with malware logs and benign logs was collected in NexGinRC|The last dataset analyzed,No,\,Data,a0b46f4325d28d6e02f4ebbf70f40a1263a5.pdf
"Lost in Space: Improving Inference ofIPv4 Address Space Utilization",http://www.caida.org/publications/papers/2014/lost_in_space/lost_in_space.pdf,,2014,Yes,We analyzed BGP announcements captured by all|we used a dataset compiled by Geoff Hus- ton|We collected unsampled NetFlow records| We collected per-flow logs from a vantage| We collected full packet traces from the|Our fourth VP is a large European IXP inter-|We used the ISI Internet Census dataset|We extracted IP addresses from logs of Project,No,\,Data,lost_in_space.pdf
How and How Much Traceroute Confuses Our Understanding of Network Paths,http://wpage.unina.it/pescape/doc/routerpaths_lanman2016.pdf,,2016,Yes," selected at random from a list of 102,404 reachable destinations|Our dataset contains more than 900 thousand",No,\,Data,routerpaths_lanman2016.pdf