Name,URL,Conf.,Year,Used,Description,Produced,Description
A Bayesian Approach to Privacy Enforcement in Smartphones.,https://www.usenix.org/conference/usenixsecurity14/technical-sessions/presentation/tripp,uss,2014,\,\,\,\
A Cognitive Multifractal Approach to Characterize Complexity of Non-Stationary and Malicious DNS Data Traffic Using Adaptive Sliding Window ,https://www.computer.org/csdl/proceedings/iccicc/2015/7290/00/07259368.pdf,IEEE on Congnitive Computing,2015,Yes,PREDICT ID USC-Lander! DoS_DNS_amplification-20130617 ,No,\
A Fistful of Bitcoins: Characterizing Payments Among Men with No Names,http://conferences.sigcomm.org/imc/2013/papers/imc182-meiklejohnA.pdf,IMC,2013,Yes,Engaged in transactions with random bitcoin users to gain their addresses with suplementary info from forums and websites (bitcointalk and blockchain),No,\
A Hybrid Architecture for Interactive Verifiable Computation.,http://dx.doi.org/10.1109/SP.2013.48,sp,2013,\,\,\,\
A Large-Scale Analysis of the Security of Embedded Firmwares.,https://www.usenix.org/conference/usenixsecurity14/technical-sessions/presentation/costin,uss,2014,\,\,\,\
A Large-Scale Empirical Analysis of Chinese Web Passwords.,https://www.usenix.org/conference/usenixsecurity14/technical-sessions/presentation/li_zhigong,uss,2014,\,\,\,\
A Look at Targeted Attacks Through the Lense of an NGO.,https://www.usenix.org/conference/usenixsecurity14/technical-sessions/presentation/le-blond,uss,2014,\,\,\,\
A Novel Methodology of Router-To-AS Mapping inspired by Community Discovery,https://arxiv.org/ftp/arxiv/papers/1512/1512.03916.pdf,,2015,Yes,"CAIDA ITDK Macroscopic Internet Topology Data Kit, and  PeeringDB",No,\
A Scanner Darkly: Protecting User Privacy from Perceptual Applications.,http://dx.doi.org/10.1109/SP.2013.31,sp,2013,\,\,\,\
Ad-Hoc Secure Two-Party Computation on Mobile Devices using Hardware Tokens.,https://www.usenix.org/conference/usenixsecurity14/technical-sessions/presentation/demmler,uss,2014,\,\,\,\
All Your Biases Belong to Us: Breaking RC4 in WPA-TKIP and TLS,https://www.usenix.org/system/files/conference/usenixsecurity15/sec15-paper-vanhoef.pdf,uss,2015,No,\,Yes,monitors network traffic and collects the necessary ciphertext statistics. like ciphertexts
All Your IFCException Are Belong to Us.,http://dx.doi.org/10.1109/SP.2013.10,sp,2013,\,\,\,\
Ally Friendly Jamming: How to Jam Your Enemy and Maintain Your Own Wireless Connectivity at the Same Time.,http://dx.doi.org/10.1109/SP.2013.22,sp,2013,\,\,\,\
An Empirical Comparison of Botnet Detection Methods,https://pdfs.semanticscholar.org/eabb/a0b46f4325d28d6e02f4ebbf70f40a1263a5.pdf,,2014,Yes,"Three Botnet datasets until May 16th, 2013, Witty Botnet in pcap format, datasets with responses to spoofed DoS traffic and anomalous packets, custom botnet dataset was created to verify five P2P botnet detection algorithms, etc",Yes,Public botnet dataset
An Ideal-Security Protocol for Order-Preserving Encoding.,http://dx.doi.org/10.1109/SP.2013.38,sp,2013,\,\,\,\
An Internet-Wide View of Internet-Wide Scanning.,https://www.usenix.org/conference/usenixsecurity14/technical-sessions/presentation/durumeric,uss,2014,\,\,\,\
Anon-Pass: Practical Anonymous Subscriptions.,http://dx.doi.org/10.1109/SP.2013.29,sp,2013,\,\,\,\
ASM: A Programmable Interface for Extending Android Security.,https://www.usenix.org/conference/usenixsecurity14/technical-sessions/presentation/heuser,uss,2014,\,\,\,\
Automatic Generation of Data-Oriented Exploits,https://www.usenix.org/system/files/conference/usenixsecurity15/sec15-paper-hu.pdf,uss,2015,No,\,Yes,FLOWSTITCH generates 19 data-oriented attacks from eight vulnerable pro- grams.
Automatically Detecting Vulnerable Websites Before They Turn Malicious.,https://www.usenix.org/conference/usenixsecurity14/technical-sessions/presentation/soska,uss,2014,\,\,\,\
BareCloud: Bare-metal Analysis-based Evasive Malware Detection.,https://www.usenix.org/conference/usenixsecurity14/technical-sessions/presentation/kirat,uss,2014,\,\,\,\
Blanket Execution: Dynamic Similarity Testing for Program Binaries and Components.,https://www.usenix.org/conference/usenixsecurity14/technical-sessions/presentation/egele,uss,2014,\,\,\,\
Brahmastra: Driving Apps to Test the Security of Third-Party Components.,https://www.usenix.org/conference/usenixsecurity14/technical-sessions/presentation/bhoraskar,uss,2014,\,\,\,\
Burst ORAM: Minimizing ORAM Response Times for Bursty Access Patterns.,https://www.usenix.org/conference/usenixsecurity14/technical-sessions/presentation/dautrich,uss,2014,\,\,\,\
BYTEWEIGHT: Learning to Recognize Functions in Binary Code.,https://www.usenix.org/conference/usenixsecurity14/technical-sessions/presentation/bao,uss,2014,\,\,\,\
Cardinal Pill Testing of System Virtual Machines.,https://www.usenix.org/conference/usenixsecurity14/technical-sessions/presentation/shi,uss,2014,\,\,\,\
Caveat Coercitor: Coercion-Evidence in Electronic Voting.,http://dx.doi.org/10.1109/SP.2013.32,sp,2013,\,\,\,\
Circuit Structures for Improving Efficiency of Security and Privacy Tools.,http://dx.doi.org/10.1109/SP.2013.40,sp,2013,\,\,\,\
Cookieless Monster: Exploring the Ecosystem of Web-Based Device Fingerprinting.,http://dx.doi.org/10.1109/SP.2013.43,sp,2013,\,\,\,\
De-anonymizing Programmers via Code Stylometry,https://www.usenix.org/system/files/conference/usenixsecurity15/sec15-paper-caliskan-islam.pdf,uss,2015,No,\,Yes,"We collected C++ source of thousands of contestants from the annual international competition äóìGoogle Code Jamäóù.We collected a larger dataset of 1,600 programmers from various years. Each of the programmers had 9 source code samples."
"Declarative, Temporal, and Practical Programming with Capabilities.",http://dx.doi.org/10.1109/SP.2013.11,sp,2013,\,\,\,\
"Design, Implementation and Verification of an eXtensible and Modular Hypervisor Framework.",http://dx.doi.org/10.1109/SP.2013.36,sp,2013,\,\,\,\
Detecting Malicious Activity with DNS Backscatter,http://conferences.sigcomm.org/imc/2015/papers/p197.pdf,IMC on Internet Measurements,2015,Yes,".jp country code domain for Japan from all seven of their anycast sites, root  datasets  from the short-term, complete (unsampled) observations taken as part of the 2014 DITL collection [16 ] (for B-Root,  shortly after 2014 DITL), data for M-Rootäó»s 2015 DITL collection, 9  months  of  data taken  at  the  M-Root  server sampled with only 1 out of every 10 queries in deterministic manner, 5-month  unsampled  dataset  (B-long)  taken  from  B-Root",No,\
Detection of Low-Rate Attacks in Computer Networks,http://www.isi.edu/~johnh/PAPERS/Thatte08a.pdf,IEEE Global Internet Symposium 2008,2008,Yes,Real Internet traces,No,\
DSCRETE: Automatic Rendering of Forensic Information from Memory Images via Application Logic Reuse.,https://www.usenix.org/conference/usenixsecurity14/technical-sessions/presentation/saltaformaggio,uss,2014,\,\,\,\
Dynamic Hooks: Hiding Control Flow Changes within Non-Control Data.,https://www.usenix.org/conference/usenixsecurity14/technical-sessions/presentation/vogl,uss,2014,\,\,\,\
EASEAndroid: Automatic Policy Analysis and Refinement for Security Enhanced Android via Large-Scale Semi-Supervised Learning,https://www.usenix.org/conference/usenixsecurity15/technical-sessions/presentation/wang-ruowen,uss,2015,No,\,Yes,Audit logs were collected anonymously from users who consented to provide diagnos- tic and usage data to help Samsung improve the quality and the performance of its products and services
Effective Attacks and Provable Defenses for Website Fingerprinting.,https://www.usenix.org/conference/usenixsecurity14/technical-sessions/presentation/wang_tao,uss,2014,\,\,\,\
Efficient Garbling from a Fixed-Key Blockcipher.,http://dx.doi.org/10.1109/SP.2013.39,sp,2013,\,\,\,\
Enforcing Forward-Edge Control-Flow Integrity in GCC &amp; LLVM.,https://www.usenix.org/conference/usenixsecurity14/technical-sessions/presentation/tice,uss,2014,\,\,\,\
Evidence of spatial embedding in the IPv4 router-level Internet network,https://arxiv.org/pdf/1410.3340v1.pdf,,2014,Yes,"Internet Topology Data Kit, geolocation acquired from the  MaxMind  Geolite  database  for  a  subset  of  the  routers  to  varying  levels  of  precision  ",No,\
Evilcohort: detecting communities of malicious accounts on online services,https://www.usenix.org/system/files/conference/usenixsecurity15/sec15-paper-stringhini.pdf,uss,2015,No,\,Yes,observe the email-sending activities on a large webmail service.
Exit from Hell? Reducing the Impact of Amplification DDoS Attacks.,https://www.usenix.org/conference/usenixsecurity14/technical-sessions/presentation/kuhrer,uss,2014,\,\,\,\
Faster Private Set Intersection Based on OT Extension.,https://www.usenix.org/conference/usenixsecurity14/technical-sessions/presentation/pinkas,uss,2014,\,\,\,\
Finding the Linchpins of the Dark Web: a Study on Topologically Dedicated Hosts on Malicious Web Infrastructures.,http://dx.doi.org/10.1109/SP.2013.18,sp,2013,\,\,\,\
"FLUSH+RELOAD: A High Resolution, Low Noise, L3 Cache Side-Channel Attack.",https://www.usenix.org/conference/usenixsecurity14/technical-sessions/presentation/yarom,uss,2014,\,\,\,\
Follow the Money,http://conferences.sigcomm.org/imc/2013/papers/imc184s-gillAemb.pdf,IMC,2013,Yes,"HTTP, mHTTp, and Univ traffic",No,\
Friendship and mobility: User movement in location-based social networks.,http://cs.stanford.edu/people/jure/pubs/mobile-kdd11.pdf,KDD,2011,No,\,Yes,"Gowalla data contains 6, 442, 890 check-in locations of 196,586 users over the period of Feb. 2009 to Oct. 2010."
From the Aether to the Ethernet - Attacking the Internet using Broadcast Digital Television.,https://www.usenix.org/conference/usenixsecurity14/technical-sessions/presentation/oren,uss,2014,\,\,\,\
"Geolife: A collaborative social networking service among user, location and trajectory.",http://sites.computer.org/debull/A10june/geolife.pdf,Bulletin of the IEEE Computer Society Technical Committee on Data Engineering,2010,No,\,Yes,"Geolife data was collected from 182 users in a period of over three years. It recorded a wide range of usersäó» outdoor movements, represented by a series of tuples containing latitude, longitude and timestamp."
Ghost Talk: Mitigating EMI Signal Injection Attacks against Analog Sensors.,http://dx.doi.org/10.1109/SP.2013.20,sp,2013,\,\,\,\
Gyrophone: Recognizing Speech from Gyroscope Signals.,https://www.usenix.org/conference/usenixsecurity14/technical-sessions/presentation/michalevsky,uss,2014,\,\,\,\
Hiding Information in Flash Memory.,http://dx.doi.org/10.1109/SP.2013.26,sp,2013,\,\,\,\
How and How Much Traceroute Confuses Our Understanding of Network Paths,http://wpage.unina.it/pescape/doc/routerpaths_lanman2016.pdf,,2016,Yes,"List  of  102,404 reachable  destinations  in  different 16  prefixes  we  obtained from the PREDICT project. Our dataset contains more than 900 thousand IP-level (multi)routes and 324,313 IP addresses",No,\
Hulk: Eliciting Malicious Behavior in Browser Extensions.,https://www.usenix.org/conference/usenixsecurity14/technical-sessions/presentation/kapravelos,uss,2014,\,\,\,\
Implementing TLS with Verified Cryptographic Security.,http://dx.doi.org/10.1109/SP.2013.37,sp,2013,\,\,\,\
Investigating the Computer Security Practices and Needs of Journalists,https://www.usenix.org/conference/usenixsecurity15/technical-sessions/presentation/mcgregor,uss,2015,No,\,Yes,interview with 15 journalists
iSeeYou: Disabling the MacBook Webcam Indicator LED.,https://www.usenix.org/conference/usenixsecurity14/technical-sessions/presentation/brocker,uss,2014,\,\,\,\
JIGSAW: Protecting Resource Access by Inferring Programmer Expectations.,https://www.usenix.org/conference/usenixsecurity14/technical-sessions/presentation/vijaykumar,uss,2014,\,\,\,\
Just-In-Time Code Reuse: On the Effectiveness of Fine-Grained Address Space Layout Randomization.,http://dx.doi.org/10.1109/SP.2013.45,sp,2013,\,\,\,\
"LibFTE: A Toolkit for Constructing Practical, Format-Abiding Encryption Schemes.",https://www.usenix.org/conference/usenixsecurity14/technical-sessions/presentation/luchaup,uss,2014,\,\,\,\
"Lost in Space: Improving Inference ofIPv4 Address Space Utilization",http://www.caida.org/publications/papers/2014/lost_in_space/lost_in_space.pdf,,2014,Yes,"Seven passive and active measurement datasets collected from July 2013 through Oct 2013, ISI census, BGP  announcements  captured  by  all collectors (24 collectors peering with 184 peers) of the Routeviews and RIPE RIS projects, dataset compiled by Geoff Huston,  which  merges  the  extended  delegation  files from the 5 RIRs with IANAäó»s published registries, unsampled NetFlow records from all the border routers of SWITCH, per-flow  logs  from  a  vantage point monitoring traffic of about 25,000 residential ADSL customers of a major European ISP, full packet traces from the/8 network telescope operated at the University of California San Diego, arge European IXP interconnecting more than 490 networks,  exchanging more than 400 PB monthly, ISI Internet Census dataset it55w20130723, IP addresses from logs of Project Sonaräó»s HTTP (TCP port 80) scan of the entire IPv4 address space on October 29, 2013, etc",No,\
Lucky Thirteen: Breaking the TLS and DTLS Record Protocols.,http://dx.doi.org/10.1109/SP.2013.42,sp,2013,\,\,\,\
Man vs. Machine: Practical Adversarial Detection of Malicious Crowdsourcing Workers.,https://www.usenix.org/conference/usenixsecurity14/technical-sessions/presentation/wang,uss,2014,\,\,\,\
Measuring IPv6 Adoption,http://web.engr.illinois.edu/~mdbailey/publications/sigcomm14_ipv6.pdf,SIGCOMM,2014,Yes,"RIR Address Allocations Jan 2004 äóñ Jan 2014ä__18K allocation snapshots (5 daily), Routing: Route Views Jan 2004 äóñ Jan 2014 45,271 BGP table snapshots, Routing: RIPE Jan 2004 äóñ Jan 2014, Google IPv6 Client Adoption Sep 2008 äóñ Dec 2013 millions of daily global samples, Verisign TLD Zone Files Apr 2007 äóñ Jan 2014 daily snapshots ofä__2.5 million A+AAAA glue records (.com & .net), CAIDA Ark Performance Data Dec 2008 äóñ Dec 2013ä__10 million IPs probed daily, Arbor Networks ISP Traffic Data Mar 2010 äóñ Dec 2013ä__33-50% of global Internet traffic; 2013 daily median: 50 terabits/sec (avg.),Verisign TLD Packets: IPv4 Jun 2011 äóñ Dec 2013 4 global sites, 5 of 13 gTLD NS letters (.com/.net),ä__4.5Bn queries, Verisign TLD Packets: IPv6Jun 2011 äóñ Dec 2013 15 global sites, both gTLD NS letters (.com/.net) w/IPv6, 647M queries, Alexa Top Host Probing Apr 2011 äóñ Dec 2013 10,000 servers probed twice/month",No,\
Measuring Real-World Accuracies and Biases in Modeling Password Guessability,https://www.usenix.org/conference/usenixsecurity15/technical-sessions/presentation/ur,uss,2015,No,\,Yes,"examine 13,345 passwords from four sets created under composition policie. analyze four automated guessing algorithms and one manual cracking approach"
Metric tree-like structures in real-life networks: an empirical study,https://arxiv.org/pdf/1402.3364.pdf,,2016,Yes,"PPI, Yeast, Homo, DutchElite, EVA, Erdos, DBLB-coauth, EPA, California, Routeview, AS_Caida, Dimes 3/2010, Aqualab, Itdk, Amazon",No,\
Mimesis Aegis: A Mimicry Privacy Shield-A System's Approach to Data Privacy on Public Cloud.,https://www.usenix.org/conference/usenixsecurity14/technical-sessions/presentation/lau,uss,2014,\,\,\,\
Never Been KIST: Tor's Congestion Management Blossoms with Kernel-Informed Socket Transport.,https://www.usenix.org/conference/usenixsecurity14/technical-sessions/presentation/jansen,uss,2014,\,\,\,\
ObliviStore: High Performance Oblivious Cloud Storage.,http://dx.doi.org/10.1109/SP.2013.25,sp,2013,\,\,\,\
On Limitations of Friendly Jamming for Confidentiality.,http://dx.doi.org/10.1109/SP.2013.21,sp,2013,\,\,\,\
On Measuring the Geographic Diversity of Internet Routes,https://arxiv.org/pdf/1601.01116v1.pdf,,2016,Yes,Traceroute dataset from IPlane,No,\
On the Effective Prevention of TLS Man-in-the-Middle Attacks in Web Applications.,https://www.usenix.org/conference/usenixsecurity14/technical-sessions/presentation/karapanos,uss,2014,\,\,\,\
On the Feasibility of Large-Scale Infections of iOS Devices.,https://www.usenix.org/conference/usenixsecurity14/technical-sessions/presentation/wang_tielei,uss,2014,\,\,\,\
On the Practical Exploitability of Dual EC in TLS Implementations.,https://www.usenix.org/conference/usenixsecurity14/technical-sessions/presentation/checkoway,uss,2014,\,\,\,\
One size does not fit all: 10 years of applying context-aware security,http://nsrg.eecs.umich.edu/publications/hst09_final.pdf,Technologies for Homeland Security 2009,2009,No,\,No,\
Optimizing Seed Selection for Fuzzing.,https://www.usenix.org/conference/usenixsecurity14/technical-sessions/presentation/rebert,uss,2014,\,\,\,\
Oxymoron: Making Fine-Grained Memory Randomization Practical by Allowing Code Sharing.,https://www.usenix.org/conference/usenixsecurity14/technical-sessions/presentation/backes,uss,2014,\,\,\,\
Password Managers: Attacks and Defenses.,https://www.usenix.org/conference/usenixsecurity14/technical-sessions/presentation/silver,uss,2014,\,\,\,\
Password Portfolios and the Finite-Effort User: Sustainably Managing Large Numbers of Accounts.,https://www.usenix.org/conference/usenixsecurity14/technical-sessions/presentation/florencio,uss,2014,\,\,\,\
Peeking into Your App without Actually Seeing It: UI State Inference and Novel Android Attacks.,https://www.usenix.org/conference/usenixsecurity14/technical-sessions/presentation/chen,uss,2014,\,\,\,\
Pinocchio: Nearly Practical Verifiable Computation.,http://dx.doi.org/10.1109/SP.2013.47,sp,2013,\,\,\,\
Practical Control Flow Integrity and Randomization for Binary Executables.,http://dx.doi.org/10.1109/SP.2013.44,sp,2013,\,\,\,\
Practical Darknet Measurement,http://mdbailey.ece.illinois.edu/publications/ciss06_final.pdf,CISS,2006,No,\,No,\
Practical Timing Side Channel Attacks against Kernel Space ASLR.,http://dx.doi.org/10.1109/SP.2013.23,sp,2013,\,\,\,\
Precise Client-side Protection against DOM-based Cross-Site Scripting.,https://www.usenix.org/conference/usenixsecurity14/technical-sessions/presentation/stock,uss,2014,\,\,\,\
Predicting Usersäó» Motivations behind Location Check-Ins and Utility Implications of Privacy Protection Mechanisms,http://www.shokri.org/files/Shokri-NDSS2015.pdf,ndss,2015,No,\,Yes,"to grant us access to their Foursquare data, we rewarded them with a fixed amount of money (US $4.5 per HIT [2], [22]). "
Preventing Cryptographic Key Leakage in Cloud Virtual Machines.,https://www.usenix.org/conference/usenixsecurity14/technical-sessions/presentation/pattuk,uss,2014,\,\,\,\
Privacy in Pharmacogenetics: An End-to-End Case Study of Personalized Warfarin Dosing.,https://www.usenix.org/conference/usenixsecurity14/technical-sessions/presentation/fredrikson_matthew,uss,2014,\,\,\,\
Privacy-Preserving Ridge Regression on Hundreds of Millions of Records.,http://dx.doi.org/10.1109/SP.2013.30,sp,2013,\,\,\,\
Privee: An Architecture for Automatically Analyzing Web Privacy Policies.,https://www.usenix.org/conference/usenixsecurity14/technical-sessions/presentation/zimmeck,uss,2014,\,\,\,\
PrivExec: Private Execution as an Operating System Service.,http://dx.doi.org/10.1109/SP.2013.24,sp,2013,\,\,\,\
Protocol State Fuzzing of TLS Implementations,https://www.usenix.org/system/files/conference/usenixsecurity15/sec15-paper-de-ruiter.pdf,uss,2015,No,\,Yes,analysed the nine different implementations listed in table #1. compare different modified equivalence algorithm.
PUFs in Security Protocols: Attack Models and Security Evaluations.,http://dx.doi.org/10.1109/SP.2013.27,sp,2013,\,\,\,\
Remote Detection of Bottleneck Links Using Spectral and Statistical Methods,https://www.isi.edu/~johnh/PAPERS/He09a.pdf,Computer Networks V 53 (N. 3),2009,Yes,"Iperf to generate TCP and UDP packet streams, which mimic TCP file downloads or UDP CBR traffic",No,\
ret2dir: Rethinking Kernel Isolation.,https://www.usenix.org/conference/usenixsecurity14/technical-sessions/presentation/kemerlis,uss,2014,\,\,\,\
Revealing Middlebox Interference with Tracebox,http://conferences.sigcomm.org/imc/2013/papers/imc032s-detalA.pdf,IMC,2013,Yes,"top 5,000 Alexa web sites, deployed tracebox on PlanetLab, using 72 machines as vantage points (VPs). Each VP had a target list of 5,000 items build with the top 5,000 Alexa web sites",No,\
Revisiting SSL/TLS Implementations: New Bleichenbacher Side Channels and Attacks.,https://www.usenix.org/conference/usenixsecurity14/technical-sessions/presentation/meyer,uss,2014,\,\,\,\
ROP is Still Dangerous: Breaking Modern Defenses.,https://www.usenix.org/conference/usenixsecurity14/technical-sessions/presentation/carlini,uss,2014,\,\,\,\
Scheduler-based Defenses against Cross-VM Side-channels.,https://www.usenix.org/conference/usenixsecurity14/technical-sessions/presentation/varadarajan,uss,2014,\,\,\,\
"SDDR: Light-Weight, Secure Mobile Encounters.",https://www.usenix.org/conference/usenixsecurity14/technical-sessions/presentation/lentz,uss,2014,\,\,\,\
Search + Seizure: The Effectiveness of Interventions on SEO Campaigns,http://conferences2.sigcomm.org/imc/2014/papers/p359.pdf,IMC (Internet Measurement Conference),2014,No,\,Yes,"provide the first large-scale empirical characterization of SEO abuse for luxury brands. fetch visitor data for each store by visiting the publicly ac- cessible default AWStats URL, In the PSR data set, we found 68,193 äóìhackedäóù search results."
Securing Self-Virtualizing Ethernet Devices,https://www.usenix.org/conference/usenixsecurity15/technical-sessions/presentation/smolyar,uss,2015,No,\,Yes,performance evaluation according to the methodology in RFC 2544
Security Analysis of a Full-Body Scanner.,https://www.usenix.org/conference/usenixsecurity14/technical-sessions/presentation/mowery,uss,2014,\,\,\,\
seL4: From General Purpose to a Proof of Information Flow Enforcement.,http://dx.doi.org/10.1109/SP.2013.35,sp,2013,\,\,\,\
Shades of Grey: On the effectiveness of reputation-based äóìblacklistsäóù,http://nsrg.eecs.umich.edu/publications/malware08_final.pdf,MALWARE 2008,2008,Yes,"Spam received by a large academic network consisting of 7,000 unique hosts, with millions of email messages, over a period 10 days in June of 2008",No,\
Size Does Matter: Why Using Gadget-Chain Length to Prevent Code-Reuse Attacks is Hard.,https://www.usenix.org/conference/usenixsecurity14/technical-sessions/presentation/goktas,uss,2014,\,\,\,\
SoK: Eternal War in Memory.,http://dx.doi.org/10.1109/SP.2013.13,sp,2013,\,\,\,\
SoK: P2PWNED - Modeling and Evaluating the Resilience of Peer-to-Peer Botnets.,http://dx.doi.org/10.1109/SP.2013.17,sp,2013,\,\,\,\
SoK: Secure Data Deletion.,http://dx.doi.org/10.1109/SP.2013.28,sp,2013,\,\,\,\
SoK: SSL and HTTPS: Revisiting Past Challenges and Evaluating Certificate Trust Model Enhancements.,http://dx.doi.org/10.1109/SP.2013.41,sp,2013,\,\,\,\
SoK: The Evolution of Sybil Defense via Social Networks.,http://dx.doi.org/10.1109/SP.2013.33,sp,2013,\,\,\,\
SpanDex: Secure Password Tracking for Android.,https://www.usenix.org/conference/usenixsecurity14/technical-sessions/presentation/cox,uss,2014,\,\,\,\
Spectral Fractal Dimension Trajectory to Measure Cognitive Complexity of Malicious DNS Traffic,http://worldcomp-proceedings.com/proc/p2016/SAM3798.pdf,SAM,2016,Yes,"Data set from PREDICT USA which contains  traces of a DNS distributed denial of service attack (DDOS), Data set from CAIDA USA which contains internet traces from optical fiber internet connectivity from 2002 and 2003",Yes,Data set from our experiment in which a PCAP file is captured from a lab computer which is being used for browsing and software development for the cyber security project
Speedtrap: Internet-Scale IPv6 Alias Resolution,http://conferences.sigcomm.org/imc/2013/papers/imc40s-luckieAemb.pdf,IMC,2013,Yes,"CAIDAäó»s Archipelago (Ark) infrastructure for March 2013, validation of the aliases using RANCID, STP-1, STP-2 and AP",Yes,"probe at a low rate of 20pps from a single VP, producing 26Kbps of traffic, evaluation of interfaces using their product to identify aliases"
SSOScan: Automated Testing of Web Applications for Single Sign-On Vulnerabilities.,https://www.usenix.org/conference/usenixsecurity14/technical-sessions/presentation/zhou,uss,2014,\,\,\,\
Static Detection of Second-Order Vulnerabilities in Web Applications.,https://www.usenix.org/conference/usenixsecurity14/technical-sessions/presentation/dahse,uss,2014,\,\,\,\
Stitching the Gadgets: On the Ineffectiveness of Coarse-Grained Control-Flow Integrity Protection.,https://www.usenix.org/conference/usenixsecurity14/technical-sessions/presentation/davi,uss,2014,\,\,\,\
Succinct Non-Interactive Zero Knowledge for a von Neumann Architecture.,https://www.usenix.org/conference/usenixsecurity14/technical-sessions/presentation/ben-sasson,uss,2014,\,\,\,\
TapDance: End-to-Middle Anticensorship without Flow Blocking.,https://www.usenix.org/conference/usenixsecurity14/technical-sessions/presentation/wustrow,uss,2014,\,\,\,\
Targeted Threat Index: Characterizing and Quantifying Politically-Motivated Targeted Malware.,https://www.usenix.org/conference/usenixsecurity14/technical-sessions/presentation/hardy,uss,2014,\,\,\,\
Telepathwords: Preventing Weak Passwords by Reading Users' Minds.,https://www.usenix.org/conference/usenixsecurity14/technical-sessions/presentation/komanduri,uss,2014,\,\,\,\
The Crossfire Attack.,http://dx.doi.org/10.1109/SP.2013.19,sp,2013,\,\,\,\
The Emperor's New Password Manager: Security Analysis of Web-based Password Managers.,https://www.usenix.org/conference/usenixsecurity14/technical-sessions/presentation/li_zhiwei,uss,2014,\,\,\,\
The Internet Motion Sensor: A Distributed Blackhole Monitoring System,http://web.eecs.umich.edu/~farnam/pubs/2005-bc-ndss.pdf,ndss,2005,Yes,"One-week period of measurement, the IMS system observed over 286,000 unique IP addresses displaying the characteristics  of  Blaster  activity (Basically lots of their scans of their sensors from different date ranges werer used)",No,\
"The Long Taile"" of Typosquatting Domain Names.""",https://www.usenix.org/conference/usenixsecurity14/technical-sessions/presentation/szurdi,uss,2014,\,\,\,\
The MALICIA Dataset: Identification and Analysis of Drive-by Download Operations.,https://lirias.kuleuven.be/bitstream/123456789/464045/1/malicia_dataset.pdf,International Journal of Information Security,2015,No,\,Yes,"collect over time how exploit servers areconfigured, which exploits they use, and what malware they distribute, grouping servers with similar configurations intooperations."
The Parrot Is Dead: Observing Unobservable Network Communications.,http://dx.doi.org/10.1109/SP.2013.14,sp,2013,\,\,\,\
To Pin or Not to PinäóîHelping App Developers Bullet Proof Their TLS Connections,https://www.usenix.org/system/files/conference/usenixsecurity15/sec15-paper-oltrogge.pdf,uss,2015,No,\,Yes,#1. evaluate 639283 android apps for an overview od the applicability of pinning in the android universe. #2. evaluate update behaviour of 871911 unique users. #3. collect feed back from 45 developers #4. 20020535 calls to network related API calls.which the author recommended pinning.
Towards Characterizing International Routing Detours,https://arxiv.org/pdf/1606.05047.pdf,,2016,Yes,"MaxMind GeoLite City (free and paid), RIPE Atlas, CAIDA AS Relationship, XP websites, PeeringDB, PCH, CAIDA ITDK, iPlane, CAIDA Ark, iPlane,OpenIPMap, RIPE Atlas Measurements, RouteViews, RIPE, RIS",No,\
Towards Detecting Anomalous User Behavior in Online Social Networks.,https://www.usenix.org/conference/usenixsecurity14/technical-sessions/presentation/viswanath,uss,2014,\,\,\,\
Towards Practical Reactive Security Audit Using Extended Static Checkers.,http://dx.doi.org/10.1109/SP.2013.12,sp,2013,\,\,\,\
Towards Reliable Storage of 56-bit Secrets in Human Memory.,https://www.usenix.org/conference/usenixsecurity14/technical-sessions/presentation/bonneau,uss,2014,\,\,\,\
"Trawling for Tor Hidden Services: Detection, Measurement, Deanonymization.",http://dx.doi.org/10.1109/SP.2013.15,sp,2013,\,\,\,\
TRUESET: Faster Verifiable Set Computations.,https://www.usenix.org/conference/usenixsecurity14/technical-sessions/presentation/kosba,uss,2014,\,\,\,\
Trustworthy Whole-System Provenance for the Linux Kernel,https://www.usenix.org/conference/usenixsecurity15/technical-sessions/presentation/bates,uss,2015,No,\,Yes,valuate the performance of LPM. Our bench- marks were run on a bare metal server machine with 12 GB memory and 2 Intel Xeon quad core CPUs.
Understanding Address Usage in the Visible Internet,http://www.isi.edu/~johnh/PAPERS/Cai09b.pdf,USC/ISI Technical Report,2009,Yes,"Internet ICMP surveys, 4.4M IP addresses probed the ping survey Nearly half of these (2.2M) have hostnames in the ISC reverse DNS survey",,
Understanding IPv6 Internet Background Radiation,http://conferences.sigcomm.org/imc/2013/papers/imc027-czyzA.pdf,IMC,2013,Yes,"BGP announcements across /12 IPv6 block from 5 RIRs (from /13 and /14 from RIPE NCC), Alexa top 1M domains, network probes of prefixes for four serves to find different types of packets, single week of IPv4 background radiation capture",No,\
Understanding the Dark Side of Domain Parking.,https://www.usenix.org/conference/usenixsecurity14/technical-sessions/presentation/alrwais,uss,2014,\,\,\,\
Understanding the Domain Registration Behavior of Spammers,http://conferences.sigcomm.org/imc/2013/papers/imc247-haoA.pdf,IMC,2013,Yes,"DNZA file captures, WHOIS information, creation of a spam trap to collect spam, URIBL, SURBL, Spamhaus DBL (all three DNS blacklists)",No,\
Welcome to the Entropics: Boot-Time Entropy in Embedded Devices.,http://dx.doi.org/10.1109/SP.2013.46,sp,2013,\,\,\,\
When Governments Hack Opponents: A Look at Actors and Technology.,https://www.usenix.org/conference/usenixsecurity14/technical-sessions/presentation/marczak,uss,2014,\,\,\,\
X-Force: Force-Executing Binary Programs for Security Applications.,https://www.usenix.org/conference/usenixsecurity14/technical-sessions/presentation/peng,uss,2014,\,\,\,\
XRay: Enhancing the Web's Transparency with Differential Correlation.,https://www.usenix.org/conference/usenixsecurity14/technical-sessions/presentation/lecuyer,uss,2014,\,\,\,\
Zerocoin: Anonymous Distributed E-Cash from Bitcoin.,http://dx.doi.org/10.1109/SP.2013.34,sp,2013,\,\,\,\
ZÌ÷: An Optimizing Distributing Zero-Knowledge Compiler.,https://www.usenix.org/conference/usenixsecurity14/technical-sessions/presentation/fredrikson,uss,2014,\,\,\,\
On the Security and Performance of Proof of Work Blockchains,https://dl.acm.org/authorize.cfm?key=N14231,ccs,2016,No,\,No,\
A Secure Sharding Protocol For Open Blockchains,https://dl.acm.org/authorize.cfm?key=N14232,ccs,2016,No,\,No,\
The Honey Badger of BFT Protocols,https://dl.acm.org/authorize.cfm?key=N14233,ccs,2016,No,\,No,\
Differential Privacy as a Mutual Information Constraint,https://dl.acm.org/authorize.cfm?key=N14234,ccs,2016,No,\,No,\
Advanced Probabilistic Couplings for Differential Privacy,https://dl.acm.org/authorize.cfm?key=N14245,ccs,2016,No,\,No,\
Differentially Private Bayesian Programming,https://dl.acm.org/authorize.cfm?key=N14246,ccs,2016,No,\,No,\
Strong Non-Interference and Type-Directed Higher-Order Masking,https://dl.acm.org/authorize.cfm?key=N14240,ccs,2016,No,\,No,\
Private Circuits III: Hardware Trojan-Resilience via Testing Amplification,https://dl.acm.org/authorize.cfm?key=N14242,ccs,2016,No,\,No,\
On the Instability of Bitcoin Without the Block Reward,https://dl.acm.org/authorize.cfm?key=N14243,ccs,2016,No,\,No,\
Transparency Overlays and Applications,https://dl.acm.org/authorize.cfm?key=N14244,ccs,2016,No,\,No,\
Mix&Slice: Efficient Access Revocation in the Cloud,https://dl.acm.org/authorize.cfm?key=N14358,ccs,2016,No,\,No,\
Safe Serializable Secure Scheduling: Transactions and the Trade-Off Between Security and Consistency,https://dl.acm.org/authorize.cfm?key=N14359,ccs,2016,No,\,No,\
Town Crier: An Authenticated Data Feed for Smart Contracts,https://dl.acm.org/authorize.cfm?key=N14352,ccs,2016,No,\,No,\
The Ring of Gyges: Investigating the Future of Criminal Smart Contracts,https://dl.acm.org/authorize.cfm?key=N14353,ccs,2016,No,\,No,\
Prefetch Side-Channel Attacks: Bypassing SMAP and Kernel ASLR,https://dl.acm.org/authorize.cfm?key=N14360,ccs,2016,No,\,No,\
Breaking Kernel Address Space Layout Randomization with Intel TSX,https://dl.acm.org/authorize.cfm?key=N14361,ccs,2016,No,\,No,\
Enforcing Least Privilege Memory Views for Multithreaded Applications,https://dl.acm.org/authorize.cfm?key=N14362,ccs,2016,No,\,No,\
Improvements to Secure Computation with Penalties,https://dl.acm.org/authorize.cfm?key=N14363,ccs,2016,No,\,No,\
Amortizing Secure Computation with Penalties,https://dl.acm.org/authorize.cfm?key=N14364,ccs,2016,No,\,No,\
Message-Recovery Attacks on Feistel-Based Format Preserving Encryption,https://dl.acm.org/authorize.cfm?key=N14376,ccs,2016,No,\,No,\
TypeSan: Practical Type Confusion Detection,https://dl.acm.org/authorize.cfm?key=N14372,ccs,2016,No,\,No,\
Alternative Implementations of Secure Real Numbers,https://dl.acm.org/authorize.cfm?key=N14385,ccs,2016,No,\,No,\
Garbling Gadgets for Boolean and Arithmetic Circuits,https://dl.acm.org/authorize.cfm?key=N14386,ccs,2016,No,\,No,\
Optimizing Semi-Honest Secure Multiparty Computation for the Internet,https://dl.acm.org/authorize.cfm?key=N14387,ccs,2016,No,\,No,\
MEMS Gyroscopes as Physical Unclonable Functions,https://dl.acm.org/authorize.cfm?key=N14388,ccs,2016,No,\,No,\
On the Security and Usability of Segment-based Visual Cryptographic Authentication Protocols,https://dl.acm.org/authorize.cfm?key=N14389,ccs,2016,No,\,No,\
Instant and Robust Authentication and Key Agreement among Mobile Devices,https://dl.acm.org/authorize.cfm?key=N14380,ccs,2016,No,\,No,\
Computational Soundness for Dalvik Bytecode,https://dl.acm.org/authorize.cfm?key=N14398,ccs,2016,No,\,No,\
SANA: Secure and Scalable Aggregate Network Attestation,https://dl.acm.org/authorize.cfm?key=N14399,ccs,2016,No,\,No,\
High-Throughput Semi-Honest Secure Three-Party Computation with an Honest Majority,https://dl.acm.org/authorize.cfm?key=N14305,ccs,2016,No,\,No,\
Efficient Batched Oblivious PRF with Applications to Private Set Intersection,https://dl.acm.org/authorize.cfm?key=N14306,ccs,2016,No,\,No,\
MASCOT: Faster Malicious Arithmetic Secure Computation with Oblivious Transfer,https://dl.acm.org/authorize.cfm?key=N14307,ccs,2016,No,\,No,\
"Covert Channels through Random Number Generator: Mechanisms, Capacity Estimation and Mitigations",https://dl.acm.org/authorize.cfm?key=N14308,ccs,2016,No,\,No,\
Return-Oriented Flush-Reload Side Channels on ARM and Their Implications for Android Devices,https://dl.acm.org/authorize.cfm?key=N14309,ccs,2016,No,\,No,\
A Software Approach to Defeating Side Channels in Last-Level Caches,https://dl.acm.org/authorize.cfm?key=N14300,ccs,2016,No,\,No,\
iLock: Immediate and Automatic Locking of Mobile Devices against Data Theft,https://dl.acm.org/authorize.cfm?key=N14315,ccs,2016,No,\,No,\
Hypnoguard: Protecting Secrets across Sleep-wake Cycles,https://dl.acm.org/authorize.cfm?key=N14316,ccs,2016,No,\,No,\
5Gen: A Framework for Prototyping Applications Using Multilinear Maps and Matrix Branching Programs,https://dl.acm.org/authorize.cfm?key=N14317,ccs,2016,No,\,No,\
Functional Lattice Cryptography,https://dl.acm.org/authorize.cfm?key=N14318,ccs,2016,No,\,No,\
"Frodo: Take off the Ring! Practical, Quantum-Secure Key Exchange from LWE",https://dl.acm.org/authorize.cfm?key=N14319,ccs,2016,No,\,No,\
Error Handling of In-vehicle Networks Makes Them Vulnerable,https://dl.acm.org/authorize.cfm?key=N14312,ccs,2016,No,\,No,\
"Order-Revealing Encryption: New Constructions, Applications, and Lower Bounds",https://dl.acm.org/authorize.cfm?key=N14322,ccs,2016,No,\,No,\
MERS: Statistical Test Generation for Side-Channel Analysis based Trojan Detection,https://dl.acm.org/authorize.cfm?key=N14241,ccs,2016,No,\,No,\
ProvUSB: Block-level Provenance-Based Data Protection for USB Storage Devices,https://dl.acm.org/authorize.cfm?key=N14350,ccs,2016,No,\,No,\
Security by Any Other Name: On the Effectiveness of Provider Based Email Security,http://dl.acm.org/citation.cfm?doid=2810103.2813607,ccs,2015,No,\,Yes,"We found that while more than half of the top 20,000 receiving MTAs supported TLS, and support for TLS is increasing, servers do not check certificates, opening the Internet email system up to man-in-the-middle eavesdropping attacks"
AUTOREB: Automatically Understanding the Review-to-Behavior Fidelity in Android Applications,http://dl.acm.org/citation.cfm?doid=2810103.2813689,ccs,2015,No,\,Yes,"crawled a real-world dataset of 2,614,186 users, 12,783 apps and 13,129,783 reviews from Google play, and use it to comprehensively evaluate AUTOREB"
Exploiting Temporal Dynamics in Sybil Defenses,http://dl.acm.org/citation.cfm?doid=2810103.2813693,ccs,2015,No,\,Yes,analysis and simulation of these attacks using both synthetic and real-world social network topologies
Cross-Site Search Attacks,http://dl.acm.org/citation.cfm?doid=2810103.2813688,ccs,2015,No,\,Yes,"implemented and evaluated the attacks against the popular Gmail and Bing services, in several environments and ethical experiments, taking careful, IRB-approved measures to avoid exposure of personal information."
Have we Crossed the Line? The Growing Ethical Debate in,http://www.sigsac.org/ccs/CCS2009/pd/abstract_22.pdf,ccs,2009,No,\,No,\
Modern Computer Security Research,,,,,,,
AUDACIOUS: User-Driven Access Control with Unmodified Operating Systems,https://dl.acm.org/authorize?N14357,ccs,2016,No,\,Yes,1060 errors acros 88 of the top 100 free applications in the Android application store caused by event and click forgery
"Build It, Break It, Fix It: Contesting Secure Development",https://dl.acm.org/authorize.cfm?key=N14396,ccs,2016,No,\,Yes,Information regarding the attendees of multiple contests 
Leave Your Phone at the Door: Side Channels that Reveal Factory Floor Secrets,https://dl.acm.org/authorize.cfm?key=N14301,ccs,2016,No,\,Yes,Sensor data produced on seven smartphones and one tablet
My Smartphone Knows What You Print: Exploring Smartphone-based Side-channel Attacks Against 3D Printers,https://dl.acm.org/authorize.cfm?key=N14302,ccs,2016,No,\,Yes,Sensor  data  collection  application  on Nexus 5 with Android OS 6.01
The Sounds of the Phones: Dangers of Zero-Effort Second Factor Login based on Ambient Audio,https://dl.acm.org/authorize.cfm?key=N14303,ccs,2016,No,\,Yes,General population statistics via an online survey to determine the phone usage habits and patterns relevant to attacks
UniSan: Proactive Kernel Memory Initialization to Eliminate Data Leakages,https://dl.acm.org/authorize.cfm?key=N14304,ccs,2016,No,\,Yes,"Discovered many previously unknown information leak vulnerabilities in the latest Linux and Android kernels, 19 of which have been confirmed by Linux maintainers and Google, conducted another study of kernel information leak vulnerabilities reported after 2013"
Using Reflexive Eye Movements for Fast Challenge-Response Authentication,https://dl.acm.org/authorize.cfm?key=N14313,ccs,2016,No,\,Yes,Series of systematic user experiments with 30 participants from the general public
When CSI Meets Public WiFi: Inferring Your Mobile Phone Password via WiFi Signals,https://dl.acm.org/authorize.cfm?key=N14314,ccs,2016,No,\,Yes,Study of ten volunteers and their touch screen usage related to entering passcodes
VoiceLive: A Phoneme Localization based Liveness Detection for Voice Authentication on Smartphones,https://dl.acm.org/authorize.cfm?key=N14325,ccs,2016,No,\,Yes,"Evaluation with 12 participants and different types of phones, vocal production of phonemes by two participants"
New Security Threats Caused by IMS-based SMS Service in 4G LTE Networks,https://dl.acm.org/authorize.cfm?key=N14328,ccs,2016,No,\,Yes,Vulnerabilities found and attacks based on those vulnerabilities crafted
Draco: A System for Uniform and Fine-grained Access Control for Web Code on Android,https://dl.acm.org/authorize.cfm?key=N14249,ccs,2016,No,\,No,\
Limiting the Impact of Stealthy Attacks on Industrial Control Systems,https://dl.acm.org/authorize.cfm?key=N14326,ccs,2016,Yes,Network data collected from an operational large-scale Supervisory Control and Data Acquisition (SCADA) system that manages more than 100 Programmable Logic Controllers,No,\
DPSense: Differentially Private Crowdsourced Spectrum Sensing,https://dl.acm.org/authorize.cfm?key=N14354,ccs,2016,Yes,"CRAWDAD dataset roma/taxi [2, 3] for our simu-",No,\
,,,,,"lations, extracting the traces from the center of Rome from that dataset",,
High Fidelity Data Reduction for Big Data Security Dependency Analyses,https://dl.acm.org/authorize.cfm?key=N14371,ccs,2016,Yes,Data logs collected from more than 30 machines with various server models and operating systems,No,\
How I Learned to be Secure: a Census-Representative Survey of Security Advice Sources and Behavior,https://dl.acm.org/authorize.cfm?key=N14384,ccs,2016,Yes,"U.S.-census-representative survey of 526 users, cognitive interviews with five demographically-diverse participants",No,\
Acing the IOC Game: Toward Automatic Discovery and Analysis of Open-Source Cyber Threat Intelligence,https://dl.acm.org/authorize.cfm?key=N14391,ccs,2016,Yes,"71,000 articles collected from 45 leading technical blogs",No,\
VCCFinder: Finding Potential Vulnerabilities in Open-Source Projects to Assist Code Audits,http://dl.acm.org/citation.cfm?doid=2810103.2813604,ccs,2015,Yes,"1. To the best of our knowledge, no large-scale database exists that maps vulnerabilities as reported by CVEs to commits. Meneely et al. and Shin et al. [25, 23, 24] manually created such mappings for the Mozilla Firefox Browser, Apache HTTP server and parts of the RHEL Linux kernel. 2. use the years 2011äóñ2014 as the test dataset. 3. Common Weakness Enumeration (CVE) database",Yes,"conducted the first large-scale mapping of CVEs to GitHub commits in order to create a vulnerable commit database. a large test database containing 66 C and C++ project with 170,860 commits on which to evaluate and compare our approach"
The Misuse of Android Unix Domain Sockets and Security Implications,https://dl.acm.org/authorize.cfm?key=N14247,ccs,2016,Yes,"APK files that corresponded to 14,644 apps on Google Play",Yes,Identified vulnerabilities in Android daemons and apps
Call Me Back! Attacks on System Server and System Apps in Android through Synchronous Callback,https://dl.acm.org/authorize.cfm?key=N14248,ccs,2016,Yes,"1,591 service interfaces of Android 5.1.0",Yes,Identified six previously unknown vulnerabilities in Android service systems
Over-The-Top Bypass: Study of a Recent Telephony Fraud,https://dl.acm.org/authorize.cfm?key=N14327,ccs,2016,Yes,"Performed more than 15,000 test calls during 8 months",Yes,"Conducted a user study with more than 8,000 users"
On the Practical (In-)Security of 64-bit Block Ciphers Collision Attacks on HTTP over TLS and OpenVPN,https://dl.acm.org/authorize.cfm?key=N14377,ccs,2016,Yes,Large number of HTTP requests,Yes,"Various vulnerabilities in Mozilla Firefox, OpenVPN, OpenSSL, Akami, Apple, Microsoft"
Scalable Graph-based Bug Search for Firmware Images,https://dl.acm.org/authorize.cfm?key=N14379,ccs,2016,Yes,"Firmware images from 8,126 devices across three architectures and 26 vendors, dataset of over 568,134 functions, Pewny et al and Eschweiler et al used the same public dataset based upon two publicly-available firmware images for baseline comparison",Yes,"Freely available vulnerability database for this effort and for the broader research community, 23 vulnerabilities in firmware images"
On Code Execution Tracking via Power Side-Channe,https://dl.acm.org/authorize.cfm?key=N14310,ccs,2016,Yes,"9  programs,  in  which  eight  of  them  are  from  Dalton Project and the remaining one is an implementation of AES-128 encryption algorithm migrated to our MCU",No,\
POPE: Partial Order Preserving Encoding,https://dl.acm.org/authorize.cfm?key=N14329,ccs,2016,Yes, 2 million public employee salary figures (California public employee payroll data from 2014,No,\
‘£o“Êo“‰äóñ Forward Secure Searchable Encryption,https://dl.acm.org/authorize.cfm?key=N14320,ccs,2016,Yes,English Wikipedia,No,\
What Else is Revealed by Order-Revealing Encryption?,https://dl.acm.org/authorize.cfm?key=N14321,ccs,2016,Yes,"Two real geographic datasets Cal, SpitzLoc, one synthetic geographic distribution Globe, and one real time-stamp dataset SpitzTime",No,\
EpicRec: Towards Practical Differentially Private Framework for Personalized Recommendation,https://dl.acm.org/authorize.cfm?key=N14355,ccs,2016,Yes,"MovieLens a movie rating dataset collected by the GroupLens Research Projectand Yelp2: a business rating data provided by RecSys Challenge 2013, metadata from the public äóìMy API Filmsäóù website",No,\
MPC-Friendly Symmetric Key Primitives,https://dl.acm.org/authorize.cfm?key=N14375,ccs,2016,Yes,Figures from the recent MASCOT protocol which uses OT extensions to obtain what are currently the best reported triple generation times with active security,No,\
SmartWalk: Enhancing Social Network Security via Adaptive Random Walks,https://dl.acm.org/authorize.cfm?key=N14370,ccs,2016,Yes,10 various large-scale real-world social network topologies  that  mainly  come  from  the  Stanford  Large  Network Dataset  Collection ,No,\
CREDAL: Towards Locating a Memory Corruption Vulnerability with Your Core Dump,https://dl.acm.org/authorize.cfm?key=N14373,ccs,2016,Yes,80 crashes  corresponding  to  73  memory  corruption  vulnerabilities archived in Offensive Security Exploit Database,No,\
CSPAutoGen: Black-box Enforcement of Content Security Policy upon Real-world Websites,https://dl.acm.org/authorize.cfm?key=N14383,ccs,2016,Yes,"Alexa Top 50 websites, six real-world web applications with XSS vulnerabilities",No,\
Practical Detection of Entropy Loss in Pseudo-Random Number Generators,https://dl.acm.org/authorize?N14395,ccs,2016,Yes,Five real-world PRNGs,No,Several vulnerabilities found during the implementation of the product
SandScout: Automatic Detection of Flaws in iOS Sandbox Profiles,https://dl.acm.org/authorize.cfm?key=N14397,ccs,2016,Yes,Container sandbox profile from iOS 9.0.2,No,Seven classes of exploitable vulnerabilities
C-FLAT: Control-Flow Attestation for Embedded Systems Software,https://dl.acm.org/authorize.cfm?key=N14390,ccs,2016,Yes,"Open Syringe Pump,  an open-source,  open-hardware syringe pump design",No,\
FeatureSmith: Automatically Engineering Features for Malware Detection by Mining the Security Literature,https://dl.acm.org/authorize.cfm?key=N14392,ccs,2016,Yes,"Papers from the IEEE Symposium on Security and Privacy (S&Päó»08äóñS&Päó»15),  the Computer  Security  Foundations  Symposium  (CSFäó»00äóñCSFäó»14), and  USENIX  Security  (Secäó»11), Drebin dataset",No,\
The äóìWeb/Localäóù Boundary Is Fuzzy: A Security Study of Chromeäó»s Process-based Sandboxing,https://dl.acm.org/authorize.cfm?key=N14394,ccs,2016,Yes,Code for Chromium 33,No,10 SOP checks and their corresponding critical data
Heavy Hitter Estimation over Set-Valued Data with Local Differential Privacy,https://dl.acm.org/authorize.cfm?key=N14356,ccs,2016,Yes,"AOL keyword search log and Kosarak click stream datasets, associate users with either keywords or URLs",No,\
Seeing through Network-Protocol Obfuscation,http://dl.acm.org/citation.cfm?doid=2810103.2813715,ccs,2015,Yes,Alex top 10K domains,Yes,"(1) packet-level traffic traces collected at various locations in a campus network, and (2) packet-level traces for Tor Pluggable Transport traffic collected in controlled environments."
Maneuvering Around Clouds: Bypassing Cloud-based Security Providers,http://dl.acm.org/citation.cfm?doid=2810103.2813633,ccs,2015,Yes,1. Alexa top 1 million 2. publicly available data of Rapid7äó»s Project Sonar (webserver service scan),Yes,conduct the first large-scale analysis of the effectiveness of the origin-exposing vectors
Making Smart Contracts Smarter,https://dl.acm.org/authorize.cfm?key=N14351,ccs,2016,Yes,"19,366 smart contracts from the blockchain as of May 5,  2016",Yes,"Found the number of mishandled exceptions, transaction-ordering dependence, timestamp dependence and reentrance handling instances within the studied contracts "
Coverage-based Greybox Fuzzing as Markov Chain,https://dl.acm.org/authorize.cfm?key=N14311,ccs,2016,Yes,"GNU binutils as subject because it is non-trivial and widely used for the analysis of program binaries. It con- sists of several tools including nm, objdump, strings, size, and c++filt",Yes,Several vulnerabilities found during the implementation of the product
"Twice the Bits, Twice the Trouble: Vulnerabilities Induced by Migrating to 64-Bit Platforms",https://dl.acm.org/authorize.cfm?key=N14374,ccs,2016,Yes,Source code of Debian stable (äóìJessieäóù) and 200 popular open-source projects hosted on GitHub,Yes,"Found vulnerabilities related to integers, migrating from 32 bit and larger address space"
Chainsaw: Chained Automated Workflow-based Exploit Generation,https://dl.acm.org/citation.cfm?id=2978380&CFID=798977837&CFTOKEN=23312577,ccs,2016,Yes,"9 open source applications (myBloggie (2.1.4), scarf beta, DNScript, WeBid (0.5.4), Eve(1.0), schoolmate (1.5.4), geccbblite (0.1), faqforge (1.3.2), webchess (0.9))",Yes,199 first- and second-order injection exploits
An In-Depth Study of More Than Ten Years of Java Exploitation,https://dl.acm.org/authorize.cfm?key=N14393,ccs,2016,Yes,"87 publicly available Java exploits (Metasploit (22 exploits), Exploit-DB (2), Packet  Storm (5),  from  the security research company Security Explorations (52), and an  online  repository  for  Java  exploits) and associated CVE identifiers",Yes,List of exploits
Deep Learning with Differential Privacy,https://dl.acm.org/authorize.cfm?key=N14365,ccs,2016,Yes,The  popular image datasets: MNIST,No,\
,,,,,and CIFAR-10,,
Membership Privacy in MicroRNA-based Studies,https://dl.acm.org/authorize.cfm?key=N14366,ccs,2016,Yes,"The dataset containing more than 1,000 miRNA ex-",No,\
,,,,,pression profiles publicly available in the gene expression omnibus (GEO) database under reference GSE6174,,
TaintART: A Practical Multi-level Information-Flow Tracking System for Android RunTime,https://dl.acm.org/authorize.cfm?key=N14367,ccs,2016,Yes,"Test  popular  apps  in  the äóìtop  chartäóù  downloaded  from  the Google official market (Google Play) in May 2016, Android Compatibility Test Suite (CTS) in",No,\
,,,,,6.0_r5 version,,
Statistical Deobfuscation of Android Applications,https://dl.acm.org/authorize.cfm?key=N14368,ccs,2016,Yes,"1784 non-obfuscated Android applications from F-Droid, one sample from each of the 49 malware families",No,\
Reliable Third-Party Library Detection in Android and its Security Applications,https://dl.acm.org/authorize.cfm?key=N14369,ccs,2016,Yes,"Comprehensive repository of third-party libraries and applications containing 164 libraries of different categories and a total of 2,065 versions, version histories for the top 50 apps of each category on Play between Sep 2015 and July 2016, accumulating to 96,995 packages from 3,590 apps, meta-information, such as app and library release dates, API misuse vulnerabilities",Yes,"360 affected packages from 23 distinct apps with vulnerability of Dropbox SDK versions 1.5.4 and 1.6.1,  394 affected packages from 51 distinct apps with an account hijacking vulnerability, 667 app versions of 296 distinct apps with a cumulative install-base of 3.7bn using ad libs with verified crypto misuse"
A Systematic Analysis of the Juniper Dual EC Incident,https://dl.acm.org/authorize.cfm?key=N14378,ccs,2016,Yes,"ScreenOS 6.2 PRNG cascade subroutines version 6.2.0r14.0 and 6.2.0r15.0,  Internet-wide scan of all IPv4 addresses on port 500, with various messages sent/recieved with certain criteria",No,\
 Measurement and Analysis of,https://dl.acm.org/authorize.cfm?key=N14381,ccs,2016,Yes," SSL certificates from full IPv4 scans, full IPv4 reverse DNS scans, Route-Views datasets,   CAIDAäó»s  AS-to-Organization  dataset, WHOIS data ,  3,275,635 self-managed and 1,781,962",No,\
Private Key Sharing in the HTTPS Ecosystem,,,,,outsourced leaf certificates,,
Unauthorized origin crossing on mobile platforms: threats and mitigation,http://dl.acm.org/citation.cfm?doid=2508859.2516727,ccs,2013,No,\,No,(two attacks)
Practical Anonymous Password Authentication and TLS with Anonymous Client Authentication,https://dl.acm.org/authorize.cfm?key=N14323,ccs,2016,No,\,No,\
Efficient Cryptographic Password Hardening Services from Partially Oblivious Commitments,https://dl.acm.org/authorize.cfm?key=N14324,ccs,2016,No,\,No,\
A Comprehensive Formal Security Analysis of OAuth 2.0,https://dl.acm.org/authorize.cfm?key=N14335,ccs,2016,No,\,No,\
An Empirical Study of Mnemonic Sentence-based Password Generation Strategies,https://dl.acm.org/authorize.cfm?key=N14336,ccs,2016,Yes,"sentences and passwords we collected from MneGenEx,  | MnePerEx, | MnePer, | MneEx by cross validation,| evaluate the strength of passwords generated using the variants as well as two commonly used datasets Yahoo and | phpBB against todayäó»s attacks, | utilizing (1) the 5-order Markov Model trained on Rockyou dataset, | (2) Google password strength API1, and | (3) Zxcvbn deployed by Dropbox,  multiple user studies evaluating the usability of the",No,\
,,,,,"mnemonic strategy, password strength",,
On the Security of Cracking-Resistant Password Vaults,https://dl.acm.org/authorize.cfm?key=N14337,ccs,2016,No,"The PBVault leak is likely from before June 2011 and has a substantial overlap with credentials that were obtained via keystroke logging and HTML form injection, | RockYou list contains 32 million plaintext passwords, |  Gmail list contains over 5 million Google Mail credentials and was posted in September 2014 in a Russian Bitcoin forum, | Yahoo leak is from July 2012 and was obtained by attacking the Yahoo! Voices publishing service; it contains around 450 thousand passwords,  | MySpace list contains around 55,000 passwords that were posted in October 2006",No,\
Targeted Online Password Guessing: An Underestimated Threat,https://dl.acm.org/authorize.cfm?key=N14338,ccs,2016,Yes,"Dodonew, | CSDN, | 126, | 12306, | Rockyou, | 000webhost,|  Xato, | Yahoo, | Rootkit,",Yes," we build PII-Dodonew with size 161,510 by matching Dodonew with 51job and 12306 using email address, and | PII-000webhost with size 2,950 by matching 000webhost with Rootkit, | we further build three lists of password pairs for Chinese users by matching Dodonew and CSDN with the two PII-associated Chinese password lists using email address"
PIPSEA: A Practical IPsec Gateway on Embedded APUs,https://dl.acm.org/authorize.cfm?key=N14339,ccs,2016,No,\,No,\
MiddlePolice: Toward Enforcing Destination-Defined Policies in the Middle of the Internet,https://dl.acm.org/authorize.cfm?key=N14330,ccs,2016,No,"CAIDA AS relationships dataset, including 52680 ASes and their business relationships",No,\
Protecting Insecure Communications with Topology-aware Network Tunnels,https://dl.acm.org/authorize.cfm?key=N14331,ccs,2016,Yes,"we evaluated 10,000 popular web domains according to Alexa",Yes,"Our final list, including the initial domains, contains 34,893 unique domains resolved to 20,026 distinct IP addresses, we only considered complete network paths for which we had identified all their hops ending up with data for 15,020 of the original 20,026 hosts"
Function Secret Sharing: Improvements and Extensions,https://dl.acm.org/authorize.cfm?key=N14332,ccs,2016,No,\,No,\
"Hash First, Argue Later",https://dl.acm.org/authorize.cfm?key=N14333,ccs,2016,No?,"Statistics has a data generator commit to n 64-bit words. Later, clients can outsource various statistical calculations on that data; for example, we experiment with computing K-bucket histograms. DNA matching creates a commitment to a string of n nucleotides, against which a client can then outsource queries, such as looking for a match for a length K substring",No,\
Practical Non-Malleable Codes from `-more Extractable Hash Functions,https://dl.acm.org/authorize.cfm?key=N14334,ccs,2016,No,\,No,\
A Surfeit of SSH Cipher Suites,https://dl.acm.org/authorize.cfm?key=N14345,ccs,2016,Yes,"two IPv4-address-space-wide scans for SSH servers using ZGrab/ZMap. These were conducted from November 11, 2015 to December 1, 2015 and | from January 22, 2016 to January 27, 2016. We found about 224 servers in each scan., | also randomly sampled 2048 IPs which were reporting dropbear_2014.66 resp. OpenSSH 5.3 to understand what kind of systems were running these services, ",No,\
Systematic Fuzzing and Testing of TLS Libraries,https://dl.acm.org/authorize.cfm?key=N14346,ccs,2016,No,\,No,\
Attacking OpenSSL Implementation of ECDSA with a Few Signatures,https://dl.acm.org/authorize.cfm?key=N14347,ccs,2016,No,\,No,\
Content Security Problems?,https://dl.acm.org/authorize.cfm?key=N14348,ccs,2016,Yes,"we collect the CSP headers from the Alexa Top 1M websites, | built a dataset of CSP violations using our Chromium extension",No,\
"CSP Is Dead, Long Live CSP! On the Insecurity of Whitelists and the Future of Content Security Policy",https://dl.acm.org/authorize.cfm?key=N14349,ccs,2016,Yes,data set that is representative of the web as a whole: a search index consisting of about 6.5 petabytes of data,No,\
Online Tracking: A 1-million-site Measurement and Analysis,https://dl.acm.org/authorize.cfm?key=N14340,ccs,2016,Yes,"All of our measurements use the Alexa top 1 million site list, | use two popular tracking-protection lists for this purpose: EasyList and | EasyPrivacy",No,\
PhishEye: Live Monitoring of Sandboxed Phishing Kits,https://dl.acm.org/authorize.cfm?key=N14341,ccs,2016,Yes,"We collected 643 unique phishing kits, which were uploaded on our honeypot over a period of five months from September 2015 to the end of January 2016, ",No,\
All Your DNS Records Point to Us,https://dl.acm.org/authorize.cfm?key=N14342,ccs,2016,Yes?,"choose a snapshot of Alexaäó»s top 1 million domain list for each year from 2010 to 2016, | we use the DNS tool dig to retrieve the DNS records of every domain in D and S, first identify a list of popular third-party services. To this end, we cluster all CNAME and MX records based on their data fields and then manually check all email and top 200 non-email services in terms of the cluster size",No,\
Identifying the Scan and Attack Infrastructures Behind Amplification DDoS Attacks,https://dl.acm.org/authorize.cfm?key=N14343,ccs,2016,Yes,"our modified AmpPot version observed 1,351,852 attacks, | our dataset contained TTL values for 168 distinct sources for five measurements, ",No,\
A Unilateral-to-Mutual Authentication Compiler for Key Exchange (with Applications to Client Authentication in TLS 1.3) ä_„,https://dl.acm.org/authorize.cfm?key=N14344,ccs,2016,No,\,No,\
Attribute-based Key Exchange with General Policies,https://dl.acm.org/authorize.cfm?key=N14455,ccs,2016,No,\,No,\
Identity-Concealed Authenticated Encryption and Key Exchange,https://dl.acm.org/authorize.cfm?key=N14456,ccs,2016,No,\,No,\
Generic Attacks on Secure Outsourced Databases,https://dl.acm.org/authorize.cfm?key=N14457,ccs,2016,Yes,"518 datasets from the Texas Hospital Inpatient Discharge Public Use Data File of 2008 (PUDF), | and the 1049 datasets from the 2009 HCUP Nationwide Inpatient Sample (NIS),",No,\
"The Shadow Nemesis: Inference Attacks on Efficiently Deployable, Efficiently Searchable Encryption",https://dl.acm.org/authorize.cfm?key=N14458,ccs,2016,Yes,"Enron email corpus includes real emails from the mailboxes of 150 employees of Enron Corporation, received between 2000 and 2002, | Ubuntu Chat Corpus is composed of archived chat logs from Ubuntuäó»s Internet Relay Chat technical support channels. This corpus comes from the logs between July 2004 and October 2012",No,\
Breaking Web Applications Built On Top of Encrypted Data,https://dl.acm.org/authorize.cfm?key=N14459,ccs,2016,Yes?,"a dictionary of 354,986 English words, | using several yearsäó» worth of Ubuntu IRC logs ",No,\
Host of Troubles: Multiple Host Ambiguities in HTTP Implementations,https://dl.acm.org/authorize.cfm?key=N14450,ccs,2016,Yes,"1.5 million advertising impressions with about $110 on the Bit-torrent PC client uTorrent, which distributes Flash advertisements as part of the revenue model, 1.5 million advertising impressions with about $110 on the Bit-torrent PC client uTorrent, which distributes Flash advertisements as part of the revenue model",No,\
Accessorize to a Crime: Real and Stealthy Attacks on State-of-the-Art Face Recognition,https://dl.acm.org/authorize.cfm?key=N14451,ccs,2016,Yes,"roughly 1000 images per celebrity for training, for a total of about 2.6M images.",No,\
Lurking Malice in the Cloud: Understanding and Detecting Cloud Repository as a Malicious Service,https://dl.acm.org/authorize.cfm?key=N14452,ccs,2016,Yes,"Alexa top 3K websites, which are considered to be mostly clean, utilized two feeds as the ground truth for gathering bad cloud buckets: the Spamtrap feed and the CleanMX feed. The former comes from a Spam honeypot we constructed that receives around 10K Spam emails per day, from which cloud URLs promoted by the emails were extracted which may include spam resources such as HTML, images, and scripts. The latter includes the historical data of CleanMX, a popular domain scanning engine, from which cloud-related URLs were collected, Common Crawl, a public big data project that crawls about 5 billion webpages each month through a large-scale Hadoop-based crawler and maintains lists of the crawled websites and their embedded links, this unknown set contains HTTP traffic collected using a crawler to visit a list of websites, Once a URL is confirmed malicious, its corresponding bucket is labeled as bad.  Those unlabeled but flagged (by BarFinder) buckets are further validated manually",Yes,"BarFinder reported 730 suspicious repositories from 6885 cloud buckets over 20 cloud platforms. Among them, we utilized 694 confirmed Bars (through AV/blacklist scanning or manual validation, see Section 3.3) for the measurement study. These Bars were found to directly serve 156,608 domains"
Safely Measuring Tor,https://dl.acm.org/authorize.cfm?key=N14453,ccs,2016,Yes,We  collected  Tor  measurements in multiple rounds of different lengths,No,\
PREDATOR: Proactive Recognition and Elimination of Domain Abuse at Time-Of-Registration,https://dl.acm.org/authorize.cfm?key=N14454,ccs,2016,Yes,"We collect authoritative nameservers for the domains within five minutes of domain registrations (i.e., the epoch that we have defined) from the zone update files and map them to a set of binary features, where 1 means the nameserver resolves the domain, | We use the mapping dataset from iPlane to map the IP addresses to Autonomous System numbers,  equivalent registration times from the zone update data, and extract hour-of-the-day and day-of-the-week, | Our primary dataset consists of changes made to the .com zone, the largest TLD, for a five-month period, MarchäóñJuly 2012, | We also obtain the DNZA data of .net zone for five months, from October 2014 to February 2015, | exclusive blacklisted .com domains (i.e., not",No,\
,,,,,"reported by other feeds) on Spamhaus, | URIBL, and |  our spam trap number 24,015, 4,524, and 442 respectively",,
Stemming Downlink Leakage from Training Sequences in Multi-User MIMO Networks,https://dl.acm.org/authorize.cfm?key=N14465,ccs,2016,No,\,No,\
A Protocol for Privately Reporting Ad Impressions at Scale,https://dl.acm.org/authorize.cfm?key=N14466,ccs,2016,No,\,No,\
Secure Stable Matching at Scale,https://dl.acm.org/authorize.cfm?key=N14467,ccs,2016,Yes,dataset designed to model the 2016 national medical residency match,No,\
BeleniosRF: A Non-interactive Receipt-Free Electronic Voting Scheme,https://dl.acm.org/authorize.cfm?key=N14468,ccs,2016,No,\,No,\
ECDSA Key Extraction from Mobile Devices via Nonintrusive Physical Side Channels,https://dl.acm.org/authorize.cfm?key=N14469,ccs,2016,Yes, leakage of 5000 OpenSSL ECDSA signatures executed on an iPhone 3GS,No,\
äóìMake Sure DSA Signing Exponentiations Really are Constant-Time,https://dl.acm.org/authorize.cfm?key=N14460,ccs,2016,Yes,collect 580 SM sequences from TLS handshakes and 260 from SSH,No,\
On the Provable Security of (EC)DSA Signatures,https://dl.acm.org/authorize.cfm?key=N14461,ccs,2016,No,\,No,\
Android ION Hazard: the Curse of Customizable Memory Management System,https://dl.acm.org/authorize.cfm?key=N14462,ccs,2016,Yes,"We have analyzed 17 Android devices in total,",No,\
Drammer: Deterministic Rowhammer Attacks on Mobile Platforms,https://dl.acm.org/authorize.cfm?key=N14463,ccs,2016,No,Uses phones to perform a test but not techncially data,No,\
SFADiff: Automated Evasion Attacks and Fingerprinting Using Black-box Differential Automata Learning,https://dl.acm.org/authorize.cfm?key=N14464,ccs,2016,No,\,No,\
Slitheen: Perfectly Imitated Decoy Routing through Traffic Replacement,https://dl.acm.org/authorize.cfm?key=N14475,ccs,2016,Yes,"visited the Alexa top 10,000 TLS sites that support our implemented ciphersuites",No,\
Practical Censorship Evasion Leveraging Content Delivery Networks,https://dl.acm.org/authorize.cfm?key=N14476,ccs,2016,Yes,"top 10,000 Alexa websites from 20 geographically-dispersed Planetlab nodes, | all insecure edge servers of Akamai respond correctly to HTTPS requests for any of the 400 Akamai customer websites we tried",No,\
GAME OF DECOYS: Optimal Decoy Routing Through Game Theory,https://dl.acm.org/authorize.cfm?key=N14477,ccs,2016,Yes,"We use CAIDAäó»s äóìJan 2016äóù AS relationships database to model the business relationship between ASes, | We use GeLite2 geo-location database for the mapping between IP addresses and geographical locations, | We use CAIDAäó»s AS rank dataset to map between ASes and IP address ranges, also for AS sizes,  | We use the OEC10 dataset to infer the economical relationship between countries, | We use the DNS Census dataset composed of about 2.5 billion DNS records to find the domain names belonging to various censoring countries.",No,\