On the Security and Performance of Proof of Work Blockchains,https://dl.acm.org/authorize.cfm?key=N14231,CCS,2016,No,\,No,\,,Yes,"""publish lh + 1 of his blocks to replace the
honest network‚Äôs chain with his own. if the adversary exploits
the mining power of the victim, the adversary might use be
blocks from the victim for an ov
t gen-
eration times) and the same information propagation system (with
different block sizes).

we crawled the available nodes in litecoin and dogecoin [3] in

3https://bitcoin.org/en/developer-refer
inus gasser, and bryan ford. enhancing
bitcoin security and performance with strong consistency via
collective signing. in 25th usenix security symposium
(usenix security 16), pages 279‚Äì296, austin,
""",exploits,crawl,collect
A Secure Sharding Protocol For Open Blockchains,https://dl.acm.org/authorize.cfm?key=N14232,CCS,2016,No,\,No,\,,Yes,"""al university of singapore

prateeks@comp.nus.edu.sg

abstract
cryptocurrencies, such as bitcoin and 250 similar alt-coins, em-
body at their core a blockchain protocol ‚Äî a mechanism for a dis-
trib
us protocols, i.e., the committee al-
ways reaches consensus in polynomial time. the committee then
collects enough number of signatures (e.g., c/2 + 1) to guarantee
that at least one honest member ha
""",number,collect
The Honey Badger of BFT Protocols,https://dl.acm.org/authorize.cfm?key=N14233,CCS,2016,No,\,No,\,,Yes,"""ccess to outsourced data. acm tods,
35(2):12:1‚Äì12:46, april 2010.

[8] s. diesburg and a. wang. a survey of conÔ¨Ådential

data storage and deletion methods. acm computer
surveys, 43(1), dec. 2010.

 individually have authorization cannot be considered
collusion, since merging their knowledge they collectively do
not go beyond their privileges. collusion is then represented
by users who join eÔ¨Ä
""",survey,collect
Differential Privacy as a Mutual Information Constraint,https://dl.acm.org/authorize.cfm?key=N14234,CCS,2016,No,\,No,\,,Yes,"""e variable x had the value 3‚Äù), or write operations (‚Äú2
was written into the variable y‚Äù). in figures 3 and 4, for example,
events are represented as ovals, and correspond to lines of code.

als
with
an abort channel. suppose patsy is a trusted hospital employee,
running the code in fig. 3a to collect the addresses of hiv-positive
patients in order to send treatment reminders. patsy runs her 
""",figures,collect
Advanced Probabilistic Couplings for Differential Privacy,https://dl.acm.org/authorize.cfm?key=N14245,CCS,2016,No,\,No,\,,Yes,""" we assume basic familiarity by readers
with tls and https (http over tls). as we explain
later, tc exploits an important feature of https, namely
that it can be partitioned into interoperable layers:
ereof)
cannot convince ctc to accept a datagram that diÔ¨Äers from
the expected content obtained by crawling the speciÔ¨Åed url
at the speciÔ¨Åed time. in our formal deÔ¨Ånition, we assume

that the u
""",exploits,crawl
Differentially Private Bayesian Programming,https://dl.acm.org/authorize.cfm?key=N14246,CCS,2016,No,\,No,\,,Yes,""" short interval of time
which we denote by Œ¥. (a slant toward up-front realization
of the value of exploits is common in general [24].) a suitable
choice of reward function should be front-loaded and
ommunity to decrypt mi.

we give further details in the online full version [42].

shortcomings and vulnerabilities. the darkleaks pro-
tocol has three major shortcomings / vulnerabilities that ap-
pe
choose to forego payment
for selected segments and not disclose them. for example,
c could leak and collect payment for all of a leaked Ô¨Ålm but
the last few minutes (which, with high probability, wi
""",exploits,vulnerabilities,collect
Strong Non-Interference and Type-Directed Higher-Order Masking,https://dl.acm.org/authorize.cfm?key=N14240,CCS,2016,No,\,No,\,,Yes,"""r, they rely on speculative execu-
tion to perform tasks before they are needed. data prefetch-
ing exploits this idea to speculatively load data into the
cache. this can be done in two diÔ¨Äerent way
nalysis and
countermeasures; systems security; operating sys-
tems security;

keywords
aslr; kernel vulnerabilities; timing attacks

permission to make digital or hard copies of all or part of this wo
""",exploits,vulnerabilities
Private Circuits III: Hardware Trojan-Resilience via Testing Amplification,https://dl.acm.org/authorize.cfm?key=N14242,CCS,2016,No,\,No,\,,Yes,"""recisely de-randomize the mem-
ory layout of the kernel without violating any such assumptions.
drk exploits a hardware feature called intel transactional synchro-
nization extension (tsx) that is rea
ective and widely adopted defense mechanism that
can practically mitigate various memory corruption vulnerabilities,
such as buffer overflow and use-after-free. in principle, kaslr
is secure as long a
s the mapped versus unmapped case.
after the itlb miss, the processor walks through the page table,
figures out the address is not mapped, and generates a page fault.

in summary, while executable pag
onal synchronization exten-
sion (intel tsx), that is widely deployed in modern intel cpus‚Äîin
our survey, 100% of cpus for server/workstation and 60% in high-
end computers since skylake have intel 
l address.
probing strategy. figure 5 shows how drk works. basically, it
consists of two steps: (1) collect timing information for the memory
(probing step) and (2) determine the kernel map using the 
""",exploits,vulnerabilities,figures,survey,collect
On the Instability of Bitcoin Without the Block Reward,https://dl.acm.org/authorize.cfm?key=N14243,CCS,2016,No,\,No,\,,Yes,"""
ner following application requirements. an evaluation of our
prototype in the linux kernel (tcb < 1,800 loc) shows
negligible runtime performance overhead in real-world ap-
plications including chero
g web pages, and (b) large
streaming Ô¨Åles. based on the total transfer size per page re-
ported in alexa top one million websites [19], we tested web
page sizes from moderate amount of content to ab

[20] h. hu, z. l. chua, s. adrian, p. saxena, and

z. liang. automatic generation of data-oriented
exploits. in 24th usenix security symposium
(usenix security 15), pages 177‚Äì192, washington,
d.c.,
ng to properly isolate components in the same address
space has resulted in a substantial amount of vulnerabilities.
enforcing the least privilege principle for memory accesses
can selectively isolate
re vulnerabilities. we refer the reader to nagarakatte et
al. [32] and szekeres et al. [42] for two surveys on memory
safety.
in short, solutions for complete memory safety do
not handle intra-process
pace is divided into a dynamic set of memory protection
domains. a thread container smv maintains a collection
of memory protection domains that deÔ¨Åne the memory view
for its associated threads. acc
""",number, alexa ,exploits,vulnerabilities,survey,collect
Transparency Overlays and Applications,https://dl.acm.org/authorize.cfm?key=N14244,CCS,2016,No,\,No,\,,Yes,""" not make an f‚àó
cr deposit
to pn as above, then each party pi terminates the protocol and
wait to collect refund from txn,i (for i (cid:54)= n).
ladder deposits. for i = n ‚àí 1 down to 1 (one-by-on
""",collect
Mix&Slice: Efficient Access Revocation in the Cloud,https://dl.acm.org/authorize.cfm?key=N14358,CCS,2016,No,\,No,\,,No,"""\"""
Safe Serializable Secure Scheduling: Transactions and the Trade-Off Between Security and Consistency,https://dl.acm.org/authorize.cfm?key=N14359,CCS,2016,No,\,No,\,,Yes,"""the message space is small. for 4-bit messages, the at-
tacks fully recover the target message using 221 examples
for the ff3 nist standard and 225 examples for the ff1
nist standard. the examples inc
""",number
Town Crier: An Authenticated Data Feed for Smart Contracts,https://dl.acm.org/authorize.cfm?key=N14352,CCS,2016,No,\,No,\,,Yes,"""ts would generate transactions and send them to all of
the nodes, and consider them committed after collecting signatures
from a majority of nodes. to simplify our presentation, we do not
explicitly m
""",collect
The Ring of Gyges: Investigating the Future of Criminal Smart Contracts,https://dl.acm.org/authorize.cfm?key=N14353,CCS,2016,No,\,No,\,,Yes,"""ts. speciÔ¨Åcally,
the soplex benchmark uses malloc/realloc to handle al-
locations within its core dataset class, which acts like an
object pool. other classes, such as svset, maintain point-
ers to 
to end users and terminate the pro-
gram on bad casts, thereby preventing zero-day type con-
fusion exploits. combined with liveness reports for modern
software (like the google chrome and mozilla fir
unately, c++ en-
forces neither type nor memory safety. this lack of safety
leads to type confusion vulnerabilities that can be abused to
attack certain programs. type confusion bugs are an inter-
est
""",dataset,exploits,vulnerabilities
Prefetch Side-Channel Attacks: Bypassing SMAP and Kernel ASLR,https://dl.acm.org/authorize.cfm?key=N14360,CCS,2016,No,\,No,\,,Yes,"""ht interpolation result de-
pending on the most signiÔ¨Åcant nonzero bit of the argument.
from this collection of constants and polynomial approxima-
tion results, we pick the correct one based on whe
""",collect
Breaking Kernel Address Space Layout Randomization with Intel TSX,https://dl.acm.org/authorize.cfm?key=N14361,CCS,2016,No,\,No,\,,Yes,"""ledgements
we are grateful to brent carmer for help synthesizing the
boolean circuits considered in figures 3 and 4. this work
was initiated while the authors were visiting the simons
institute for th
""",figures
Enforcing Least Privilege Memory Views for Multithreaded Applications,https://dl.acm.org/authorize.cfm?key=N14362,CCS,2016,No,\,No,\,,Yes,"""nce.
‚Ä†
supported by the european research council under the erc con-
solidators grant agreement n. 615172 (hips) and by the biu center
for research in applied cryptography and cyber security in conj
curely computes the circuit:

theorem 2.1. let f be an n-party functionality. then,
the protocol in figures 2 and 3 securely computes f in the
presence of a semi-honest adversary corrupting any number
rty setting is needed for many
applications like auctions, trading, elections, privacy-preser-
ving surveys and more. thus, we believe that it is of great
importance to remedy the current situation wh
""",number,figures,survey
Improvements to Secure Computation with Penalties,https://dl.acm.org/authorize.cfm?key=N14363,CCS,2016,No,\,No,\,,Yes,"""vel of 95%.

collision test: the collision test measures the mean
time to the Ô¨Årst collision in a dataset. based on these colli-
sion times, the collision statistic tries to estimate the prob-
abili
 security of this super
large distributed systems will have to be guaranteed and
the privacy of the collected data protected.

the internet of things, made possible through the wide
deployment of embe
""",dataset,collect
Amortizing Secure Computation with Penalties,https://dl.acm.org/authorize.cfm?key=N14364,CCS,2016,No,\,No,\,,Yes,"""informa-
tion about segment independently, one can only record that
this information.

our solution exploits the structured and segmented nature
of svaps. we maintain information regarding each positi
arch against the above protocols. from figure 5,
we can observe the following results.

first, from figures 5(b) and 5(c), we can observe that
search can (4, 0.25)-break bsd (20%). this means that af-
s vetted by our in-
stitution‚Äôs irb and was given an exemption on the grounds
that it is based on survey procedures, and individual partic-
ipants cannot be identiÔ¨Åed from the study.
7.1 study des
""",exploits,figures,survey
Message-Recovery Attacks on Feistel-Based Format Preserving Encryption,https://dl.acm.org/authorize.cfm?key=N14376,CCS,2016,No,\,No,\,,Yes,"""ipped with cots wireless nic model intel 5300 oper-
ating in the 802.11n 2.4ghz channel.2 they then collect
measurement results of the csi amplitude values indepen-
dently from a public wifi while var
""",collect
TypeSan: Practical Type Confusion Detection,https://dl.acm.org/authorize.cfm?key=N14372,CCS,2016,No,\,No,\,,Yes,""" adversary we con-
sider is a probabilistic polynomial-time machine, and all se-
mantics constitute families of semantics that are indexed by
a security parameter.

it might be of independent interest
""",families
Alternative Implementations of Secure Real Numbers,https://dl.acm.org/authorize.cfm?key=N14385,CCS,2016,No,,No,\,,Yes,"""ts scalability. our results show that sana can provide efÔ¨Åcient
attestation of networks of 1, 000, 000 devices, in only 2.5 seconds.

1.

introduction

smart devices are rapidly spreading into every
 permeating our environments (homes,
factories, cars, and also our body‚Äîwith wearable devices) to collect
data and act on the insight derived. ensuring software integrity (in-
cluding os, apps, and 
""",number,collect
Garbling Gadgets for Boolean and Arithmetic Circuits,https://dl.acm.org/authorize.cfm?key=N14386,CCS,2016,No,\,No,\,,Yes,"""erberos while protecting passwords. our implemen-
tation is able to support a login storm of over 35,000 logins
per second, which suÔ¨Éces even for very large organizations.
our work demonstrates that
.
thus, the approximate 100,000 aes computations per core
per second are achieved in this way.

see figures 4 and 5 for graphs showing the behavior of

the implementation as higher throughputs are ach
""",number,figures
Optimizing Semi-Honest Secure Multiparty Computation for the Internet,https://dl.acm.org/authorize.cfm?key=N14387,CCS,2016,No,\,No,\,,Yes,"""cularly eÔ¨Äective for making in-
dividuals feel comfortable contributing personal information
to a dataset. for instance, if a person decides to participate
in a survey, his answers only constitute o
ntributing personal information
to a dataset. for instance, if a person decides to participate
in a survey, his answers only constitute one response out of
the entire collection, and the responses of 
rson decides to participate
in a survey, his answers only constitute one response out of
the entire collection, and the responses of other people re-
main unchanged. diÔ¨Äerential privacy is meant to 
""",dataset,survey,collect
MEMS Gyroscopes as Physical Unclonable Functions,https://dl.acm.org/authorize.cfm?key=N14388,CCS,2016,No,\,No,\,,Yes,"""ur protocol, alice
evaluates the prf on (3 + s)n values.
in order to argue
that these values can be collectively pseudorandom, so we
require the underlying prf to have m-rk-prf security
(deÔ¨Ånition 3
""",collect
On the Security and Usability of Segment-based Visual Cryptographic Authentication Protocols,https://dl.acm.org/authorize.cfm?key=N14389,CCS,2016,No,\,No,Results of human study of the usability of SVAPs,,No,"""\"""
Instant and Robust Authentication and Key Agreement among Mobile Devices,https://dl.acm.org/authorize.cfm?key=N14380,CCS,2016,No,\,No,\,,Yes,""" related work section.

in this paper, we discover, implement and analyze a new
covert channel that exploits hardware random number gen-
eration (rng) module as the channel media. in most re-
cent int
e,
either through side channels or covert channels. to this end,
it is critical to discover the new vulnerabilities in the existing
and emerging systems and propose defenses against them.
this paper m
ssued from diÔ¨Äerent cpu cores. the results of
this experiment are presented in figure 2 with data collected
on each core shown in a diÔ¨Äerent color. as seen from the
Ô¨Ågure, the number of cycles t
""",exploits,vulnerabilities,collect
Computational Soundness for Dalvik Bytecode,https://dl.acm.org/authorize.cfm?key=N14398,CCS,2016,No,\,No,\,,Yes,"""ower
than armageddon [32].

vulnerability analysis. the following steps can be taken
to analyze the vulnerabilities of an app in an oÔ¨Ñine proce-
dure: first, all libraries linked in an app can be le
Ô¨Çow hijacking attacks using return-oriented pro-
gramming [18, 41], a number of small gadgets are collected
from the target function, and then in our attacker app, an
auxiliary function will be cons
""",vulnerabilities,collect
SANA: Secure and Scalable Aggregate Network Attestation,https://dl.acm.org/authorize.cfm?key=N14399,CCS,2016,No,\,No,\,,Yes,"""dversary-controlled malicious web
servers on which arbitrary code can be executed. we con-
ducted a survey to understand the popular web/app servers
that are used in major paas clouds, and the program
 containers. moreover, mem-
ory cacheability is managed so that the processes in each
container are collectively limited in the number of lines per
cache set they can probe. cachebar would thus be wel
""",survey,collect
High-Throughput Semi-Honest Secure Three-Party Computation with an Honest Majority,https://dl.acm.org/authorize.cfm?key=N14305,CCS,2016,No,\,No,\,,Yes,"""uman society is in a wireless and mobile era. accord-
ing to the cisco virtual networking index [2], 497 million
mobile devices (mainly tablets, smartphones, and laptops)
were added in 2014, and the n
vice losses/thefts is
to set a password on the mobile device. unfortunately, the
2015 kaspersky lab survey [4] shows that 31% of smart-
phones and 41% of tablets are not password-protected. in
additio
high false positives and negatives, these approaches often
require a relatively long time window to collect suÔ¨Écient
data for capturing the behavioral biometrics. the attack-
er, however, may quickl
""",number,survey,collect
Efficient Batched Oblivious PRF with Applications to Private Set Intersection,https://dl.acm.org/authorize.cfm?key=N14306,CCS,2016,No,\,No,\,,Yes,""" an attacker
chosen one (as our waking vector resides in memory unen-
crypted), e.g., by exploiting vulnerabilities in uefi resume
boot script [33, 67] (if possible), also has no eÔ¨Äect on memory
con
 content
encrypted, as used in proposals for encrypted execution (see
xom [36], and a comprehensive survey [27]). however, most
such proposals require hardware architectural changes.

microsoft bitloc
""",vulnerabilities,survey
MASCOT: Faster Malicious Arithmetic Secure Computation with Oblivious Transfer,https://dl.acm.org/authorize.cfm?key=N14307,CCS,2016,No,\,No,\,,Yes,"""plications. in stoc, 2013.

[27] s. garg, p. mukherjee, and a. srinivasan. obfuscation

without the vulnerabilities of multilinear maps.
cryptology eprint archive, report 2016/390, 2016.

[28] c. gent
ork.)
matrix branching programs. a matrix branching pro-
gram (mbp) on length-n, base-d inputs is a collection of
variable-dimension matrices bi,j for i ‚àà [n] and j ‚àà {0, . . . ,
d ‚àí 1}, along w
""",vulnerabilities,collect
"Covert Channels through Random Number Generator: Mechanisms, Capacity Estimation and Mitigations",https://dl.acm.org/authorize.cfm?key=N14308,CCS,2016,No,\,No,\,,Yes,""" 2015. http://eprint.iacr.org/.

[24] r. a. eisenberg and j. stolarek. promoting functions

to type families in haskell. in haskell 2014, pages
95‚Äì106, 2014.

[25] r. a. eisenberg and s. weirich. de
ttice cryptosystems, including the following.
generality, modularity, concision: Œõ‚ó¶Œª deÔ¨Ånes a collection
of general, highly composable interfaces for mathematical
operations used across lattice 
""",families,collect
Return-Oriented Flush-Reload Side Channels on ARM and Their Implications for Android Devices,https://dl.acm.org/authorize.cfm?key=N14309,CCS,2016,No,\,No,\,,Yes,"""oad) server throughput
only decreases by factors of 1.5√ó and 1.2√ó when serving typ-
ical 1 kib and 100 kib pages, respectively. to achieve these
practical results, our protocol takes advantage of se
s [60, 56]. lattice-based cryptog-
raphy, beginning with ajtai‚Äôs seminal work [4] (cf. the recent
survey [54] for a comprehensive list of relevant references), is
an exciting Ô¨Åeld of research that
""",number,survey
A Software Approach to Defeating Side Channels in Last-Level Caches,https://dl.acm.org/authorize.cfm?key=N14300,CCS,2016,No,\,No,\,,Yes,"""(dependent) type systems [29, 42], product programs [7], meth-
ods based on computing bisimulations families for probabilistic
automata [50, 51], and methods based on counting variants of satis-
Ô¨Åab
roved to be private
but were later shown to be non-private (lyu et al. [34] provide a
comprehensive survey).

the code of asvbt is shown in fig. 1. at a high level, the algo-
rithm accepts a stream of
""",families,survey
iLock: Immediate and Automatic Locking of Mobile Devices against Data Theft,https://dl.acm.org/authorize.cfm?key=N14315,CCS,2016,No,\,No,\,,Yes,""" speciÔ¨Åcally, we
propose a new type of denial-of-service (dos), called the bus-
off attack, which exploits the error-handling scheme of in-vehicle
networks to disconnect or shut down good/uncompromi
ities. although these have enhanced vehicle safety and efÔ¨Å-
ciency, they are accompanied with new vulnerabilities. in this pa-
per, we unveil a new important vulnerability applicable to several
in-v
""",exploits,vulnerabilities
Hypnoguard: Protecting Secrets across Sleep-wake Cycles,https://dl.acm.org/authorize.cfm?key=N14316,CCS,2016,No,\,No,\,,Yes,""" state-
less schemes‚Äîthese are the only schemes we know of that
are deployed on a large scale. we survey the work on alter-
native solutions in section 8.

in an ope scheme, both the plaintext and c
p://dx.doi.org/10.1145/2976749.2978376

1.

introduction

today, large corporations and governments collect and
store more personal information about us than ever before.
and as high-proÔ¨Åle data bre
""",survey,collect
5Gen: A Framework for Prototyping Applications Using Multilinear Maps and Matrix Branching Programs,https://dl.acm.org/authorize.cfm?key=N14317,CCS,2016,No,\,No,\,,No,"""\"""
Functional Lattice Cryptography,https://dl.acm.org/authorize.cfm?key=N14318,CCS,2016,No,\,No,\,,Yes,"""ation of
transmission bandwidth of storage devices.

the corresponding latencies for the tests from figures 7
and 8 are shown in table 3. both provflush and provsave
perform comparably to the original
histicated modern devices. this
work presents provusb, an architecture for Ô¨Åne-grained
provenance collection and tracking on smart usb devices.
provusb maintains data provenance by recording reads
a
""",figures,collect
"Frodo: Take off the Ring! Practical, Quantum-Secure Key Exchange from LWE",https://dl.acm.org/authorize.cfm?key=N14319,CCS,2016,No,\,No,\,,Yes,"""support spf and dkim on incoming and outgoing mail. we
found that while more than half of the top 20,000 receiving mtas
supported tls, and support for tls is increasing, servers do not
check certiÔ¨Åc
former, we used a much larger set of a million
popular providers occurring in the adobe leak and the alexa top
million web sites (as potential email generators).

to determine whether email sent betwe
n 4 describes our methodology used in our analysis. sec-
tion 5 provides the Ô¨Ånal analysis of our collected data. section 6
lists other work that has been done on the same subject. section 7
discuss
""",number, alexa ,collect
Error Handling of In-vehicle Networks Makes Them Vulnerable,https://dl.acm.org/authorize.cfm?key=N14312,CCS,2016,No,\,No,\,,Yes,""" the risky behaviors at both review-level
and app-level.

we crawled a real-world dataset of 2, 614, 186 users, 12, 783
apps and 13, 129, 783 reviews from google play, and use it to
comprehensively ev
mantics to predict the risky behaviors at both review-level
and app-level.

we crawled a real-world dataset of 2, 614, 186 users, 12, 783
apps and 13, 129, 783 reviews from google play, and use it to



[10] a. p. felt, s. egelman, and d. wagner. i‚Äôve got 99 problems, but vibration ain‚Äôt

one: a survey of smartphone users‚Äô concerns. in spsm, pages 33‚Äì44, 2012.

[11] a. p. felt, e. ha, s. eg
tilizes the
review semantics to predict the risky behaviors at both review-level
and app-level.

we crawled a real-world dataset of 2, 614, 186 users, 12, 783
apps and 13, 129, 783 reviews from google
n as the Ô¨Årst work that infers the security behaviors
from user reviews, we made great efforts to collect and label
the user reviews. the evaluation of our system on 19, 413
reviews and 3, 174 apps 
""",number,dataset,survey,crawl,collect
"Order-Revealing Encryption: New Constructions, Applications, and Lower Bounds",https://dl.acm.org/authorize.cfm?key=N14322,CCS,2016,No,\,No,\,,Yes,""" consider a real-world facebook inter-
action graph from the new orleans regional network [28].
the dataset comprises of 46,952 nodes (users) connected by
876,993 edges.

we setup an initial conÔ¨Ågur
y).
5.1.1 temporal attacks on sybilinfer
next, we present a temporal attack against sybilinfer that
exploits churn in attack edges to enhance connectivity be-
tween sybil identities and the location o
erlying social network. such attacks are
typically long-term attacks that incrementally exploit the
vulnerabilities of sybil defenses as the system evolves.
in
this section, we present a taxonomy of t
nteractions lapse) and
creating new attack edges. in order to do this, the attacker
would need to recollect and reuse its contrained resources for
interactions with honest users, which takes certain a
""",dataset,exploits,vulnerabilities,collect
MERS: Statistical Test Generation for Side-Channel Analysis based Trojan Detection,https://dl.acm.org/authorize.cfm?key=N14241,CCS,2016,No,\,"No",\,,Yes,"""fully
engineered queries, even when the queries return roughly the
same amount of information. this exploits the fact that the
time to process queries may vary signiÔ¨Åcantly, depending on
speciÔ¨Åc c
uery.

xs-search attacks do not require circumvention of the
sop or exploiting (known) browser/site vulnerabilities.
this is in contrast to the (very common) known rogue-
site attacks, which mostly ex
2.2.2; we show that with the right parameters, these
simple tests can achieve excellent results. in figures 4 and 5
we present the fn and fp rate of the min1.05
and avg1.05‚àí25
tests. the threshold (
ditors, www, pages 621‚Äì628. acm, 2007.

[5] c. b¬®osch, p. h. hartel, w. jonker, and a. peter. a

survey of provably secure searchable encryption. acm
comput. surv, 47(2):18, 2014.

[6] d. brumley a
""",exploits,vulnerabilities,figures,survey
ProvUSB: Block-level Provenance-Based Data Protection for USB Storage Devices,https://dl.acm.org/authorize.cfm?key=N14350,CCS,2016,No,\,"No",\,,Yes,"""ceives, otherwise the check does not protect the user.

attack. eve is developing an evil game that collects in-
formation about users. she exposes two buttons: an acg
button that toggles location and
""",collect
Security by Any Other Name: On the Effectiveness of Provider Based Email Security,http://dl.acm.org/citation.cfm?doid=2810103.2813607,CCS,2015,No,\,Yes,"We found that while more than half of the top 20,000 receiving MTAs supported TLS, and support for TLS is increasing, servers do not check certificates, opening the Internet email system up to man-in-the-middle eavesdropping attacks",,Yes,"""e software and breaking inse-
cure software. during 2015, we ran three contests involving
a total of 116 teams and two diÔ¨Äerent programming prob-
lems. quantitative analysis from these contests foun
r correctness bugs, we set p to m/2;
for crashes that violate memory safety we set p to m , and
for exploits and other security property failures we set p to
2m .

2.2.2 break-it scores
our primary go
ing grounds for cybersecurity talent. existing contests
largely focus on breaking (e.g., exploiting vulnerabilities or
misconÔ¨Ågurations) and mitigation (e.g., rapid patching or
reconÔ¨Åguration). th
 that cor-
relates participation data with Ô¨Ånal outcome. by exam-
ining artifacts and participant surveys, we can study how
the choice of build-it programming language, team size and
experience, cod
ibe speciÔ¨Åcs of the con-
tests we ran in ¬ß3. we present the quantitative analysis of
the data we collected from these contests in ¬ß4, and qual-
itative analysis in ¬ß5. we review related work in ¬
""",number,exploits,vulnerabilities,survey,collect
AUTOREB: Automatically Understanding the Review-to-Behavior Fidelity in Android Applications,http://dl.acm.org/citation.cfm?doid=2810103.2813689,CCS,2015,No,\,Yes,"crawled a real-world dataset of 2,614,186 users, 12,783 apps and 13,129,783 reviews from Google play, and use it to comprehensively evaluate AUTOREB",,Yes,""" as the distribution on outputs obtained by per-
forming the same data analysis on a (hypothetical) dataset
diÔ¨Äering in one individual. a standard way to ensure dif-
ferential privacy is by perturbi
ng diÔ¨Äerential privacy. for a comprehensive
discussion, interested readers can consult the recent survey
by barthe et al. [8]. many of these techniques rely on the
composition properties of privacy,
aprivate database d as input, and
produces a distribution over outputs. intuitively, d represents
a collection of data from diÔ¨Äerent individuals. when two
are identical except for a single individua
""",dataset,survey,collect
Exploiting Temporal Dynamics in Sybil Defenses,http://dl.acm.org/citation.cfm?doid=2810103.2813693,CCS,2015,No,\,Yes,analysis and simulation of these attacks using both synthetic and real-world social network topologies,,Yes,"""on two other
disambiguation techniques described later: magnetometer data and
a search process that exploits domain constraints. for simplicity, the
discussion that follows is written as though the li
attern is unaffected. for this reason, we focus
on the printer‚Äôs default feed rate of 30 mm/sec.

figures 4 and 5 show example data from the phone accelerometer,
magnetometer, and microphone. the re
ing one of china‚Äôs cyber espionage units.

mandiant intelligence center, 2013.

[2] kaspersky lab survey: one in every Ô¨Åve manufacturing

businesses has lost intellectual property to security brea
ompleted parts. by placing phone sensors near the
manufacturing process and analyzing the data they collect, the
side-channel attack reconstructs the design and the manufactu-
ring process.

in a mode
""",exploits,figures,survey,collect
Cross-Site Search Attacks,http://dl.acm.org/citation.cfm?doid=2810103.2813688,CCS,2015,No,\,Yes,"implemented and evaluated the attacks against the popular Gmail and Bing services, in several environments and ethical experiments, taking careful, IRB-approved measures to avoid exposure of personal information.",,Yes,"""h cyber-domain process and physical
domain process. since 2014, people start to investigate cy-
ber vulnerabilities in the 3d printing chain. for example,
sturm et al.
[38] examined speciÔ¨Åc malwares
l operations of 3d printer. ex-
perimental results show that by exploiting the side-channel
signals collected by smartphones, we can successfully re-
construct the physical prints and their g-code wit
""",vulnerabilities,collect
AUDACIOUS: User-Driven Access Control with Unmodified Operating Systems,https://dl.acm.org/authorize?N14357,CCS,2016,No,\,Yes,1060 errors acros 88 of the top 100 free applications in the Android application store caused by event and click forgery,,Yes,"""
our contributions are three-fold. first, we design and develop
the sound-danger attack system that exploits a wide range of a
smartphone‚Äôs functionality to break sound-proof, such as by ac-
tively 
hen an attacker makes call or sends notiÔ¨Åcation via different apps at different point of time. in figures a and b, the ringtone
at the victim‚Äôs side starts playing at the 5th second while in figur
 of how to deploy our attacks in prac-
tice, we collect general population statistics via an online survey
to determine the phone usage habits and patterns relevant to our
attacks. we then use these c
 the sound-proof cor-
relation algorithm will accept the attacked audio samples as valid.
third, we collect general population statistics via an online sur-
vey to determine the phone usage habits rel
""",exploits,figures,survey,collect
"Build It, Break It, Fix It: Contesting Secure Development",https://dl.acm.org/authorize.cfm?key=N14396,CCS,2016,No,\,Yes,Information regarding the attendees of multiple contests ,,Yes,"""ory allocation to allow address space reuse
only among objects of the same type, which can mitigate exploits
of temporal memory errors (e.g., use-after-free and uninitialized
uses). stackarmor [7] is 
fectiveness of these protections has been proven to be
inadequate‚Äîthere are many information leak vulnerabilities in the
kernel to leak the randomized pointer or canary, thus bypassing
kaslr and sta
ot causes, uninitialized read
is the most common one. according to a linux kernel vulnerabil-
ities survey [6], 37 information leak vulnerabilities were reported
from january 2010 to march 2011, 28 of
k without having been initialized in any
possible execution path, unisan considers it unsafe. after collecting
all unsafe allocations, unisan instruments the ir with initialization
code right after th
""",exploits,vulnerabilities,survey,collect
Leave Your Phone at the Door: Side Channels that Reveal Factory Floor Secrets,https://dl.acm.org/authorize.cfm?key=N14301,CCS,2016,No,\,Yes,Sensor data produced on seven smartphones and one tablet,,Yes,"""e behavior,
we compute saccade latencies for a total of 991 gaze mea-
surements that constitute the dataset used throughout this
paper. since each of the measurements represents a gaze-
response to a 
""",dataset
My Smartphone Knows What You Print: Exploring Smartphone-based Side-channel Attacks Against 3D Printers,https://dl.acm.org/authorize.cfm?key=N14302,CCS,2016,No,\,Yes,Sensor  data  collection  application  on Nexus 5 with Android OS 6.01,,Yes,"""m a set of scores, which allows the
keystrokes to be diÔ¨Äerentiated based on the user‚Äôs training
dataset (keystrokes on diÔ¨Äerent numbers). for a certain
key number, classiÔ¨Åer Ô¨Årst calculates 
tion and the keystrokes to infer the
user‚Äôs number input. windtalker presents a novel approach
to collect the target‚Äôs csi data by deploying a public wifi
hotspot. compared with the previous keyst
""",dataset,collect
The Sounds of the Phones: Dangers of Zero-Effort Second Factor Login based on Ambient Audio,https://dl.acm.org/authorize.cfm?key=N14303,CCS,2016,No,\,Yes,General population statistics via an online survey to determine the phone usage habits and patterns relevant to attacks,,Yes,""" performance and
results in over 99% detection rate with less than 1% false
accept rate.

moreover, figures 14 depicts the overall accuracy and
eer of diÔ¨Äerent methods under playback attacks. we ob-
tacks,
where an adversary can spoof a voice authentication system
using a pre-recorded voice sample collected from the vic-
tim. in this paper, we propose voicelive, a practical liveness
detection sys
""",figures,collect
UniSan: Proactive Kernel Memory Initialization to Eliminate Data Leakages,https://dl.acm.org/authorize.cfm?key=N14304,CCS,2016,No,\,Yes,"Discovered many previously unknown information leak vulnerabilities in the latest Linux and Android kernels, 19 of which have been confirmed by Linux maintainers and Google, conducted another study of kernel information leak vulnerabilities reported after 2013",,Yes,"""bile
sms client dos mobile
sms spamming
towards ims
sms spooÔ¨Ång

description and threat
adversary exploits the malware on the victim
phone to abuse sms silently.
adversary exploits the malware on th
itched network.
in this work, we study the insecurity of the
ims-based sms. we uncover its security vulnerabilities and ex-
ploit them to devise four sms attacks: silent sms abuse, sms
spooÔ¨Ång, sms 
ived message with the status, sip 200 ok, shows that the
follow-up sip messages will be plain-text. figures 3 and 4 respec-
tively show the sip message header and body for an sms message.
as a result,
oftware (i.e., mobile os and ims client), rather than those
of the radio access network. two recent surveys [22, 28] focus on
the security vulnerabilities that exist in the lte network, but our
discov
on of
sms to launch attacks against the ims system with ipsec (i.e.,
sms spamming). second, she can collect the information that can-
not be obtained without root access.
it includes the sip session
i
""",exploits,vulnerabilities,figures,survey,collect
Using Reflexive Eye Movements for Fast Challenge-Response Authentication,https://dl.acm.org/authorize.cfm?key=N14313,CCS,2016,No,\,Yes,Series of systematic user experiments with 30 participants from the general public,,Yes,"""we have observed that webview is a commonly-used component
as around 92% of the applications in our dataset make use of it in
their core application code (i.e., not used by advertisement libraries).
a
tent and needs enhanced communication between the web
domain and the app, is susceptible to similar exploits. here, we
investigate the understudied javascript bridge issues that exist in
non-hybrid ap
mbedded browsers (e.g., using api
level 17 or higher on android) will protect their apps from these
vulnerabilities. when they seem to be aware of the danger, assuring
protection seems to be burdensom
versary can achieve this by Ô¨Årst downloading the
victim app‚Äôs apk using existing frameworks for crawling google
play store, and then decompiling it with any of the existing dex
decompilers (dex2ja
ose web
domain (hence malicious code) was loaded into a webview can
exploit the existing bridges to collect information about the user
and even change the app‚Äôs behavior. the main problem here is th
""",dataset,exploits,vulnerabilities,crawl,collect
When CSI Meets Public WiFi: Inferring Your Mobile Phone Password via WiFi Signals,https://dl.acm.org/authorize.cfm?key=N14314,CCS,2016,No,\,Yes,Study of ten volunteers and their touch screen usage related to entering passcodes,,Yes,""" rates such as 0.1% do not have any meaning un-
less we understand the likelihood of attacks in the dataset
(the base rate of attacks). if the likelihood of attack is low,
then low false alarm rates c
le): yk j zk, (3) attack

on the controller (red): uk j k(yk)

popular models used by the papers we survey are auto-
regressive (ar) models and linear dynamical state-
space (lds) models.

an ar model
ree di‚Üµerent experimental settings: a) a testbed operating
real-world systems, b) network data we collected from an
operational large-scale supervisory control and data acqui-
sition (scada) system 
""",dataset,survey,collect
VoiceLive: A Phoneme Localization based Liveness Detection for Voice Authentication on Smartphones,https://dl.acm.org/authorize.cfm?key=N14325,CCS,2016,No,\,Yes,"Evaluation with 12 participants and different types of phones, vocal production of phonemes by two participants",,No,"""\"""
New Security Threats Caused by IMS-based SMS Service in 4G LTE Networks,https://dl.acm.org/authorize.cfm?key=N14328,CCS,2016,No,\,Yes,Vulnerabilities found and attacks based on those vulnerabilities crafted,,Yes,""" using existing methods [22]. since m t can
be constructed based on some public anonymized mobility datasets
that are totally unrelated to the participants in our system, it does
not negatively affect
ng crowdsourced

spectrum sensing. in infocom‚Äô16, san francisco, ca,
apr. 2016.

[16] j. krumm. a survey of computational location privacy.

personal ubiquitous comput., 13(6):391‚Äì399, aug. 2009.

d set cover problem.

deÔ¨Ånition 3. (k-partial set cover [9]) given a set b = {b1, b2,
..., bn}, a collection s of subsets of b, s = {s1, s2, ..., sm}, a
cost function c: s ‚Üí q+, and an integer k, 
""",dataset,survey,collect
Draco: A System for Uniform and Fine-grained Access Control for Web Code on Android,https://dl.acm.org/authorize.cfm?key=N14249,CCS,2016,No,\,No,\,,Yes,"""reduction rates with few false positives.

‚Ä¢ we conduct a comprehensive evaluation over extensive
datasets collected from a real enterprise environment
for one month. the evaluation results demonstr
dle ever-increasing system audit logs is a great challenge.
this paper proposes a new approach that exploits the de-
pendency among system events to reduce the number of log
entries while still suppor
es
are listed in column 1 of table 2. we Ô¨Årst perform some
multi-step attacks that exploit system vulnerabilities as test
cases. the Ô¨Årst two cases are the attacks on distcc where
the vulnerabilit
riven evalua-
tion. section 5 discusses attack resilience and generality of
our approach. section 6 surveys related works, and Ô¨Ånally,
section 7 draws the conclusion.

2. background and motivation


t as ‚Äúdots.‚Äù

in order to achieve the vision of connecting the dots, the
Ô¨Årst challenge is to collect and store the dots (attack prove-
nance). since the attackers have the potential to reach ea
""",dataset,exploits,vulnerabilities,survey,collect
Limiting the Impact of Stealthy Attacks on Industrial Control Systems,https://dl.acm.org/authorize.cfm?key=N14326,CCS,2016,Yes,Network data collected from an operational large-scale Supervisory Control and Data Acquisition (SCADA) system that manages more than 100 Programmable Logic Controllers,No,\,,Yes,"""s inÔ¨Çuence security behaviors. using a carefully pre-
tested, u.s.-census-representative survey of 526 users, we
present an overview of the prevalence of respondents‚Äô ad-
vice sources, reasons for


acm.
isbn 978-1-4503-4139-4/16/10. . . $15.00
doi: http://dx.doi.org/10.1145/2976749.2978307

users collect digital-security advice haphazardly from a va-
riety of sources including workplaces, the me
""",number,survey,census,collect
DPSense: Differentially Private Crowdsourced Spectrum Sensing,https://dl.acm.org/authorize.cfm?key=N14354,CCS,2016,Yes,"CRAWDAD dataset roma/taxi [2, 3] for our simu-lations, extracting the traces from the center of Rome from that dataset",No,\,,Yes,""" a malicious zip Ô¨Åle) but
also its context (e.g., download from an external source). running
on 71,000 articles collected from 45 leading technical blogs, this
new approach demonstrates a remarkable
haracteristics (such as com-
mon subgraph) of graphs. the problem can be stated as follows.
given a dataset of graphs gi ‚àà d, with i = 1...n, each graph
gi = (vi, ei) is a collection of vertices vi 
dy reveals that
a c&c campaign continued to evolve over a four-year span, chang-
ing the targets of exploits from one vulnerability (cve-2010-1885)
to another (cve-2013-0422). also interestingly, we o
ures as described below:
‚Ä¢ topic words: intuitively, an ioc article focuses on security risks
and vulnerabilities, whose theme is reÔ¨Çected by its topic terms (e.g.,
malware, exploit). these terms 
rder into texts. association for

computational linguistics, 2004.

[33] d. nadeau and s. sekine. a survey of named entity recognition and

classiÔ¨Åcation. lingvisticae investigationes, 30(1):3‚Äì26,
rate on these individual steps.
blog scraping and pre-processing. our blog scraper is essentially
a crawler designed to continuously monitor a list of technical blogs
to collect their articles. for ea
ip Ô¨Åle) but
also its context (e.g., download from an external source). running
on 71,000 articles collected from 45 leading technical blogs, this
new approach demonstrates a remarkable performance: 
""",number,dataset,exploits,vulnerabilities,survey,crawl,collect
High Fidelity Data Reduction for Big Data Security Dependency Analyses,https://dl.acm.org/authorize.cfm?key=N14371,CCS,2016,Yes,Data logs collected from more than 30 machines with various server models and operating systems,No,\,,Yes,"""-
stance, flawÔ¨Ånder tool created 5,460 false positives warnings
for only 53 true positives on the dataset used in this paper.
it is intuitively clear that code reviewers who want to Ô¨Ånd
53 vulnera

ng a vulnerability as part of the ‚Äúproof‚Äù. as a
second source for Ô¨Åxing commits, we created a crawler that
searches commit messages of the 66 projects for mentions of
cve ids. to check the accur
""",dataset,vulnerabilities,crawl
How I Learned to be Secure: a Census-Representative Survey of Security Advice Sources and Behavior,https://dl.acm.org/authorize.cfm?key=N14384,CCS,2016,Yes,"U.S.-census-representative survey of 526 users, cognitive interviews with five demographically-diverse participants",No,\,,Yes,"""s local ipc
is not their common usage.

we Ô¨Ånd that only 26.8% apps and 15% system daemons in
our dataset enforce proper security checks in order to pre-
vent attacks exploiting unix domain socket c
th client logic and
server logic present in the same app. usually it is much
easier to craft server exploits by replaying client behaviors,
and vice versa. second, diÔ¨Äerent apps may use common
libra
ween the java and
native layers. we propose a tool called sinspector to ex-
pose potential security vulnerabilities in using unix domain
sockets through the process of identifying socket addresses,
de
ows.

4. results

we evaluate sinspector with a total number of 14,644 up-
to-date google play apps crawled by ourselves in mid-april
2016, including (approximately) top 340 from all 44 cate-
gories. 
uch as socket address analysis and
authentication check detection. for system daemons, sin-
spector collects runtime information to assist static analysis.
sinspector reports potentially vulnerable ap
""",dataset,exploits,vulnerabilities,crawl,collect
Acing the IOC Game: Toward Automatic Discovery and Analysis of Open-Source Cyber Threat Intelligence,https://dl.acm.org/authorize.cfm?key=N14391,CCS,2016,Yes,"71,000 articles collected from 45 leading technical blogs",No,\,,Yes,"""ystem services in the ss of android 5.1.0. with its help,
we have discovered six previously unknown vulnerabilities,
which are further conÔ¨Årmed on android 2.3.7-6.0.1. accord-
ing to our analysis, a
""",vulnerabilities
VCCFinder: Finding Potential Vulnerabilities in Open-Source Projects to Assist Code Audits,http://dl.acm.org/citation.cfm?doid=2810103.2813604,CCS,2015,Yes,"1. To the best of our knowledge, no large-scale database exists that maps vulnerabilities as reported by CVEs to commits. Meneely et al. and Shin et al. [25, 23, 24] manually created such mappings for the Mozilla Firefox Browser, Apache HTTP server and parts of the RHEL Linux kernel. 2. use the years 2011â€“2014 as the test dataset. 3. Common Weakness Enumeration (CVE) database",Yes,"conducted the first large-scale mapping of CVEs to GitHub commits in order to create a vulnerable commit database. a large test database containing 66 C and C++ project with 170,860 commits on which to evaluate and compare our approach",,Yes,"""luate the real impact of ott
bypass on a small european country. for this, we performed
more than 15,000 test calls during 8 months and conducted
a user study with more than 8,000 users.

in our measu
ud in the literature.

in [20], a supervised learning algorithm is used to detect
simbox fraud. the dataset is gathered from a mobile oper-
ator and it includes cdrs from both legitimate subscribers
a
h more than 15,000
test calls over 8 months, and from the user perspective,
with a large-scale user survey.
‚Ä¢ we show various implementation Ô¨Çaws, as well as more
fundamental problems that ott byp
ork by using the address book (the so-
called address book matching technique). this can be used to
crawl registered phone numbers on an ott network [14] and
was also used for targetted attacks [29]. 
, but
without explicit authorization from the caller, callee and
their operators. by doing so, they collect a large share of
the call charge and induce a signiÔ¨Åcant loss of revenue to
the bypassed o
""",number,dataset,survey,crawl,collect
The Misuse of Android Unix Domain Sockets and Security Implications,https://dl.acm.org/authorize.cfm?key=N14247,CCS,2016,Yes,"APK files that corresponded to 14,644 apps on Google Play",Yes,Identified vulnerabilities in Android daemons and apps,,Yes,""", 2016.

scanning the top 1m websites. we performed a scan
of the top 1 million servers as listed by alexa using the
cipherscan tool8. we found that 86% of the servers that
support tls include 3des as
cks were well known to cryptographers. our goal is to
raise awareness among practitioners about the vulnerabilities
of short block ciphers and on safe ways of using them.
5.1 comparison with rc4 attac
rn web browser visits the website over
https, the connection will use 3des. according to web
server surveys9, iis 6.0 powers about 1.9% of ssl enabled
web servers, but it is likely used even more with
, a birthday attack against a given only suc-
ceeds with probability 2‚àí32, and an attacker has to collect 232
diÔ¨Äerent sessions to mount an attack with high probability.
if implemented properly, t
""", alexa ,vulnerabilities,survey,collect
Call Me Back! Attacks on System Server and System Apps in Android through Synchronous Callback,https://dl.acm.org/authorize.cfm?key=N14248,CCS,2016,Yes,"1,591 service interfaces of Android 5.1.0",Yes,Identified six previously unknown vulnerabilities in Android service systems,,Yes,"""s query loads in terms of speed and accuracy. we also evaluated
genius on a real-world dataset of 33,045 devices which was col-
lected from public sources and our system. the experiment showed
that ge
 for vari-
ous query loads in terms of speed and accuracy. we also evaluated
genius on a real-world dataset of 33,045 devices which was col-
lected from public sources and our system. the experiment s
y of california, riverside

abstract
because of rampant security breaches in iot devices, searching
vulnerabilities in massive iot ecosystems is more crucial than ever.
recent studies have demonstrate
ted work

we have discussed closely related work throughout the paper. in
this section, we brieÔ¨Çy survey additional related work. we focus on
approaches using code similarity to search for known bug
rmware images from [17], the
entire dataset from [19] and 500 randomly selected images from
our own crawl of the ddwrt ftp site [2]. of the total 33,045
Ô¨Årmware images collected, we successfully unp
e the centroid node as the acfg that has the
minimum distance to all the other acfgs in si, and the collection
of all centroid nodes constitutes a code book.

unlike traditional clustering algorithms,
""",number,dataset,vulnerabilities,survey,crawl,collect
Over-The-Top Bypass: Study of a Recent Telephony Fraud,https://dl.acm.org/authorize.cfm?key=N14327,CCS,2016,Yes,"Performed more than 15,000 test calls during 8 months",Yes,"Conducted a user study with more than 8,000 users",,Yes,"""trojan protection schemes are also close to mask-
ing against side-channel attacks. namely, masking exploits
secret sharing and multiparty computation in order to am-
plify the impact of noise in leak
nd d. j. inman. energy harvesting

technologies. 2009.

[28] m. tehranipoor and f. koushanfar. ‚Äúa survey of

hardware trojan taxonomy and detection‚Äù. in:
ieee design & test of computers 1 (2010).

""",exploits,survey
On the Practical (In-)Security of 64-bit Block Ciphers Collision Attacks on HTTP over TLS and OpenVPN,https://dl.acm.org/authorize.cfm?key=N14377,CCS,2016,Yes,Large number of HTTP requests,Yes,"Various vulnerabilities in Mozilla Firefox, OpenVPN, OpenSSL, Akami, Apple, Microsoft",,Yes,"""f power traces. that
is, instead of measuring the overall power consumption of
the system, we would collect power traces from multiple
power pins on the mcu and investigate their correlations
with the
""",collect
Scalable Graph-based Bug Search for Firmware Images,https://dl.acm.org/authorize.cfm?key=N14379,CCS,2016,Yes,"Firmware images from 8,126 devices across three architectures and 26 vendors, dataset of over 568,134 functions, Pewny et al and Eschweiler et al used the same public dataset based upon two publicly-available firmware images for baseline comparison",Yes,"Freely available vulnerability database for this effort and for the broader research community, 23 vulnerabilities in firmware images",,Yes,"""in the second of these schemes the direc-
tory in the persistent client storage depends on the full dataset. thus

1we abuse notation and use ope to refer to both order-preserving
encryption and order
tion should
scale well to even larger datasets.
5.3 local setting
experimental communication costs. figures 6 and 7 show the
communication costs, the total number of rounds of communica-
tion, and the
show
how to use lazy techniques to build sse with quick updates. we
refer interested readers to the survey by b√∂sch et al. [12] for an
excellent overview of this area.

oblivious ram [24, 38, 40, 44]
troduction

1.
range queries over big data. a common workÔ¨Çow in ‚Äúbig data‚Äù
applications is to collect and store a large volume of information,
then later perform some analysis (i.e., queries) ov
""",dataset,figures,survey,collect
On Code Execution Tracking via Power Side-Channe,https://dl.acm.org/authorize.cfm?key=N14310,CCS,2016,Yes,"9  programs,  in  which  eight  of  them  are  from  Dalton Project and the remaining one is an implementation of AES-128 encryption algorithm migrated to our MCU",No,\,,Yes,"""e per
found document, taken over between 1000 queries (for small
queries and large queries on large datasets) to 30 queries
(for large queries on small data sets). this allows us to ex-
hibit some rea
""",dataset
POPE: Partial Order Preserving Encoding,https://dl.acm.org/authorize.cfm?key=N14329,CCS,2016,Yes, 2 million public employee salary figures (California public employee payroll data from 2014,No,\,,Yes,"""ty

abstract
the security of order-revealing encryption (ore) has been
unclear since its invention. dataset characteristics for which
ore is especially insecure have been identiÔ¨Åed, such as small
me
uction, showing how to infer additional plain-
text bits beyond those explicitly leaked. our attack exploits
both inter- and intra-column correlations. the attack uses
the observation that location da

attacks exist against the weaker constructions.

11551.1 our contributions

this paper presents a collection of observations, experi-
ments, and attacks dealing with the use of ore on data
that will
""",dataset,exploits,collect
Î£oÏ†oÏ‚â€“ Forward Secure Searchable Encryption,https://dl.acm.org/authorize.cfm?key=N14320,CCS,2016,Yes,English Wikipedia,No,\,,Yes,"""provable guarantees on both diÔ¨Äeren-
tial privacy and data utility.

using large-scale real world datasets, we show that, for
both overall and category-based privacy controls, epicrec
performs best 
private machine learning. in nips,
pages 2652‚Äì2660. 2013.

[7] c. dwork. diÔ¨Äerential privacy: a survey of results. in tamc,

pages 1‚Äì19, 2008.

[8] c. dwork, f. mcsherry, k. nissim, and a. smith
er privacy control (c-3) com-
ponent and read the data from user input.
public data input (c-1): we crawl ‚àº6,000 recent movies‚Äô
meta-data from the public ‚Äúmy api films‚Äù website4, includ-
ing m
ata in order to perform
personalized recommendation. it is easy to understand that
a trusted server collects all users‚Äô data and can therefore per-
form such personalized recommendation. the most re
""",dataset,survey,crawl,collect
What Else is Revealed by Order-Revealing Encryption?,https://dl.acm.org/authorize.cfm?key=N14321,CCS,2016,Yes,"Two real geographic datasets Cal, SpitzLoc, one synthetic geographic distribution Globe, and one real time-stamp dataset SpitzTime",No,\,,Yes,"""under-
lying hard problem is less well-studied than, say, ddh or
factoring, we also provide a brief survey of some known at-
tacks, which are essentially no better than brute force of the
key.

mimc: 
""",survey
EpicRec: Towards Practical Differentially Private Framework for Personalized Recommendation,https://dl.acm.org/authorize.cfm?key=N14355,CCS,2016,Yes,"MovieLens a movie rating dataset collected by the GroupLens Research Projectand Yelp2: a business rating data provided by RecSys Challenge 2013, metadata from the public â€œMy API Filmsâ€ù website",No,\,,Yes,"""large-scale real-world social network topolo-
gies that mainly come from the stanford large network
dataset collection [23] and other sources [45] to evaluate
the local mixing time for nodes in social
‚Äì210.
[9] r. caruana. multitask learning. machine learning,

1997.

[10] s.-h. cha. comprehensive survey on

distance/similarity measures between probability
density functions, 2007.

[11] m. chen. 
ale real-world social network topolo-
gies that mainly come from the stanford large network
dataset collection [23] and other sources [45] to evaluate
the local mixing time for nodes in social graphs.
""",dataset,survey,collect
MPC-Friendly Symmetric Key Primitives,https://dl.acm.org/authorize.cfm?key=N14375,CCS,2016,Yes,Figures from the recent MASCOT protocol which uses OT extensions to obtain what are currently the best reported triple generation times with active security,No,\,,Yes,"""smatch, the overÔ¨Çow corresponding to the crashes represents two
special cases. in one case, a poc exploits vulnerable program mutt
1.4.2.2 and underÔ¨Çows the data on stack. at the crash, the pro-
g
 serves
as informative debugging aids in locating software faults, particu-
larly memory corruption vulnerabilities. a memory corruption is a
special type of software fault that may lead to manipulati
ign and implementation
of credal in detail. section 6 demonstrates the utility of credal.
section 7 surveys related work followed by some discussion on
credal in section 8. finally, we conclude this w
rrupted data. we manually analyzed
80 crashes corresponding to 73 memory corruption vulnerabilities
collected from offensive security exploit database archive [14],
and compared our manual analysis wi
""",exploits,vulnerabilities,survey,collect
SmartWalk: Enhancing Social Network Security via Adaptive Random Walks,https://dl.acm.org/authorize.cfm?key=N14370,CCS,2016,Yes,10 various large-scale real-world social network topologies  that  mainly  come  from  the  Stanford  Large  Network Dataset  Collection ,No,\,,Yes,"""erhead does cspautogen incur? (6) is cspautogen com-
patible with real-world websites?
6.1 training datasets

in this section, we present how to train cspautogen based on
different scenarios, i.e., wh
-side adoption is far behind the client side: according
to a large-scale survey, less than 0.002% of alexa top 1m websites
enabled csp.

to facilitate the adoption of csp, we propose cspautogen to
ena
payloads are created by xcampo [46], a popu-
lar xss payload generator. we Ô¨Årst verify that these exploits work
on the applications. then we deploy cspautogen at the entrance
of each application and
defend against all the tested real-world xss attacks.

1.

introduction

cross-site scripting (xss) vulnerabilities‚Äîthough being there
for more than ten years‚Äîare still one of the most commonly fo
csp is suc-
cessful, server-side adoption is far behind the client side: according
to a large-scale survey, less than 0.002% of alexa top 1m websites
enabled csp.

to facilitate the adoption of csp, w
e is how we avoid xss
attacks in the training set of cspautogen. to mitigate known xss
attacks, all crawled webpages are tested via virustotal [8], where
the scripts will be detected by more than 60 p
oplayvideoexist =
2
3 var configobj = {
4
5
6
7 },autostartvideo = false,callbackobj,
8 currentvideocollection = [{
9
10
11
12 }, ... ];
13 configobj.autostart = autostartvideo;
14 ...
15 if (carousel
""",dataset, alexa ,exploits,vulnerabilities,survey,crawl,collect
CREDAL: Towards Locating a Memory Corruption Vulnerability with Your Core Dump,https://dl.acm.org/authorize.cfm?key=N14373,CCS,2016,Yes,80 crashes  corresponding  to  73  memory  corruption  vulnerabilities archived in Offensive Security Exploit Database,No,\,,Yes,"""ines. since this
research is orthogonal to the immediate goals or techniques
of our work, we do not survey it here.

9. conclusion

we have presented the Ô¨Årst static analysis and one of the
Ô¨Årst t
ter [28], was caused by such an
entropy loss. while suÔ¨Écient seed entropy was available
(the code collecting entropy was working), only 15 bits of
it (the id of the current process) were used for ge
""",survey,collect
CSPAutoGen: Black-box Enforcement of Content Security Policy upon Real-world Websites,https://dl.acm.org/authorize.cfm?key=N14383,CCS,2016,Yes,"Alexa Top 50 websites, six real-world web applications with XSS vulnerabilities",No,\,,No,"""\"""
Practical Detection of Entropy Loss in Pseudo-Random Number Generators,https://dl.acm.org/authorize?N14395,CCS,2016,Yes,Five real-world PRNGs,No,Several vulnerabilities found during the implementation of the product,,Yes,"""ms at hiding crucial runtime ad-
dresses populated by the dynamic loader. while xios pre-
vents the exploits used in existing jekyll-related attacks, the
reference monitor resides in the same address 
roperties of the
container sandbox proÔ¨Åle for ios 9.0.2 and discover seven
classes of exploitable vulnerabilities. these attacks aÔ¨Äect
non-jailbroken devices running later versions of ios. we are

em. second, we created an sbpl to pro-
log compiler to automatically convert sandbox proÔ¨Åles into
collections of prolog facts. third, we model security require-
ments as prolog queries to systematic
""",exploits,vulnerabilities,collect
SandScout: Automatic Detection of Flaws in iOS Sandbox Profiles,https://dl.acm.org/authorize.cfm?key=N14397,CCS,2016,Yes,Container sandbox profile from iOS 9.0.2,No,Seven classes of exploitable vulnerabilities,,Yes,"""es for the last decade, and has
also made inroads in the top-end internet of things (iot) processor
families.

the microcontroller (mcu) market for embedded computing
in industry, automotive and home 
k the application‚Äôs control or data Ô¨Çow,
e.g., via return-oriented programming or data-oriented exploits.

as a concrete step towards more comprehensive runtime remote
attestation, we present the 
ar, recent large-scale studies have
shown [14, 11] that embedded software suffers from a variety of
vulnerabilities, including memory errors (such as buffer overÔ¨Çows),
that allow runtime exploits. t
ing our instrumentation tool. during the anal-
ysis, information about direct branches and loops is collected from
the binary, and stored in the branch table and loop table data struc-
tures included 
""",families,exploits,vulnerabilities,collect
C-FLAT: Control-Flow Attestation for Embedded Systems Software,https://dl.acm.org/authorize.cfm?key=N14390,CCS,2016,Yes,"Open Syringe Pump,  an open-source,  open-hardware syringe pump design",No,\,,Yes,"""lue), 11,373 api calls.

malware families. we collect the malware family names
from both the drebin dataset [8] and from a list of mal-
ware families [2] caught by the mobile-sandbox analysis
platform
opose new
features that characterize adversary behaviors. for example,
the earliest android malware families exhibited simple ma-
licious behaviors [53] and could often be identiÔ¨Åed based on
the obs
n. adapting social

spam infrastructure for political censorship. in usenix
workshop on large-scale exploits and emergent threats
(leet), 2012.

[49] r. vall¬¥ee-rai, p. co, e. gagnon, l. hendren, p. 
l prediction, because this technique is less prone to over-
Ô¨Åtting than other classiÔ¨Åers [26].

figures 4a and 4b compare the performance of the three
classiÔ¨Åers using a receiver operating chara
. because we focus on concrete features,
which do not impose additional manual eÔ¨Äort for the data
collection, we do not extract behaviors that encode more
complex operations, such as speciÔ¨Åc condi
""",dataset,families,exploits,figures,collect
FeatureSmith: Automatically Engineering Features for Malware Detection by Mining the Security Literature,https://dl.acm.org/authorize.cfm?key=N14392,CCS,2016,Yes,"Papers from the IEEE Symposium on Security and Privacy (S&Pâ€™08â€“S&Pâ€™15),  the Computer  Security  Foundations  Symposium  (CSFâ€™00â€“CSFâ€™14), and  USENIX  Security  (Secâ€™11), Drebin dataset",No,\,,Yes,""" agnostic to
deployment of dep and cfi defenses.

chrome employs several best practices to minimize exploits via
memory errors. chrome separates its heap memory into different
partitions, and deploys 
Äúweb/local system
(local)‚Äù separation is doubtful. speciÔ¨Åcally, we show that exist-
ing memory vulnerabilities in chrome‚Äôs renderer can be used as a
stepping-stone to drop executables/scripts i
er can leverage the system sensors, e.g., gps sensor, heart
rate monitor, camera and microphone, to collect the user and sys-
tem‚Äôs sensitive information. next, we analyze these channels and
the pot
""",exploits,vulnerabilities,collect
The â€œWeb/Localâ€ù Boundary Is Fuzzy: A Security Study of Chromeâ€™s Process-based Sandboxing,https://dl.acm.org/authorize.cfm?key=N14394,CCS,2016,Yes,Code for Chromium 33,No,10 SOP checks and their corresponding critical data,,Yes,""", which is much more eÔ¨Écient budget-wise than
obtaining the heavy hitters directly from the whole dataset.
we provide both in-depth theoretical analysis and extensive
experiments to compare ldpminer
erlap in the information released between
the two phases. as we show later in section 4.4, ldpminer
exploits such overlap between the two phases to further im-
prove accuracy.

note that the two-phase
ormalized discounted cumulative
gain for real datasets

of each algorithm. the results are shown in figures 8 and 9.
as expected, for all approaches their utility measures de-
crease when k increases.
d in the two phases of ldpminer. sec-
tion 5 presents a thorough experimental evaluation. section
6 surveys related work. section 7 concludes the paper with
directions for future work.

2. background

erential privacy (ldp), each user perturbs her
data locally before sending the noisy data to a data collector.
the latter then analyzes the data to obtain useful statistics.
unlike the setting of cent
""",dataset,exploits,figures,survey,collect
Heavy Hitter Estimation over Set-Valued Data with Local Differential Privacy,https://dl.acm.org/authorize.cfm?key=N14356,CCS,2016,Yes,"AOL keyword search log and Kosarak click stream datasets, associate users with either keywords or URLs",No,\,,Yes,"""s.

to obtain these results, we built a trace analysis framework and
exercised it with a variety of datasets. prior attack evaluations [12,
16] have focused primarily on small, synthetic datasets gene
ollected as
follows: (1) for each target obfuscator, we used our trace collection
framework to visit alexa top 5,000 websites to collect 5,000 traces
(labeled as obfs3, obfs4, fte, meekg, and meeka, c
 an experimental methodology
that more closely reÔ¨Çects the setting of nation-state level dpi.

we collected nearly a terabyte of packet traces from routers
associated to various networks at our univ
""",dataset, alexa ,collect
Seeing through Network-Protocol Obfuscation,http://dl.acm.org/citation.cfm?doid=2810103.2813715,CCS,2015,Yes,Alex top 10K domains,Yes,"(1) packet-level traffic traces collected at various locations in a campus network, and (2) packet-level traces for Tor Pluggable Transport traffic collected in controlled environments.",Changed,Yes,"""ssers‚Ä°, tom van goethem‚Ä°, wouter joosen‚Ä°, nick nikiforakis‚Ä†

‚Ä°iminds-distrinet, ku leuven, 3001 leuven, belgium

Ô¨Årstname.lastname@cs.kuleuven.be

‚Ä†department of computer science, stony 
 cbsp companies by
studying their dns conÔ¨Ågurations and obtaining their adop-
tion rate across the alexa top 1 million websites. starting
from these client lists, we use cloudpiercer to evaluate
17,
, followed by sev-
eral reactions from the security companies [27,48,53]. many
di‚Üµerent potential vulnerabilities exist that might expose a
cbsp-protected website‚Äôs origin. we refer to these poten
whitelisting all ip addresses
necessary to keep the website operational. we conducted
a small-scale survey asking vulnerable websites about the
missing Ô¨Årewall conÔ¨Ågurations and their cbsp-related
got to remove.

origin in content
for the vectors involving analyzing the html content of
pages, we crawled each domain in the evaluation set. first,
we queried bing for each domain using site:example
 its origin before it
was protected by the cbsp.

because of the multitude of parties that could be collecting
historical information about websites and their ip addresses,
several cbsps recommend adm
""",number, alexa ,vulnerabilities,survey,crawl,collect
Maneuvering Around Clouds: Bypassing Cloud-based Security Providers,http://dl.acm.org/citation.cfm?doid=2810103.2813633,CCS,2015,Yes,1. Alexa top 1 million 2. publicly available data of Rapid7â€™s Project Sonar (webserver service scan),Yes,conduct the first large-scale analysis of the effectiveness of the origin-exposing vectors,,Yes,"""system, we build a symbolic execution
tool called oyente to Ô¨Ånd potential security bugs. among
19, 366 existing ethereum contracts, oyente Ô¨Çags 8, 833 of
them as vulnerable, including the thedao b
. in our
work, we study their impact on tens of thousands of real-life
contracts, showing how these vulnerabilities can be used to
sabotage or steal coins from benign users.

more importantly, our wor
tect contracts which are tod, timestamp-dependent or
mishandled exceptions. currently, the explorer collects only

paths which exhibit distinct Ô¨Çows of ether. thus, we detect
if a contract is tod if
""",number,vulnerabilities,collect
Making Smart Contracts Smarter,https://dl.acm.org/authorize.cfm?key=N14351,CCS,2016,Yes,"19,366 smart contracts from the blockchain as of May 5,  2016",Yes,"Found the number of mishandled exceptions, transaction-ordering dependence, timestamp dependence and reentrance handling instances within the studied contracts ",,Yes,"""se the alternative
branch. taint-based fuzzing [9, 29] is a directed whitebox
fuzzing technique. it exploits classical taint analysis to lo-
calize parts of the input which should be marked symbolic.

matic e‚Üµort to stress
di‚Üµerent behaviors and thus considerably more e‚Üµective. yet,
today most vulnerabilities are exposed by particularly light-
weight fuzzers that do not leverage any program a
the distribution. there may be an ensemble of walkers
that move around randomly.

for instance, the crawling of web pages can be modelled
as markov chain. pages are the states while the links are
the 
ng
low-frequency paths.
4.3

implementation of aflfast

afl is a coverage-based greybox fuzzer that collects infor-
mation on the basic block transitions that are exercised by
an input. afl‚Äôs binary
""",exploits,vulnerabilities,crawl,collect
Coverage-based Greybox Fuzzing as Markov Chain,https://dl.acm.org/authorize.cfm?key=N14311,CCS,2016,Yes,"GNU binutils as subject because it is non-trivial and widely used for the analysis of program binaries. It con- sists of several tools including nm, objdump, strings, size, and c++filt",Yes,Several vulnerabilities found during the implementation of the product,,Yes,"""cally evaluate the prevalence
of these Ô¨Çaws on the source code of debian stable (‚Äújessie‚Äù)
and 200 popular open-source projects hosted on github.
moreover, we discuss 64-bit migration vulnerabil
Ånd that integer truncations and signedness
issues induced by 64-bit migration are abundant in both
datasets. for example, the unsigned type size_t alone, which
has a width of 64 bit under lp64, is tr
 and r. sekar. address ob-
fuscation: an eÔ¨Écient approach to combat a broad range
of memory error exploits.
in proc. of usenix security
symposium, 2003.

[6] d. brumley, t. chiueh, r. johnson, h. li

-38-2007.
html, 2007.

[11] free software foundation, inc. warning options - using the
gnu compiler collection (gcc). https://gcc.gnu.org/onlinedocs/
gcc/warning-options.html, visited august 2016.

[1
""",number,dataset,exploits,vulnerabilities,collect
"Twice the Bits, Twice the Trouble: Vulnerabilities Induced by Migrating to 64-Bit Platforms",https://dl.acm.org/authorize.cfm?key=N14374,CCS,2016,Yes,Source code of Debian stable (â€œJessieâ€ù) and 200 popular open-source projects hosted on GitHub,Yes,"Found vulnerabilities related to integers, migrating from 32 bit and larger address space",,Yes,"""ng and the signature scheme is unforgeable (i.e., euf-
cma secure), then the protocols presented in figures 2-5
and the algorithms presented above comprise a secure pledged
transparency overlay, as de
lists.
3.2.1 a basic formalization for general lists.
we deÔ¨Åne a dynamic list commitment dlc as a collection
‚Ä¢ c ‚Üê com(list) creates the commitment c and 0/1 ‚Üê
checkcom(c, list) checks that c 
""",figures,collect
Chainsaw: Chained Automated Workflow-based Exploit Generation,http://delivery.acm.org/10.1145/2980000/2978380/p641-alhuzali.pdf?ip=129.244.146.30&id=2978380&acc=OPENTOC&key=F82E6B88364EF649%2E7A1E49A63A6E1C24%2E4D4702B0C3E38B35%2E9F04A3A78F7D3B8D&CFID=721586692&CFTOKEN=12068136&__acm__=1487603940_efa8e74bff8f74ab8e305ec92148c462,CCS,2016,Yes,"9 open source applications (myBloggie (2.1.4), scarf beta, DNScript, WeBid (0.5.4), Eve(1.0), schoolmate (1.5.4), geccbblite (0.1), faqforge (1.3.2), webchess (0.9))",Yes,199 first- and second-order injection exploits,,Yes,"""cally evaluate the prevalence
of these Ô¨Çaws on the source code of debian stable (‚Äújessie‚Äù)
and 200 popular open-source projects hosted on github.
moreover, we discuss 64-bit migration vulnerabil
Ånd that integer truncations and signedness
issues induced by 64-bit migration are abundant in both
datasets. for example, the unsigned type size_t alone, which
has a width of 64 bit under lp64, is tr
 and r. sekar. address ob-
fuscation: an eÔ¨Écient approach to combat a broad range
of memory error exploits.
in proc. of usenix security
symposium, 2003.

[6] d. brumley, t. chiueh, r. johnson, h. li

-38-2007.
html, 2007.

[11] free software foundation, inc. warning options - using the
gnu compiler collection (gcc). https://gcc.gnu.org/onlinedocs/
gcc/warning-options.html, visited august 2016.

[1
""",number,dataset,exploits,vulnerabilities,collect
An In-Depth Study of More Than Ten Years of Java Exploitation,https://dl.acm.org/authorize.cfm?key=N14393,CCS,2016,Yes,"87 publicly available Java exploits (Metasploit (22 exploits), Exploit-DB (2), Packet  Storm (5),  from  the security research company Security Explorations (52), and an  online  repository  for  Java  exploits) and associated CVE identifiers",Yes,List of exploits,,Yes,"""f further attacks.

this paper presents a systematic in-depth study of 87 pub-
licly available java exploits found in the wild. by collecting,
minimizing and categorizing those exploits, we identify t
imes designed with security in mind. yet, numerous java
versions were shown to contain far-reaching vulnerabilities,
permitting denial-of-service attacks or even worse allowing
intruders to bypass the
presents a systematic in-depth study of 87 pub-
licly available java exploits found in the wild. by collecting,
minimizing and categorizing those exploits, we identify their
commonalities and root cau
""",exploits,vulnerabilities,collect
Deep Learning with Differential Privacy,https://dl.acm.org/authorize.cfm?key=N14365,CCS,2016,Yes,"The  popular image datasets: MNISTand CIFAR-10",No,\,,Yes,""" results in a wide variety of domains.
often, the training of models requires large, representative
datasets, which may be crowdsourced and contain sensitive
information. the models should not expose 
ential privacy, which provides the an-
alytical framework for our work, has been applied to a large
collection of machine learning tasks that diÔ¨Äered from ours
either in the training mechanism or in
""",dataset,collect
Membership Privacy in MicroRNA-based Studies,https://dl.acm.org/authorize.cfm?key=N14366,CCS,2016,Yes,"The dataset containing more than 1,000 miRNA ex-pression profiles publicly available in the gene expression omnibus (GEO) database under reference GSE6174",No,\,,Yes,"""studies. our results
on real and public microrna expression data demonstrate
that disease-speciÔ¨Åc datasets are especially prone to mem-
bership detection, oÔ¨Äering a true-positive rate of up to 77%
 (e, d)-membership privacy and -diÔ¨Äerential pri-
vacy are equivalent for arbitrary distribution families d, and

Œ≥

d

(1)

thus require the same amount of noise. however, the re-
quired amount o
ancer that represent the groups for which the member-
ship attack was most successful (see fig. 2). figures 4(a)‚Äì
(c) show the auc of the l1 distance and lr attacks, and
the noise-to-mean ratio 1
re
n proceedings of the 25th usenix security
symposium, 2016.

[10] c. dwork. diÔ¨Äerential privacy: a survey of results. in

proceedings of the 5th international conference on
theory and applications of
 gene expression omnibus (geo) [3] or ar-
rayexpress [1] databases. furthermore, this data could be
collected by hacking a healthcare provider server, e.g., a

320hospital server. indeed, healthcare 
""",dataset,families,figures,survey,collect
TaintART: A Practical Multi-level Information-Flow Tracking System for Android RunTime,https://dl.acm.org/authorize.cfm?key=N14367,CCS,2016,Yes,"Test  popular  apps  in  the â€œtop  chartâ€ù  downloaded  from  the Google official market (Google Play) in May 2016, Android Compatibility Test Suite (CTS) in6.0_r5 version",No,\,,Yes,"""ntart system on android 6.0.1 which was re-
leased in december 2015 (android-6.0.1_r1). apps in our
dataset used for the case study are downloaded from the
google oÔ¨Écial market (google play) in may 
lated work

with the rapid growth of mobile users, hackers and
researchers investigated many severe vulnerabilities and pro-
posed mitigation solutions [20, 28, 47, 66, 64, 18, 56, 13, 65,
44, 32, 48,
at runtime, art
will mainly handle dynamic heap management such as ob-
ject allocations and garbage collections. note that although
the original sources of dalvik vm were removed from the
code bases, 
""",dataset,vulnerabilities,collect
Statistical Deobfuscation of Android Applications,https://dl.acm.org/authorize.cfm?key=N14368,CCS,2016,Yes,"1784 non-obfuscated Android applications from F-Droid, one sample from each of the 49 malware families",No,\,,Yes,""".2.2 experiments with malware samples
we randomly selected one sample from each of the 49 mal-
ware families reported in [40]. we used deguard to deob-
fuscate the selected samples and manually inspec
 [14]. mobile develop-
ers tend to rely on a large number of libraries which often
contain security vulnerabilities ‚Äî from personal informa-
tion release [15, 11] to severe man-in-the-middle vulnera
 of neighbors over
the 100 proguard-obfuscated android applications.

proguard-obfuscated apks.

in figures 4 and 5 we show two relevant metrics that re-
veal the dependency structure of the 100 appli
thods
as grouping.

to detect all overrides that occur in a given set of classes,
for each class we collect all of the methods it implements.
then, for each of these methods, we link it with all the
m
""",families,vulnerabilities,figures,collect
Reliable Third-Party Library Detection in Android and its Security Applications,https://dl.acm.org/authorize.cfm?key=N14369,CCS,2016,Yes,"Comprehensive repository of third-party libraries and applications containing 164 libraries of different categories and a total of 2,065 versions, version histories for the top 50 apps of each category on Play between Sep 2015 and July 2016, accumulating to 96,995 packages from 3,590 apps, meta-information, such as app and library release dates, API misuse vulnerabilities",Yes,"360 affected packages from 23 distinct apps with vulnerability of Dropbox SDK versions 1.5.4 and 1.6.1,  394 affected packages from 51 distinct apps with an account hijacking vulnerability, 667 app versions of 296 distinct apps with a cumulative install-base of 3.7bn using ad libs with verified crypto misuse",,Yes,"""of
cryptographic apis in advertising libs, which increases the
host apps‚Äô attack surface, aÔ¨Äects 296 top apps with a cu-
mulative install base of 3.7bn devices according to play. to
the best of ou
e size is only‚âà22 kb.

6.2 library prevalence

we apply libscout with partial matching on our app
dataset to study the prevalence of libraries. in addition, we
automatically extract the root package
-party libraries on android have been shown to be se-
curity and privacy hazards by adding security vulnerabilities
to their host apps or by misusing inherited access rights.
correctly attributing imp
le play service library with

are very-complex and/or oÔ¨Äer a lot of functionality.
5.2 play store crawler and repository

next, we provide an overview of how we selected our
sample applications from
libraries of diÔ¨Äerent categories (ad-
vertising, cloud,..) and a total of 2,065 versions. we then
collected and tracked the version histories for the top 50
apps of each category on play between sep
""",number,dataset,vulnerabilities,crawl,collect
A Systematic Analysis of the Juniper Dual EC Incident,https://dl.acm.org/authorize.cfm?key=N14378,CCS,2016,Yes,"ScreenOS 6.2 PRNG cascade subroutines version 6.2.0r14.0 and 6.2.0r15.0,  Internet-wide scan of all IPv4 addresses on port 500, with various messages sent/recieved with certain criteria",No,\,,Yes,"""s that did
not send a zero and so we estimate that there are about s ‚âà 3103
screenos hosts in our dataset. using data from censys [16] scans
of other ports running https, ssh, and/or telnet manageme
°johns hopkins university,

abstract
in december 2015, juniper networks announced multiple security
vulnerabilities stemming from unauthorized code in screenos, the
operating system for their netscree
is capability is not
an inevitable result of the known attacks on dual ec, but instead
stems from a collection of design choices made by juniper in 2008.
we identiÔ¨Åed a constellation of changes made
""",dataset,vulnerabilities,collect
" Measurement and Analysis ofPrivate Key Sharing in the HTTPS Ecosystem",https://dl.acm.org/authorize.cfm?key=N14381,CCS,2016,Yes," SSL certificates from full IPv4 scans, full IPv4 reverse DNS scans, Route-Views datasets,   CAIDAâ€™s  AS-to-Organization  dataset, WHOIS data ,  3,275,635 self-managed and 1,781,962outsourced leaf certificates",No,\,,Yes,"""ly these techniques to internet-
wide scans of ssl certiÔ¨Åcates, along with a conÔ¨Çuence of
other datasets, to perform the Ô¨Årst large-scale study of key
sharing within the https ecosystem.

our re
pular such hosting provider
could provide access to the private keys for 60% of the do-
mains in the alexa top-1k. moreover, we observe many in-
stances where hosting providers not only gain access to
d to self-managed

certiÔ¨Åcates, and found that third parties are slower to re-
act to large-scale vulnerabilities but eventually react more
thoroughly.

our Ô¨Åndings complement a wide body of work 
Ô¨Åndings in the paper apply to web hosting
services and content delivery networks (cdns), which we
collectively refer to as hosting providers. popular websites
now commonly use hosting providers for 
""",dataset, alexa ,vulnerabilities,collect
Unauthorized origin crossing on mobile platforms: threats and mitigation,http://doi.acm.org/10.1145/2508859.2516727,CCS,2013,No,\,No,(two attacks),,Yes,"""evaluation on the 
implementation  also  shows  that  it  is  both  effective,  stopping  all 
the  exploits  we  found,  and  efficient,  incurring  only  a  negligible 
impact on performance (< 1% o
ses,  which  are 
fundamentally different from those within the browsers. the root 
cause  of  the  vulnerabilities  is  the  absence  of  origin-based 
protection. more specifically, due to missing o
g  on  the 
user‚Äôs device. specifically, in our attack, the adversary uses the 3 
url  arguments  collected  from  his  own  device  to  build  a  url: 
db-<app_id>://1/connect?oauth_token‚Äô&oauth_
""",exploits,vulnerabilities,collect
